issuer_code,series_label,deal_name,vintage_year,months_seasoned,distribution_date,cnl_ratio,net_losses_cum,original_pool_balance
CRVNAP,CRVNAP 2020-P1,Carvana Auto Receivables Trust 2020-P1,2020,1,2021-01-08,0.00010406,42144.00000000,405000000.11000001
CRVNAP,CRVNAP 2020-P1,Carvana Auto Receivables Trust 2020-P1,2020,2,2021-02-08,0.00033203,134474.00000000,405000000.11000001
CRVNAP,CRVNAP 2020-P1,Carvana Auto Receivables Trust 2020-P1,2020,3,2021-03-08,0.00059284,240100.00000000,405000000.11000001
CRVNAP,CRVNAP 2020-P1,Carvana Auto Receivables Trust 2020-P1,2020,4,2021-04-08,0.00109188,442211.00000000,405000000.11000001
CRVNAP,CRVNAP 2020-P1,Carvana Auto Receivables Trust 2020-P1,2020,5,2021-05-10,0.00155215,628622.00000000,405000000.11000001
CRVNAP,CRVNAP 2020-P1,Carvana Auto Receivables Trust 2020-P1,2020,6,2021-06-08,0.00181484,735009.00000000,405000000.11000001
CRVNAP,CRVNAP 2020-P1,Carvana Auto Receivables Trust 2020-P1,2020,7,2021-07-08,0.00187531,759499.00000000,405000000.11000001
CRVNAP,CRVNAP 2020-P1,Carvana Auto Receivables Trust 2020-P1,2020,8,2021-08-09,0.00204699,829030.00000000,405000000.11000001
CRVNAP,CRVNAP 2020-P1,Carvana Auto Receivables Trust 2020-P1,2020,9,2021-09-08,0.00239249,968958.00000000,405000000.11000001
CRVNAP,CRVNAP 2020-P1,Carvana Auto Receivables Trust 2020-P1,2020,10,2021-10-08,0.00303751,1230190.00000000,405000000.11000001
CRVNAP,CRVNAP 2020-P1,Carvana Auto Receivables Trust 2020-P1,2020,11,2021-11-08,0.00305225,1236160.00000000,405000000.11000001
CRVNAP,CRVNAP 2020-P1,Carvana Auto Receivables Trust 2020-P1,2020,12,2021-12-08,0.00337038,1365004.00000000,405000000.11000001
CRVNAP,CRVNAP 2020-P1,Carvana Auto Receivables Trust 2020-P1,2020,13,2022-01-10,0.00391274,1584659.00000000,405000000.11000001
CRVNAP,CRVNAP 2020-P1,Carvana Auto Receivables Trust 2020-P1,2020,14,2022-02-08,0.00413848,1676083.00000000,405000000.11000001
CRVNAP,CRVNAP 2020-P1,Carvana Auto Receivables Trust 2020-P1,2020,15,2022-03-08,0.00450968,1826419.00000000,405000000.11000001
CRVNAP,CRVNAP 2020-P1,Carvana Auto Receivables Trust 2020-P1,2020,16,2022-04-08,0.00496510,2010867.00000000,405000000.11000001
CRVNAP,CRVNAP 2020-P1,Carvana Auto Receivables Trust 2020-P1,2020,17,2022-05-09,0.00522431,2115844.00000000,405000000.11000001
CRVNAP,CRVNAP 2020-P1,Carvana Auto Receivables Trust 2020-P1,2020,18,2022-06-08,0.00505955,2049116.00000000,405000000.11000001
CRVNAP,CRVNAP 2020-P1,Carvana Auto Receivables Trust 2020-P1,2020,19,2022-07-08,0.00517590,2096240.00000000,405000000.11000001
CRVNAP,CRVNAP 2020-P1,Carvana Auto Receivables Trust 2020-P1,2020,20,2022-08-08,0.00542403,2196732.00000000,405000000.11000001
CRVNAP,CRVNAP 2020-P1,Carvana Auto Receivables Trust 2020-P1,2020,21,2022-09-08,0.00591198,2394353.00000000,405000000.11000001
CRVNAP,CRVNAP 2020-P1,Carvana Auto Receivables Trust 2020-P1,2020,22,2022-10-11,0.00648611,2626874.00000000,405000000.11000001
CRVNAP,CRVNAP 2020-P1,Carvana Auto Receivables Trust 2020-P1,2020,23,2022-11-08,0.00693017,2806717.00000000,405000000.11000001
CRVNAP,CRVNAP 2020-P1,Carvana Auto Receivables Trust 2020-P1,2020,24,2022-12-08,0.00732116,2965071.00000000,405000000.11000001
CRVNAP,CRVNAP 2020-P1,Carvana Auto Receivables Trust 2020-P1,2020,25,2023-01-09,0.00774806,3137965.00000000,405000000.11000001
CRVNAP,CRVNAP 2020-P1,Carvana Auto Receivables Trust 2020-P1,2020,26,2023-02-08,0.00767465,3108235.00000000,405000000.11000001
CRVNAP,CRVNAP 2020-P1,Carvana Auto Receivables Trust 2020-P1,2020,27,2023-03-08,0.00800011,3240046.00000000,405000000.11000001
CRVNAP,CRVNAP 2020-P1,Carvana Auto Receivables Trust 2020-P1,2020,28,2023-04-10,0.00865263,3504316.00000000,405000000.11000001
CRVNAP,CRVNAP 2020-P1,Carvana Auto Receivables Trust 2020-P1,2020,29,2023-05-08,0.00885976,3588204.00000000,405000000.11000001
CRVNAP,CRVNAP 2020-P1,Carvana Auto Receivables Trust 2020-P1,2020,30,2023-06-08,0.00903282,3658292.00000000,405000000.11000001
CRVNAP,CRVNAP 2020-P1,Carvana Auto Receivables Trust 2020-P1,2020,31,2023-07-10,0.00905146,3665842.00000000,405000000.11000001
CRVNAP,CRVNAP 2020-P1,Carvana Auto Receivables Trust 2020-P1,2020,32,2023-08-08,0.00931508,3772607.00000000,405000000.11000001
CRVNAP,CRVNAP 2020-P1,Carvana Auto Receivables Trust 2020-P1,2020,33,2023-09-08,0.00982027,3977210.00000000,405000000.11000001
CRVNAP,CRVNAP 2020-P1,Carvana Auto Receivables Trust 2020-P1,2020,34,2023-10-10,0.01000553,4052239.00000000,405000000.11000001
CRVNAP,CRVNAP 2020-P1,Carvana Auto Receivables Trust 2020-P1,2020,35,2023-11-08,0.01016043,4114976.00000000,405000000.11000001
CRVNAP,CRVNAP 2020-P1,Carvana Auto Receivables Trust 2020-P1,2020,36,2023-12-08,0.01081307,4379294.00000000,405000000.11000001
CRVNAP,CRVNAP 2020-P1,Carvana Auto Receivables Trust 2020-P1,2020,37,2024-01-08,0.01151905,4665217.00000000,405000000.11000001
CRVNAP,CRVNAP 2020-P1,Carvana Auto Receivables Trust 2020-P1,2020,38,2024-02-08,0.01184255,4796234.00000000,405000000.11000001
CRVNAP,CRVNAP 2020-P1,Carvana Auto Receivables Trust 2020-P1,2020,39,2024-03-08,0.01179400,4776569.00000000,405000000.11000001
CRVNAP,CRVNAP 2020-P1,Carvana Auto Receivables Trust 2020-P1,2020,40,2024-04-08,0.01190397,4821108.00000000,405000000.11000001
CRVNAP,CRVNAP 2020-P1,Carvana Auto Receivables Trust 2020-P1,2020,41,2024-05-08,0.01194287,4836861.00000000,405000000.11000001
CRVNAP,CRVNAP 2020-P1,Carvana Auto Receivables Trust 2020-P1,2020,42,2024-06-10,0.01199426,4857675.00000000,405000000.11000001
CRVNAP,CRVNAP 2020-P1,Carvana Auto Receivables Trust 2020-P1,2020,43,2024-07-08,0.01224372,4958707.00000000,405000000.11000001
CRVNAP,CRVNAP 2020-P1,Carvana Auto Receivables Trust 2020-P1,2020,44,2024-08-08,0.01262856,5114568.00000000,405000000.11000001
CRVNAP,CRVNAP 2020-P1,Carvana Auto Receivables Trust 2020-P1,2020,45,2024-09-09,0.01287994,5216374.00000000,405000000.11000001
CRVNAP,CRVNAP 2020-P1,Carvana Auto Receivables Trust 2020-P1,2020,46,2024-10-08,0.01322113,5354559.00000000,405000000.11000001
CRVNAP,CRVNAP 2020-P1,Carvana Auto Receivables Trust 2020-P1,2020,47,2024-11-08,0.01348827,5462750.00000000,405000000.11000001
CRVNAP,CRVNAP 2020-P1,Carvana Auto Receivables Trust 2020-P1,2020,48,2024-12-09,0.01372388,5558170.00000000,405000000.11000001
CRVNAP,CRVNAP 2020-P1,Carvana Auto Receivables Trust 2020-P1,2020,49,2025-01-08,0.01400518,5672098.00000000,405000000.11000001
CRVNAP,CRVNAP 2020-P1,Carvana Auto Receivables Trust 2020-P1,2020,50,2025-02-10,0.01435322,5813056.00000000,405000000.11000001
CRVNAP,CRVNAP 2020-P1,Carvana Auto Receivables Trust 2020-P1,2020,51,2025-03-10,0.01448568,5866700.00000000,405000000.11000001
CRVNAP,CRVNAP 2020-P1,Carvana Auto Receivables Trust 2020-P1,2020,52,2025-04-08,0.01463576,5927482.00000000,405000000.11000001
CRVNAP,CRVNAP 2020-P1,Carvana Auto Receivables Trust 2020-P1,2020,53,2025-05-08,0.01487574,6024675.00000000,405000000.11000001
CRVNAP,CRVNAP 2020-P1,Carvana Auto Receivables Trust 2020-P1,2020,54,2025-06-09,0.01494367,6052187.00000000,405000000.11000001
CRVNAP,CRVNAP 2020-P1,Carvana Auto Receivables Trust 2020-P1,2020,55,2025-07-08,0.01507191,6104124.00000000,405000000.11000001
CRVNAP,CRVNAP 2020-P1,Carvana Auto Receivables Trust 2020-P1,2020,56,2025-08-08,0.01519046,6152138.00000000,405000000.11000001
CRVNAP,CRVNAP 2020-P1,Carvana Auto Receivables Trust 2020-P1,2020,57,2025-09-08,0.01512745,6126616.00000000,405000000.11000001
CRVNAP,CRVNAP 2020-P1,Carvana Auto Receivables Trust 2020-P1,2020,58,2025-10-08,0.01525278,6177375.00000000,405000000.11000001
CRVNAP,CRVNAP 2020-P1,Carvana Auto Receivables Trust 2020-P1,2020,59,2025-11-10,0.01533232,6209590.00000000,405000000.11000001
CRVNAP,CRVNAP 2020-P1,Carvana Auto Receivables Trust 2020-P1,2020,60,2025-12-08,0.01537923,6228590.00000000,405000000.11000001
CRVNAP,CRVNAP 2021-P2,Carvana Auto Receivables Trust 2021-P2,2021,1,2021-07-12,0.00002565,19876.00000000,775000002.49000001
CRVNAP,CRVNAP 2021-P1,Carvana Auto Receivables Trust 2021-P1,2021,1,2021-04-12,0.00004597,19078.00000000,415000001.42000002
CRVNAP,CRVNAP 2021-P4,Carvana Auto Receivables Trust 2021-P4,2021,1,2022-01-10,0.00001232,13002.00000000,1055000000.78999996
CRVNAP,CRVNAP 2021-P3,Carvana Auto Receivables Trust 2021-P3,2021,1,2021-10-12,0.00000031,325.00000000,1035000000.41999996
CRVNAP,CRVNAP 2021-P3,Carvana Auto Receivables Trust 2021-P3,2021,2,2021-11-10,0.00008808,91163.00000000,1035000000.41999996
CRVNAP,CRVNAP 2021-P4,Carvana Auto Receivables Trust 2021-P4,2021,2,2022-02-10,0.00013488,142301.00000000,1055000000.78999996
CRVNAP,CRVNAP 2021-P2,Carvana Auto Receivables Trust 2021-P2,2021,2,2021-08-10,0.00009309,72148.00000000,775000002.49000001
CRVNAP,CRVNAP 2021-P1,Carvana Auto Receivables Trust 2021-P1,2021,2,2021-05-10,0.00004453,18482.00000000,415000001.42000002
CRVNAP,CRVNAP 2021-P3,Carvana Auto Receivables Trust 2021-P3,2021,3,2021-12-10,0.00028225,292124.00000000,1035000000.41999996
CRVNAP,CRVNAP 2021-P1,Carvana Auto Receivables Trust 2021-P1,2021,3,2021-06-10,0.00018496,76757.00000000,415000001.42000002
CRVNAP,CRVNAP 2021-P4,Carvana Auto Receivables Trust 2021-P4,2021,3,2022-03-10,0.00019090,201397.00000000,1055000000.78999996
CRVNAP,CRVNAP 2021-P2,Carvana Auto Receivables Trust 2021-P2,2021,3,2021-09-10,0.00021428,166067.00000000,775000002.49000001
CRVNAP,CRVNAP 2021-P1,Carvana Auto Receivables Trust 2021-P1,2021,4,2021-07-12,0.00051073,211952.00000000,415000001.42000002
CRVNAP,CRVNAP 2021-P2,Carvana Auto Receivables Trust 2021-P2,2021,4,2021-10-12,0.00045341,351393.00000000,775000002.49000001
CRVNAP,CRVNAP 2021-P3,Carvana Auto Receivables Trust 2021-P3,2021,4,2022-01-10,0.00057194,591959.00000000,1035000000.41999996
CRVNAP,CRVNAP 2021-P4,Carvana Auto Receivables Trust 2021-P4,2021,4,2022-04-11,0.00077604,818723.00000000,1055000000.78999996
CRVNAP,CRVNAP 2021-P4,Carvana Auto Receivables Trust 2021-P4,2021,5,2022-05-10,0.00133542,1408865.00000000,1055000000.78999996
CRVNAP,CRVNAP 2021-P3,Carvana Auto Receivables Trust 2021-P3,2021,5,2022-02-10,0.00097359,1007668.00000000,1035000000.41999996
CRVNAP,CRVNAP 2021-P2,Carvana Auto Receivables Trust 2021-P2,2021,5,2021-11-10,0.00096450,747488.00000000,775000002.49000001
CRVNAP,CRVNAP 2021-P1,Carvana Auto Receivables Trust 2021-P1,2021,5,2021-08-10,0.00069749,289460.00000000,415000001.42000002
CRVNAP,CRVNAP 2021-P3,Carvana Auto Receivables Trust 2021-P3,2021,6,2022-03-10,0.00147781,1529534.00000000,1035000000.41999996
CRVNAP,CRVNAP 2021-P1,Carvana Auto Receivables Trust 2021-P1,2021,6,2021-09-10,0.00111274,461789.00000000,415000001.42000002
CRVNAP,CRVNAP 2021-P4,Carvana Auto Receivables Trust 2021-P4,2021,6,2022-06-10,0.00173108,1826288.00000000,1055000000.78999996
CRVNAP,CRVNAP 2021-P2,Carvana Auto Receivables Trust 2021-P2,2021,6,2021-12-10,0.00118806,920743.00000000,775000002.49000001
CRVNAP,CRVNAP 2021-P3,Carvana Auto Receivables Trust 2021-P3,2021,7,2022-04-11,0.00174059,1801511.00000000,1035000000.41999996
CRVNAP,CRVNAP 2021-P1,Carvana Auto Receivables Trust 2021-P1,2021,7,2021-10-12,0.00121423,503904.00000000,415000001.42000002
CRVNAP,CRVNAP 2021-P2,Carvana Auto Receivables Trust 2021-P2,2021,7,2022-01-10,0.00171440,1328660.00000000,775000002.49000001
CRVNAP,CRVNAP 2021-P4,Carvana Auto Receivables Trust 2021-P4,2021,7,2022-07-11,0.00213542,2252866.00000000,1055000000.78999996
CRVNAP,CRVNAP 2021-P4,Carvana Auto Receivables Trust 2021-P4,2021,8,2022-08-10,0.00262604,2770477.00000000,1055000000.78999996
CRVNAP,CRVNAP 2021-P2,Carvana Auto Receivables Trust 2021-P2,2021,8,2022-02-10,0.00181380,1405698.00000000,775000002.49000001
CRVNAP,CRVNAP 2021-P3,Carvana Auto Receivables Trust 2021-P3,2021,8,2022-05-10,0.00198560,2055091.00000000,1035000000.41999996
CRVNAP,CRVNAP 2021-P1,Carvana Auto Receivables Trust 2021-P1,2021,8,2021-11-10,0.00176958,734375.00000000,415000001.42000002
CRVNAP,CRVNAP 2021-P4,Carvana Auto Receivables Trust 2021-P4,2021,9,2022-09-12,0.00292941,3090528.00000000,1055000000.78999996
CRVNAP,CRVNAP 2021-P3,Carvana Auto Receivables Trust 2021-P3,2021,9,2022-06-10,0.00235671,2439194.00000000,1035000000.41999996
CRVNAP,CRVNAP 2021-P2,Carvana Auto Receivables Trust 2021-P2,2021,9,2022-03-10,0.00207614,1609010.00000000,775000002.49000001
CRVNAP,CRVNAP 2021-P1,Carvana Auto Receivables Trust 2021-P1,2021,9,2021-12-10,0.00202476,840277.00000000,415000001.42000002
CRVNAP,CRVNAP 2021-P1,Carvana Auto Receivables Trust 2021-P1,2021,10,2022-01-10,0.00238227,988641.00000000,415000001.42000002
CRVNAP,CRVNAP 2021-P2,Carvana Auto Receivables Trust 2021-P2,2021,10,2022-04-11,0.00238720,1850079.00000000,775000002.49000001
CRVNAP,CRVNAP 2021-P3,Carvana Auto Receivables Trust 2021-P3,2021,10,2022-07-11,0.00260176,2692824.00000000,1035000000.41999996
CRVNAP,CRVNAP 2021-P4,Carvana Auto Receivables Trust 2021-P4,2021,10,2022-10-11,0.00329375,3474902.00000000,1055000000.78999996
CRVNAP,CRVNAP 2021-P4,Carvana Auto Receivables Trust 2021-P4,2021,11,2022-11-10,0.00381978,4029869.00000000,1055000000.78999996
CRVNAP,CRVNAP 2021-P1,Carvana Auto Receivables Trust 2021-P1,2021,11,2022-02-10,0.00286254,1187956.00000000,415000001.42000002
CRVNAP,CRVNAP 2021-P2,Carvana Auto Receivables Trust 2021-P2,2021,11,2022-05-10,0.00268475,2080682.00000000,775000002.49000001
CRVNAP,CRVNAP 2021-P3,Carvana Auto Receivables Trust 2021-P3,2021,11,2022-08-10,0.00293685,3039636.00000000,1035000000.41999996
CRVNAP,CRVNAP 2021-P2,Carvana Auto Receivables Trust 2021-P2,2021,12,2022-06-10,0.00271731,2105917.00000000,775000002.49000001
CRVNAP,CRVNAP 2021-P1,Carvana Auto Receivables Trust 2021-P1,2021,12,2022-03-10,0.00316605,1313911.00000000,415000001.42000002
CRVNAP,CRVNAP 2021-P4,Carvana Auto Receivables Trust 2021-P4,2021,12,2022-12-12,0.00431041,4547478.00000000,1055000000.78999996
CRVNAP,CRVNAP 2021-P3,Carvana Auto Receivables Trust 2021-P3,2021,12,2022-09-12,0.00353353,3657202.00000000,1035000000.41999996
CRVNAP,CRVNAP 2021-P4,Carvana Auto Receivables Trust 2021-P4,2021,13,2023-01-10,0.00485108,5117886.00000000,1055000000.78999996
CRVNAP,CRVNAP 2021-P2,Carvana Auto Receivables Trust 2021-P2,2021,13,2022-07-11,0.00307857,2385889.00000000,775000002.49000001
CRVNAP,CRVNAP 2021-P3,Carvana Auto Receivables Trust 2021-P3,2021,13,2022-10-11,0.00405639,4198363.00000000,1035000000.41999996
CRVNAP,CRVNAP 2021-P1,Carvana Auto Receivables Trust 2021-P1,2021,13,2022-04-11,0.00325322,1350085.00000000,415000001.42000002
CRVNAP,CRVNAP 2021-P4,Carvana Auto Receivables Trust 2021-P4,2021,14,2023-02-10,0.00520280,5488959.00000000,1055000000.78999996
CRVNAP,CRVNAP 2021-P3,Carvana Auto Receivables Trust 2021-P3,2021,14,2022-11-10,0.00460294,4764042.00000000,1035000000.41999996
CRVNAP,CRVNAP 2021-P2,Carvana Auto Receivables Trust 2021-P2,2021,14,2022-08-10,0.00332947,2580342.00000000,775000002.49000001
CRVNAP,CRVNAP 2021-P1,Carvana Auto Receivables Trust 2021-P1,2021,14,2022-05-10,0.00366036,1519050.00000000,415000001.42000002
CRVNAP,CRVNAP 2021-P4,Carvana Auto Receivables Trust 2021-P4,2021,15,2023-03-10,0.00561344,5922174.00000000,1055000000.78999996
CRVNAP,CRVNAP 2021-P3,Carvana Auto Receivables Trust 2021-P3,2021,15,2022-12-12,0.00532314,5509447.00000000,1035000000.41999996
CRVNAP,CRVNAP 2021-P1,Carvana Auto Receivables Trust 2021-P1,2021,15,2022-06-10,0.00367977,1527106.00000000,415000001.42000002
CRVNAP,CRVNAP 2021-P2,Carvana Auto Receivables Trust 2021-P2,2021,15,2022-09-12,0.00380469,2948638.00000000,775000002.49000001
CRVNAP,CRVNAP 2021-P4,Carvana Auto Receivables Trust 2021-P4,2021,16,2023-04-10,0.00617200,6511463.00000000,1055000000.78999996
CRVNAP,CRVNAP 2021-P1,Carvana Auto Receivables Trust 2021-P1,2021,16,2022-07-11,0.00368539,1529438.00000000,415000001.42000002
CRVNAP,CRVNAP 2021-P2,Carvana Auto Receivables Trust 2021-P2,2021,16,2022-10-11,0.00430450,3335987.00000000,775000002.49000001
CRVNAP,CRVNAP 2021-P3,Carvana Auto Receivables Trust 2021-P3,2021,16,2023-01-10,0.00610597,6319677.00000000,1035000000.41999996
CRVNAP,CRVNAP 2021-P4,Carvana Auto Receivables Trust 2021-P4,2021,17,2023-05-10,0.00677359,7146138.00000000,1055000000.78999996
CRVNAP,CRVNAP 2021-P3,Carvana Auto Receivables Trust 2021-P3,2021,17,2023-02-10,0.00630732,6528074.00000000,1035000000.41999996
CRVNAP,CRVNAP 2021-P2,Carvana Auto Receivables Trust 2021-P2,2021,17,2022-11-10,0.00469580,3639245.00000000,775000002.49000001
CRVNAP,CRVNAP 2021-P1,Carvana Auto Receivables Trust 2021-P1,2021,17,2022-08-10,0.00453819,1883350.00000000,415000001.42000002
CRVNAP,CRVNAP 2021-P1,Carvana Auto Receivables Trust 2021-P1,2021,18,2022-09-12,0.00515821,2140659.00000000,415000001.42000002
CRVNAP,CRVNAP 2021-P2,Carvana Auto Receivables Trust 2021-P2,2021,18,2022-12-12,0.00538996,4177216.00000000,775000002.49000001
CRVNAP,CRVNAP 2021-P3,Carvana Auto Receivables Trust 2021-P3,2021,18,2023-03-10,0.00677384,7010924.00000000,1035000000.41999996
CRVNAP,CRVNAP 2021-P4,Carvana Auto Receivables Trust 2021-P4,2021,18,2023-06-12,0.00725521,7654248.00000000,1055000000.78999996
CRVNAP,CRVNAP 2021-P4,Carvana Auto Receivables Trust 2021-P4,2021,19,2023-07-10,0.00793112,8367334.00000000,1055000000.78999996
CRVNAP,CRVNAP 2021-P2,Carvana Auto Receivables Trust 2021-P2,2021,19,2023-01-10,0.00579765,4493181.00000000,775000002.49000001
CRVNAP,CRVNAP 2021-P3,Carvana Auto Receivables Trust 2021-P3,2021,19,2023-04-10,0.00718544,7436926.00000000,1035000000.41999996
CRVNAP,CRVNAP 2021-P1,Carvana Auto Receivables Trust 2021-P1,2021,19,2022-10-11,0.00540102,2241425.00000000,415000001.42000002
CRVNAP,CRVNAP 2021-P2,Carvana Auto Receivables Trust 2021-P2,2021,20,2023-02-10,0.00616975,4781560.00000000,775000002.49000001
CRVNAP,CRVNAP 2021-P1,Carvana Auto Receivables Trust 2021-P1,2021,20,2022-11-10,0.00552315,2292108.00000000,415000001.42000002
CRVNAP,CRVNAP 2021-P4,Carvana Auto Receivables Trust 2021-P4,2021,20,2023-08-10,0.00860563,9078943.00000000,1055000000.78999996
CRVNAP,CRVNAP 2021-P3,Carvana Auto Receivables Trust 2021-P3,2021,20,2023-05-10,0.00756868,7833587.00000000,1035000000.41999996
CRVNAP,CRVNAP 2021-P1,Carvana Auto Receivables Trust 2021-P1,2021,21,2022-12-12,0.00578760,2401855.00000000,415000001.42000002
CRVNAP,CRVNAP 2021-P4,Carvana Auto Receivables Trust 2021-P4,2021,21,2023-09-11,0.00959129,10118809.00000000,1055000000.78999996
CRVNAP,CRVNAP 2021-P3,Carvana Auto Receivables Trust 2021-P3,2021,21,2023-06-12,0.00800251,8282598.00000000,1035000000.41999996
CRVNAP,CRVNAP 2021-P2,Carvana Auto Receivables Trust 2021-P2,2021,21,2023-03-10,0.00676231,5240794.00000000,775000002.49000001
CRVNAP,CRVNAP 2021-P4,Carvana Auto Receivables Trust 2021-P4,2021,22,2023-10-10,0.01004883,10601512.00000000,1055000000.78999996
CRVNAP,CRVNAP 2021-P3,Carvana Auto Receivables Trust 2021-P3,2021,22,2023-07-10,0.00863841,8940758.00000000,1035000000.41999996
CRVNAP,CRVNAP 2021-P1,Carvana Auto Receivables Trust 2021-P1,2021,22,2023-01-10,0.00624138,2590174.00000000,415000001.42000002
CRVNAP,CRVNAP 2021-P2,Carvana Auto Receivables Trust 2021-P2,2021,22,2023-04-10,0.00736047,5704363.00000000,775000002.49000001
CRVNAP,CRVNAP 2021-P1,Carvana Auto Receivables Trust 2021-P1,2021,23,2023-02-10,0.00653680,2712770.00000000,415000001.42000002
CRVNAP,CRVNAP 2021-P2,Carvana Auto Receivables Trust 2021-P2,2021,23,2023-05-10,0.00775426,6009551.00000000,775000002.49000001
CRVNAP,CRVNAP 2021-P3,Carvana Auto Receivables Trust 2021-P3,2021,23,2023-08-10,0.00922888,9551890.00000000,1035000000.41999996
CRVNAP,CRVNAP 2021-P4,Carvana Auto Receivables Trust 2021-P4,2021,23,2023-11-10,0.01078433,11377467.00000000,1055000000.78999996
CRVNAP,CRVNAP 2021-P1,Carvana Auto Receivables Trust 2021-P1,2021,24,2023-03-10,0.00668067,2772477.00000000,415000001.42000002
CRVNAP,CRVNAP 2021-P2,Carvana Auto Receivables Trust 2021-P2,2021,24,2023-06-12,0.00790250,6124439.00000000,775000002.49000001
CRVNAP,CRVNAP 2021-P3,Carvana Auto Receivables Trust 2021-P3,2021,24,2023-09-11,0.00985114,10195933.00000000,1035000000.41999996
CRVNAP,CRVNAP 2021-P4,Carvana Auto Receivables Trust 2021-P4,2021,24,2023-12-11,0.01135881,11983542.00000000,1055000000.78999996
CRVNAP,CRVNAP 2021-P1,Carvana Auto Receivables Trust 2021-P1,2021,25,2023-04-10,0.00713851,2962481.00000000,415000001.42000002
CRVNAP,CRVNAP 2021-P4,Carvana Auto Receivables Trust 2021-P4,2021,25,2024-01-10,0.01207000,12733850.00000000,1055000000.78999996
CRVNAP,CRVNAP 2021-P2,Carvana Auto Receivables Trust 2021-P2,2021,25,2023-07-10,0.00842762,6531408.00000000,775000002.49000001
CRVNAP,CRVNAP 2021-P4,Carvana Auto Receivables Trust 2021-P4,2021,26,2024-02-12,0.01297182,13685268.00000000,1055000000.78999996
CRVNAP,CRVNAP 2021-P1,Carvana Auto Receivables Trust 2021-P1,2021,26,2023-05-10,0.00767913,3186841.00000000,415000001.42000002
CRVNAP,CRVNAP 2021-P2,Carvana Auto Receivables Trust 2021-P2,2021,26,2023-08-10,0.00861370,6675615.00000000,775000002.49000001
CRVNAP,CRVNAP 2021-P3,Carvana Auto Receivables Trust 2021-P3,2021,26,2023-11-10,0.01131331,11709275.00000000,1035000000.41999996
CRVNAP,CRVNAP 2021-P3,Carvana Auto Receivables Trust 2021-P3,2021,27,2023-12-11,0.01213320,12557864.00000000,1035000000.41999996
CRVNAP,CRVNAP 2021-P1,Carvana Auto Receivables Trust 2021-P1,2021,27,2023-06-12,0.00796719,3306385.00000000,415000001.42000002
CRVNAP,CRVNAP 2021-P2,Carvana Auto Receivables Trust 2021-P2,2021,27,2023-09-11,0.00908183,7038418.00000000,775000002.49000001
CRVNAP,CRVNAP 2021-P4,Carvana Auto Receivables Trust 2021-P4,2021,27,2024-03-11,0.01344742,14187023.00000000,1055000000.78999996
CRVNAP,CRVNAP 2021-P3,Carvana Auto Receivables Trust 2021-P3,2021,28,2024-01-10,0.01260303,13044133.00000000,1035000000.41999996
CRVNAP,CRVNAP 2021-P4,Carvana Auto Receivables Trust 2021-P4,2021,28,2024-04-10,0.01409906,14874506.00000000,1055000000.78999996
CRVNAP,CRVNAP 2021-P2,Carvana Auto Receivables Trust 2021-P2,2021,28,2023-10-10,0.00961333,7450333.00000000,775000002.49000001
CRVNAP,CRVNAP 2021-P1,Carvana Auto Receivables Trust 2021-P1,2021,28,2023-07-10,0.00825587,3426184.00000000,415000001.42000002
CRVNAP,CRVNAP 2021-P1,Carvana Auto Receivables Trust 2021-P1,2021,29,2023-08-10,0.00870900,3614236.00000000,415000001.42000002
CRVNAP,CRVNAP 2021-P2,Carvana Auto Receivables Trust 2021-P2,2021,29,2023-11-10,0.00997879,7733565.00000000,775000002.49000001
CRVNAP,CRVNAP 2021-P3,Carvana Auto Receivables Trust 2021-P3,2021,29,2024-02-12,0.01340570,13874902.00000000,1035000000.41999996
CRVNAP,CRVNAP 2021-P4,Carvana Auto Receivables Trust 2021-P4,2021,29,2024-05-10,0.01444085,15235094.00000000,1055000000.78999996
CRVNAP,CRVNAP 2021-P4,Carvana Auto Receivables Trust 2021-P4,2021,30,2024-06-10,0.01481006,15624613.00000000,1055000000.78999996
CRVNAP,CRVNAP 2021-P3,Carvana Auto Receivables Trust 2021-P3,2021,30,2024-03-11,0.01363017,14107228.00000000,1035000000.41999996
CRVNAP,CRVNAP 2021-P2,Carvana Auto Receivables Trust 2021-P2,2021,30,2023-12-11,0.01046005,8106541.00000000,775000002.49000001
CRVNAP,CRVNAP 2021-P1,Carvana Auto Receivables Trust 2021-P1,2021,30,2023-09-11,0.00913072,3789249.00000000,415000001.42000002
CRVNAP,CRVNAP 2021-P4,Carvana Auto Receivables Trust 2021-P4,2021,31,2024-07-10,0.01516320,15997174.00000000,1055000000.78999996
CRVNAP,CRVNAP 2021-P3,Carvana Auto Receivables Trust 2021-P3,2021,31,2024-04-10,0.01402334,14514158.00000000,1035000000.41999996
CRVNAP,CRVNAP 2021-P1,Carvana Auto Receivables Trust 2021-P1,2021,31,2023-10-10,0.00949460,3940258.00000000,415000001.42000002
CRVNAP,CRVNAP 2021-P2,Carvana Auto Receivables Trust 2021-P2,2021,31,2024-01-10,0.01083174,8394597.00000000,775000002.49000001
CRVNAP,CRVNAP 2021-P4,Carvana Auto Receivables Trust 2021-P4,2021,32,2024-08-12,0.01586681,16739487.00000000,1055000000.78999996
CRVNAP,CRVNAP 2021-P3,Carvana Auto Receivables Trust 2021-P3,2021,32,2024-05-10,0.01456644,15076266.00000000,1035000000.41999996
CRVNAP,CRVNAP 2021-P1,Carvana Auto Receivables Trust 2021-P1,2021,32,2023-11-10,0.01017879,4224199.00000000,415000001.42000002
CRVNAP,CRVNAP 2021-P2,Carvana Auto Receivables Trust 2021-P2,2021,32,2024-02-12,0.01130956,8764909.00000000,775000002.49000001
CRVNAP,CRVNAP 2021-P1,Carvana Auto Receivables Trust 2021-P1,2021,33,2023-12-11,0.01044677,4335410.00000000,415000001.42000002
CRVNAP,CRVNAP 2021-P2,Carvana Auto Receivables Trust 2021-P2,2021,33,2024-03-11,0.01140619,8839796.00000000,775000002.49000001
CRVNAP,CRVNAP 2021-P3,Carvana Auto Receivables Trust 2021-P3,2021,33,2024-06-10,0.01515779,15688312.00000000,1035000000.41999996
CRVNAP,CRVNAP 2021-P4,Carvana Auto Receivables Trust 2021-P4,2021,33,2024-09-10,0.01693571,17867174.00000000,1055000000.78999996
CRVNAP,CRVNAP 2021-P1,Carvana Auto Receivables Trust 2021-P1,2021,34,2024-01-10,0.01085741,4505826.00000000,415000001.42000002
CRVNAP,CRVNAP 2021-P2,Carvana Auto Receivables Trust 2021-P2,2021,34,2024-04-10,0.01180336,9147601.00000000,775000002.49000001
CRVNAP,CRVNAP 2021-P3,Carvana Auto Receivables Trust 2021-P3,2021,34,2024-07-10,0.01572133,16271575.00000000,1035000000.41999996
CRVNAP,CRVNAP 2021-P4,Carvana Auto Receivables Trust 2021-P4,2021,34,2024-10-10,0.01761715,18586088.00000000,1055000000.78999996
CRVNAP,CRVNAP 2021-P2,Carvana Auto Receivables Trust 2021-P2,2021,35,2024-05-10,0.01193773,9251740.00000000,775000002.49000001
CRVNAP,CRVNAP 2021-P1,Carvana Auto Receivables Trust 2021-P1,2021,35,2024-02-12,0.01099645,4563526.00000000,415000001.42000002
CRVNAP,CRVNAP 2021-P3,Carvana Auto Receivables Trust 2021-P3,2021,35,2024-08-12,0.01617127,16737266.00000000,1035000000.41999996
CRVNAP,CRVNAP 2021-P4,Carvana Auto Receivables Trust 2021-P4,2021,35,2024-11-12,0.01833488,19343303.00000000,1055000000.78999996
CRVNAP,CRVNAP 2021-P2,Carvana Auto Receivables Trust 2021-P2,2021,36,2024-06-10,0.01218310,9441899.00000000,775000002.49000001
CRVNAP,CRVNAP 2021-P1,Carvana Auto Receivables Trust 2021-P1,2021,36,2024-03-11,0.01122566,4658649.00000000,415000001.42000002
CRVNAP,CRVNAP 2021-P4,Carvana Auto Receivables Trust 2021-P4,2021,36,2024-12-10,0.01908208,20131592.00000000,1055000000.78999996
CRVNAP,CRVNAP 2021-P3,Carvana Auto Receivables Trust 2021-P3,2021,36,2024-09-10,0.01690401,17495652.00000000,1035000000.41999996
CRVNAP,CRVNAP 2021-P2,Carvana Auto Receivables Trust 2021-P2,2021,37,2024-07-10,0.01228129,9517997.00000000,775000002.49000001
CRVNAP,CRVNAP 2021-P1,Carvana Auto Receivables Trust 2021-P1,2021,37,2024-04-10,0.01125402,4670418.00000000,415000001.42000002
CRVNAP,CRVNAP 2021-P3,Carvana Auto Receivables Trust 2021-P3,2021,37,2024-10-10,0.01733621,17942975.00000000,1035000000.41999996
CRVNAP,CRVNAP 2021-P4,Carvana Auto Receivables Trust 2021-P4,2021,37,2025-01-10,0.01954011,20614819.00000000,1055000000.78999996
CRVNAP,CRVNAP 2021-P3,Carvana Auto Receivables Trust 2021-P3,2021,38,2024-11-12,0.01803786,18669182.00000000,1035000000.41999996
CRVNAP,CRVNAP 2021-P1,Carvana Auto Receivables Trust 2021-P1,2021,38,2024-05-10,0.01143591,4745902.00000000,415000001.42000002
CRVNAP,CRVNAP 2021-P4,Carvana Auto Receivables Trust 2021-P4,2021,38,2025-02-10,0.02007474,21178847.00000000,1055000000.78999996
CRVNAP,CRVNAP 2021-P2,Carvana Auto Receivables Trust 2021-P2,2021,38,2024-08-12,0.01284426,9954299.00000000,775000002.49000001
CRVNAP,CRVNAP 2021-P3,Carvana Auto Receivables Trust 2021-P3,2021,39,2024-12-10,0.01854002,19188921.00000000,1035000000.41999996
CRVNAP,CRVNAP 2021-P4,Carvana Auto Receivables Trust 2021-P4,2021,39,2025-03-10,0.02069851,21836931.00000000,1055000000.78999996
CRVNAP,CRVNAP 2021-P2,Carvana Auto Receivables Trust 2021-P2,2021,39,2024-09-10,0.01313004,10175782.00000000,775000002.49000001
CRVNAP,CRVNAP 2021-P1,Carvana Auto Receivables Trust 2021-P1,2021,39,2024-06-10,0.01162045,4822488.00000000,415000001.42000002
CRVNAP,CRVNAP 2021-P1,Carvana Auto Receivables Trust 2021-P1,2021,40,2024-07-10,0.01201815,4987534.00000000,415000001.42000002
CRVNAP,CRVNAP 2021-P2,Carvana Auto Receivables Trust 2021-P2,2021,40,2024-10-10,0.01340028,10385216.00000000,775000002.49000001
CRVNAP,CRVNAP 2021-P3,Carvana Auto Receivables Trust 2021-P3,2021,40,2025-01-10,0.01901614,19681706.00000000,1035000000.41999996
CRVNAP,CRVNAP 2021-P4,Carvana Auto Receivables Trust 2021-P4,2021,40,2025-04-10,0.02131891,22491447.00000000,1055000000.78999996
CRVNAP,CRVNAP 2021-P3,Carvana Auto Receivables Trust 2021-P3,2021,41,2025-02-10,0.01969697,20386360.00000000,1035000000.41999996
CRVNAP,CRVNAP 2021-P1,Carvana Auto Receivables Trust 2021-P1,2021,41,2024-08-12,0.01234398,5122751.00000000,415000001.42000002
CRVNAP,CRVNAP 2021-P4,Carvana Auto Receivables Trust 2021-P4,2021,41,2025-05-12,0.02179898,22997926.00000000,1055000000.78999996
CRVNAP,CRVNAP 2021-P2,Carvana Auto Receivables Trust 2021-P2,2021,41,2024-11-12,0.01389394,10767803.00000000,775000002.49000001
CRVNAP,CRVNAP 2021-P3,Carvana Auto Receivables Trust 2021-P3,2021,42,2025-03-10,0.02018405,20890494.00000000,1035000000.41999996
CRVNAP,CRVNAP 2021-P4,Carvana Auto Receivables Trust 2021-P4,2021,42,2025-06-10,0.02227624,23501437.00000000,1055000000.78999996
CRVNAP,CRVNAP 2021-P1,Carvana Auto Receivables Trust 2021-P1,2021,42,2024-09-10,0.01277475,5301523.00000000,415000001.42000002
CRVNAP,CRVNAP 2021-P2,Carvana Auto Receivables Trust 2021-P2,2021,42,2024-12-10,0.01421586,11017290.00000000,775000002.49000001
CRVNAP,CRVNAP 2021-P1,Carvana Auto Receivables Trust 2021-P1,2021,43,2024-10-10,0.01297651,5385252.00000000,415000001.42000002
CRVNAP,CRVNAP 2021-P2,Carvana Auto Receivables Trust 2021-P2,2021,43,2025-01-10,0.01473163,11417010.00000000,775000002.49000001
CRVNAP,CRVNAP 2021-P3,Carvana Auto Receivables Trust 2021-P3,2021,43,2025-04-10,0.02071557,21440616.00000000,1035000000.41999996
CRVNAP,CRVNAP 2021-P4,Carvana Auto Receivables Trust 2021-P4,2021,43,2025-07-10,0.02248751,23724325.00000000,1055000000.78999996
CRVNAP,CRVNAP 2021-P4,Carvana Auto Receivables Trust 2021-P4,2021,44,2025-08-11,0.02304982,24317562.00000000,1055000000.78999996
CRVNAP,CRVNAP 2021-P3,Carvana Auto Receivables Trust 2021-P3,2021,44,2025-05-12,0.02104591,21782522.00000000,1035000000.41999996
CRVNAP,CRVNAP 2021-P2,Carvana Auto Receivables Trust 2021-P2,2021,44,2025-02-10,0.01511925,11717420.00000000,775000002.49000001
CRVNAP,CRVNAP 2021-P1,Carvana Auto Receivables Trust 2021-P1,2021,44,2024-11-12,0.01306302,5421154.00000000,415000001.42000002
CRVNAP,CRVNAP 2021-P1,Carvana Auto Receivables Trust 2021-P1,2021,45,2024-12-10,0.01326650,5505596.00000000,415000001.42000002
CRVNAP,CRVNAP 2021-P2,Carvana Auto Receivables Trust 2021-P2,2021,45,2025-03-10,0.01529378,11852676.00000000,775000002.49000001
CRVNAP,CRVNAP 2021-P3,Carvana Auto Receivables Trust 2021-P3,2021,45,2025-06-10,0.02132619,22072606.00000000,1035000000.41999996
CRVNAP,CRVNAP 2021-P4,Carvana Auto Receivables Trust 2021-P4,2021,45,2025-09-10,0.02359852,24896439.00000000,1055000000.78999996
CRVNAP,CRVNAP 2021-P4,Carvana Auto Receivables Trust 2021-P4,2021,46,2025-10-10,0.02415320,25481629.00000000,1055000000.78999996
CRVNAP,CRVNAP 2021-P2,Carvana Auto Receivables Trust 2021-P2,2021,46,2025-04-10,0.01552337,12030610.00000000,775000002.49000001
CRVNAP,CRVNAP 2021-P3,Carvana Auto Receivables Trust 2021-P3,2021,46,2025-07-10,0.02182917,22593186.00000000,1035000000.41999996
CRVNAP,CRVNAP 2021-P1,Carvana Auto Receivables Trust 2021-P1,2021,46,2025-01-10,0.01360370,5645535.00000000,415000001.42000002
CRVNAP,CRVNAP 2021-P1,Carvana Auto Receivables Trust 2021-P1,2021,47,2025-02-10,0.01397150,5798172.00000000,415000001.42000002
CRVNAP,CRVNAP 2021-P2,Carvana Auto Receivables Trust 2021-P2,2021,47,2025-05-12,0.01586119,12292422.00000000,775000002.49000001
CRVNAP,CRVNAP 2021-P3,Carvana Auto Receivables Trust 2021-P3,2021,47,2025-08-11,0.02213537,22910105.00000000,1035000000.41999996
CRVNAP,CRVNAP 2021-P4,Carvana Auto Receivables Trust 2021-P4,2021,47,2025-11-10,0.02464799,26003629.00000000,1055000000.78999996
CRVNAP,CRVNAP 2021-P3,Carvana Auto Receivables Trust 2021-P3,2021,48,2025-09-10,0.02233670,23118486.00000000,1035000000.41999996
CRVNAP,CRVNAP 2021-P1,Carvana Auto Receivables Trust 2021-P1,2021,48,2025-03-10,0.01398677,5804511.00000000,415000001.42000002
CRVNAP,CRVNAP 2021-P2,Carvana Auto Receivables Trust 2021-P2,2021,48,2025-06-10,0.01608624,12466837.00000000,775000002.49000001
CRVNAP,CRVNAP 2021-P4,Carvana Auto Receivables Trust 2021-P4,2021,48,2025-12-10,0.02509126,26471282.00000000,1055000000.78999996
CRVNAP,CRVNAP 2021-P1,Carvana Auto Receivables Trust 2021-P1,2021,49,2025-04-10,0.01422042,5901474.00000000,415000001.42000002
CRVNAP,CRVNAP 2021-P2,Carvana Auto Receivables Trust 2021-P2,2021,49,2025-07-10,0.01633727,12661385.00000000,775000002.49000001
CRVNAP,CRVNAP 2021-P3,Carvana Auto Receivables Trust 2021-P3,2021,49,2025-10-10,0.02266822,23461603.00000000,1035000000.41999996
CRVNAP,CRVNAP 2021-P4,Carvana Auto Receivables Trust 2021-P4,2021,49,2026-01-12,0.02526111,26650474.00000000,1055000000.78999996
CRVNAP,CRVNAP 2021-P2,Carvana Auto Receivables Trust 2021-P2,2021,50,2025-08-11,0.01646386,12759489.00000000,775000002.49000001
CRVNAP,CRVNAP 2021-P4,Carvana Auto Receivables Trust 2021-P4,2021,50,2026-02-10,0.02574877,27164957.00000000,1055000000.78999996
CRVNAP,CRVNAP 2021-P1,Carvana Auto Receivables Trust 2021-P1,2021,50,2025-05-12,0.01431283,5939823.00000000,415000001.42000002
CRVNAP,CRVNAP 2021-P3,Carvana Auto Receivables Trust 2021-P3,2021,50,2025-11-10,0.02287197,23672489.00000000,1035000000.41999996
CRVNAP,CRVNAP 2021-P1,Carvana Auto Receivables Trust 2021-P1,2021,51,2025-06-10,0.01434718,5954080.00000000,415000001.42000002
CRVNAP,CRVNAP 2021-P2,Carvana Auto Receivables Trust 2021-P2,2021,51,2025-09-10,0.01664733,12901684.00000000,775000002.49000001
CRVNAP,CRVNAP 2021-P3,Carvana Auto Receivables Trust 2021-P3,2021,51,2025-12-10,0.02318296,23994366.00000000,1035000000.41999996
CRVNAP,CRVNAP 2021-P4,Carvana Auto Receivables Trust 2021-P4,2021,51,2026-03-10,0.02554147,26946250.00000000,1055000000.78999996
CRVNAP,CRVNAP 2021-P4,Carvana Auto Receivables Trust 2021-P4,2021,52,2026-04-10,0.02578055,27198484.00000000,1055000000.78999996
CRVNAP,CRVNAP 2021-P3,Carvana Auto Receivables Trust 2021-P3,2021,52,2026-01-12,0.02349730,24319705.00000000,1035000000.41999996
CRVNAP,CRVNAP 2021-P1,Carvana Auto Receivables Trust 2021-P1,2021,52,2025-07-10,0.01451326,6023004.00000000,415000001.42000002
CRVNAP,CRVNAP 2021-P2,Carvana Auto Receivables Trust 2021-P2,2021,52,2025-10-10,0.01692409,13116172.00000000,775000002.49000001
CRVNAP,CRVNAP 2021-P3,Carvana Auto Receivables Trust 2021-P3,2021,53,2026-02-10,0.02360795,24434231.00000000,1035000000.41999996
CRVNAP,CRVNAP 2021-P2,Carvana Auto Receivables Trust 2021-P2,2021,53,2025-11-10,0.01711171,13261579.00000000,775000002.49000001
CRVNAP,CRVNAP 2021-P4,Carvana Auto Receivables Trust 2021-P4,2021,53,2026-05-11,0.02594871,27375886.00000000,1055000000.78999996
CRVNAP,CRVNAP 2021-P1,Carvana Auto Receivables Trust 2021-P1,2021,53,2025-08-11,0.01468432,6093991.00000000,415000001.42000002
CRVNAP,CRVNAP 2021-P2,Carvana Auto Receivables Trust 2021-P2,2021,54,2025-12-10,0.01726451,13379995.00000000,775000002.49000001
CRVNAP,CRVNAP 2021-P1,Carvana Auto Receivables Trust 2021-P1,2021,54,2025-09-10,0.01477180,6130299.00000000,415000001.42000002
CRVNAP,CRVNAP 2021-P3,Carvana Auto Receivables Trust 2021-P3,2021,54,2026-03-10,0.02327110,24085591.00000000,1035000000.41999996
CRVNAP,CRVNAP 2021-P4,Carvana Auto Receivables Trust 2021-P4,2021,54,2026-06-10,0.02610370,27539404.00000000,1055000000.78999996
CRVNAP,CRVNAP 2021-P4,Carvana Auto Receivables Trust 2021-P4,2021,55,2026-07-10,0.02638582,27837039.00000000,1055000000.78999996
CRVNAP,CRVNAP 2021-P1,Carvana Auto Receivables Trust 2021-P1,2021,55,2025-10-10,0.01493807,6199299.00000000,415000001.42000002
CRVNAP,CRVNAP 2021-P2,Carvana Auto Receivables Trust 2021-P2,2021,55,2026-01-12,0.01748246,13548905.00000000,775000002.49000001
CRVNAP,CRVNAP 2021-P3,Carvana Auto Receivables Trust 2021-P3,2021,55,2026-04-10,0.02346559,24286890.00000000,1035000000.41999996
CRVNAP,CRVNAP 2021-P1,Carvana Auto Receivables Trust 2021-P1,2021,56,2025-11-10,0.01502765,6236475.00000000,415000001.42000002
CRVNAP,CRVNAP 2021-P2,Carvana Auto Receivables Trust 2021-P2,2021,56,2026-02-10,0.01761565,13652129.00000000,775000002.49000001
CRVNAP,CRVNAP 2021-P3,Carvana Auto Receivables Trust 2021-P3,2021,56,2026-05-11,0.02371563,24545675.00000000,1035000000.41999996
CRVNAP,CRVNAP 2021-P3,Carvana Auto Receivables Trust 2021-P3,2021,57,2026-06-10,0.02385473,24689641.00000000,1035000000.41999996
CRVNAP,CRVNAP 2021-P1,Carvana Auto Receivables Trust 2021-P1,2021,57,2025-12-10,0.01505352,6247212.00000000,415000001.42000002
CRVNAP,CRVNAP 2021-P2,Carvana Auto Receivables Trust 2021-P2,2021,57,2026-03-10,0.01747646,13544255.00000000,775000002.49000001
CRVNAP,CRVNAP 2021-P3,Carvana Auto Receivables Trust 2021-P3,2021,58,2026-07-10,0.02400678,24847013.00000000,1035000000.41999996
CRVNAP,CRVNAP 2021-P1,Carvana Auto Receivables Trust 2021-P1,2021,58,2026-01-12,0.01529455,6347237.00000000,415000001.42000002
CRVNAP,CRVNAP 2021-P2,Carvana Auto Receivables Trust 2021-P2,2021,58,2026-04-10,0.01768908,13709039.00000000,775000002.49000001
CRVNAP,CRVNAP 2021-P2,Carvana Auto Receivables Trust 2021-P2,2021,59,2026-05-11,0.01772801,13739210.00000000,775000002.49000001
CRVNAP,CRVNAP 2021-P1,Carvana Auto Receivables Trust 2021-P1,2021,59,2026-02-10,0.01536307,6375672.00000000,415000001.42000002
CRVNAP,CRVNAP 2021-P2,Carvana Auto Receivables Trust 2021-P2,2021,60,2026-06-10,0.01780749,13800806.00000000,775000002.49000001
CRVNAP,CRVNAP 2021-P1,Carvana Auto Receivables Trust 2021-P1,2021,60,2026-03-10,0.01534701,6369008.00000000,415000001.42000002
CRVNAP,CRVNAP 2021-P2,Carvana Auto Receivables Trust 2021-P2,2021,61,2026-07-10,0.01793047,13896117.00000000,775000002.49000001
CRVNAP,CRVNAP 2022-P1,Carvana Auto Receivables Trust 2022-P1,2022,1,2022-04-11,0.00001954,20312.00000000,1039515050.84000003
CRVNAP,CRVNAP 2022-P3,Carvana Auto Receivables Trust 2022-P3,2022,1,2022-10-11,0.00016992,61852.00000000,364000000.76999998
CRVNAP,CRVNAP 2022-P2,Carvana Auto Receivables Trust 2022-P2,2022,1,2022-06-10,0.00000000,0.00000000,605000000.09000003
CRVNAP,CRVNAP 2022-P2,Carvana Auto Receivables Trust 2022-P2,2022,2,2022-07-11,0.00008858,53589.00000000,605000000.09000003
CRVNAP,CRVNAP 2022-P1,Carvana Auto Receivables Trust 2022-P1,2022,2,2022-05-10,0.00012990,135030.00000000,1039515050.84000003
CRVNAP,CRVNAP 2022-P3,Carvana Auto Receivables Trust 2022-P3,2022,2,2022-11-10,0.00034214,124539.00000000,364000000.76999998
CRVNAP,CRVNAP 2022-P2,Carvana Auto Receivables Trust 2022-P2,2022,3,2022-08-10,0.00022877,138408.00000000,605000000.09000003
CRVNAP,CRVNAP 2022-P1,Carvana Auto Receivables Trust 2022-P1,2022,3,2022-06-10,0.00023530,244599.00000000,1039515050.84000003
CRVNAP,CRVNAP 2022-P3,Carvana Auto Receivables Trust 2022-P3,2022,3,2022-12-12,0.00097035,353207.00000000,364000000.76999998
CRVNAP,CRVNAP 2022-P1,Carvana Auto Receivables Trust 2022-P1,2022,4,2022-07-11,0.00051612,536513.00000000,1039515050.84000003
CRVNAP,CRVNAP 2022-P3,Carvana Auto Receivables Trust 2022-P3,2022,4,2023-01-10,0.00143959,524009.00000000,364000000.76999998
CRVNAP,CRVNAP 2022-P2,Carvana Auto Receivables Trust 2022-P2,2022,4,2022-09-12,0.00046986,284265.00000000,605000000.09000003
CRVNAP,CRVNAP 2022-P2,Carvana Auto Receivables Trust 2022-P2,2022,5,2022-10-11,0.00087930,531976.00000000,605000000.09000003
CRVNAP,CRVNAP 2022-P1,Carvana Auto Receivables Trust 2022-P1,2022,5,2022-08-10,0.00103229,1073081.00000000,1039515050.84000003
CRVNAP,CRVNAP 2022-P3,Carvana Auto Receivables Trust 2022-P3,2022,5,2023-02-10,0.00163766,596108.00000000,364000000.76999998
CRVNAP,CRVNAP 2022-P2,Carvana Auto Receivables Trust 2022-P2,2022,6,2022-11-10,0.00138994,840913.00000000,605000000.09000003
CRVNAP,CRVNAP 2022-P1,Carvana Auto Receivables Trust 2022-P1,2022,6,2022-09-12,0.00132510,1377461.00000000,1039515050.84000003
CRVNAP,CRVNAP 2022-P3,Carvana Auto Receivables Trust 2022-P3,2022,6,2023-03-10,0.00276260,1005587.00000000,364000000.76999998
CRVNAP,CRVNAP 2022-P2,Carvana Auto Receivables Trust 2022-P2,2022,7,2022-12-12,0.00224188,1356340.00000000,605000000.09000003
CRVNAP,CRVNAP 2022-P1,Carvana Auto Receivables Trust 2022-P1,2022,7,2022-10-11,0.00196687,2044587.00000000,1039515050.84000003
CRVNAP,CRVNAP 2022-P3,Carvana Auto Receivables Trust 2022-P3,2022,7,2023-04-10,0.00370370,1348146.00000000,364000000.76999998
CRVNAP,CRVNAP 2022-P2,Carvana Auto Receivables Trust 2022-P2,2022,8,2023-01-10,0.00266266,1610911.00000000,605000000.09000003
CRVNAP,CRVNAP 2022-P1,Carvana Auto Receivables Trust 2022-P1,2022,8,2022-11-10,0.00282826,2940022.00000000,1039515050.84000003
CRVNAP,CRVNAP 2022-P3,Carvana Auto Receivables Trust 2022-P3,2022,8,2023-05-10,0.00421522,1534341.00000000,364000000.76999998
CRVNAP,CRVNAP 2022-P2,Carvana Auto Receivables Trust 2022-P2,2022,9,2023-02-10,0.00296748,1795327.00000000,605000000.09000003
CRVNAP,CRVNAP 2022-P1,Carvana Auto Receivables Trust 2022-P1,2022,9,2022-12-12,0.00335015,3482529.00000000,1039515050.84000003
CRVNAP,CRVNAP 2022-P3,Carvana Auto Receivables Trust 2022-P3,2022,9,2023-06-12,0.00498755,1815469.00000000,364000000.76999998
CRVNAP,CRVNAP 2022-P1,Carvana Auto Receivables Trust 2022-P1,2022,10,2023-01-10,0.00384261,3994446.00000000,1039515050.84000003
CRVNAP,CRVNAP 2022-P3,Carvana Auto Receivables Trust 2022-P3,2022,10,2023-07-10,0.00560972,2041938.00000000,364000000.76999998
CRVNAP,CRVNAP 2022-P2,Carvana Auto Receivables Trust 2022-P2,2022,10,2023-03-10,0.00332581,2012113.00000000,605000000.09000003
CRVNAP,CRVNAP 2022-P1,Carvana Auto Receivables Trust 2022-P1,2022,11,2023-02-10,0.00403354,4192924.00000000,1039515050.84000003
CRVNAP,CRVNAP 2022-P3,Carvana Auto Receivables Trust 2022-P3,2022,11,2023-08-10,0.00629613,2291791.00000000,364000000.76999998
CRVNAP,CRVNAP 2022-P2,Carvana Auto Receivables Trust 2022-P2,2022,11,2023-04-10,0.00405246,2451737.00000000,605000000.09000003
CRVNAP,CRVNAP 2022-P1,Carvana Auto Receivables Trust 2022-P1,2022,12,2023-03-10,0.00462686,4809694.00000000,1039515050.84000003
CRVNAP,CRVNAP 2022-P3,Carvana Auto Receivables Trust 2022-P3,2022,12,2023-09-11,0.00778248,2832821.00000000,364000000.76999998
CRVNAP,CRVNAP 2022-P2,Carvana Auto Receivables Trust 2022-P2,2022,12,2023-05-10,0.00469628,2841247.00000000,605000000.09000003
CRVNAP,CRVNAP 2022-P2,Carvana Auto Receivables Trust 2022-P2,2022,13,2023-06-12,0.00512174,3098653.00000000,605000000.09000003
CRVNAP,CRVNAP 2022-P1,Carvana Auto Receivables Trust 2022-P1,2022,13,2023-04-10,0.00511530,5317430.00000000,1039515050.84000003
CRVNAP,CRVNAP 2022-P3,Carvana Auto Receivables Trust 2022-P3,2022,13,2023-10-10,0.00831665,3027260.00000000,364000000.76999998
CRVNAP,CRVNAP 2022-P2,Carvana Auto Receivables Trust 2022-P2,2022,14,2023-07-10,0.00597065,3612241.00000000,605000000.09000003
CRVNAP,CRVNAP 2022-P1,Carvana Auto Receivables Trust 2022-P1,2022,14,2023-05-10,0.00568117,5905662.00000000,1039515050.84000003
CRVNAP,CRVNAP 2022-P3,Carvana Auto Receivables Trust 2022-P3,2022,14,2023-11-10,0.00931560,3390880.00000000,364000000.76999998
CRVNAP,CRVNAP 2022-P1,Carvana Auto Receivables Trust 2022-P1,2022,15,2023-06-12,0.00640267,6655677.00000000,1039515050.84000003
CRVNAP,CRVNAP 2022-P3,Carvana Auto Receivables Trust 2022-P3,2022,15,2023-12-11,0.01001571,3645719.00000000,364000000.76999998
CRVNAP,CRVNAP 2022-P2,Carvana Auto Receivables Trust 2022-P2,2022,15,2023-08-10,0.00700096,4235582.00000000,605000000.09000003
CRVNAP,CRVNAP 2022-P1,Carvana Auto Receivables Trust 2022-P1,2022,16,2023-07-10,0.00717034,7453672.00000000,1039515050.84000003
CRVNAP,CRVNAP 2022-P3,Carvana Auto Receivables Trust 2022-P3,2022,16,2024-01-10,0.01106453,4027489.00000000,364000000.76999998
CRVNAP,CRVNAP 2022-P2,Carvana Auto Receivables Trust 2022-P2,2022,16,2023-09-11,0.00808691,4892578.00000000,605000000.09000003
CRVNAP,CRVNAP 2022-P2,Carvana Auto Receivables Trust 2022-P2,2022,17,2023-10-10,0.00880675,5328083.00000000,605000000.09000003
CRVNAP,CRVNAP 2022-P1,Carvana Auto Receivables Trust 2022-P1,2022,17,2023-08-10,0.00806082,8379340.00000000,1039515050.84000003
CRVNAP,CRVNAP 2022-P3,Carvana Auto Receivables Trust 2022-P3,2022,17,2024-02-12,0.01191477,4336975.00000000,364000000.76999998
CRVNAP,CRVNAP 2022-P1,Carvana Auto Receivables Trust 2022-P1,2022,18,2023-09-11,0.00919842,9561898.00000000,1039515050.84000003
CRVNAP,CRVNAP 2022-P3,Carvana Auto Receivables Trust 2022-P3,2022,18,2024-03-11,0.01291238,4700108.00000000,364000000.76999998
CRVNAP,CRVNAP 2022-P2,Carvana Auto Receivables Trust 2022-P2,2022,18,2023-11-10,0.00942324,5701058.00000000,605000000.09000003
CRVNAP,CRVNAP 2022-P2,Carvana Auto Receivables Trust 2022-P2,2022,19,2023-12-11,0.01099522,6652111.00000000,605000000.09000003
CRVNAP,CRVNAP 2022-P1,Carvana Auto Receivables Trust 2022-P1,2022,19,2023-10-10,0.00994132,10334152.00000000,1039515050.84000003
CRVNAP,CRVNAP 2022-P3,Carvana Auto Receivables Trust 2022-P3,2022,19,2024-04-10,0.01460909,5317707.00000000,364000000.76999998
CRVNAP,CRVNAP 2022-P1,Carvana Auto Receivables Trust 2022-P1,2022,20,2023-11-10,0.01071770,11141207.00000000,1039515050.84000003
CRVNAP,CRVNAP 2022-P3,Carvana Auto Receivables Trust 2022-P3,2022,20,2024-05-10,0.01535511,5589260.00000000,364000000.76999998
CRVNAP,CRVNAP 2022-P2,Carvana Auto Receivables Trust 2022-P2,2022,20,2024-01-10,0.01209294,7316228.00000000,605000000.09000003
CRVNAP,CRVNAP 2022-P2,Carvana Auto Receivables Trust 2022-P2,2022,21,2024-02-12,0.01333276,8066322.00000000,605000000.09000003
CRVNAP,CRVNAP 2022-P1,Carvana Auto Receivables Trust 2022-P1,2022,21,2023-12-11,0.01133079,11778527.00000000,1039515050.84000003
CRVNAP,CRVNAP 2022-P3,Carvana Auto Receivables Trust 2022-P3,2022,21,2024-06-10,0.01642855,5979993.00000000,364000000.76999998
CRVNAP,CRVNAP 2022-P1,Carvana Auto Receivables Trust 2022-P1,2022,22,2024-01-10,0.01235371,12841863.00000000,1039515050.84000003
CRVNAP,CRVNAP 2022-P3,Carvana Auto Receivables Trust 2022-P3,2022,22,2024-07-10,0.01714368,6240298.00000000,364000000.76999998
CRVNAP,CRVNAP 2022-P2,Carvana Auto Receivables Trust 2022-P2,2022,22,2024-03-11,0.01434121,8676435.00000000,605000000.09000003
CRVNAP,CRVNAP 2022-P1,Carvana Auto Receivables Trust 2022-P1,2022,23,2024-02-12,0.01335984,13887758.00000000,1039515050.84000003
CRVNAP,CRVNAP 2022-P3,Carvana Auto Receivables Trust 2022-P3,2022,23,2024-08-12,0.01776422,6466175.00000000,364000000.76999998
CRVNAP,CRVNAP 2022-P2,Carvana Auto Receivables Trust 2022-P2,2022,23,2024-04-10,0.01514143,9160568.00000000,605000000.09000003
CRVNAP,CRVNAP 2022-P1,Carvana Auto Receivables Trust 2022-P1,2022,24,2024-03-11,0.01383221,14378792.00000000,1039515050.84000003
CRVNAP,CRVNAP 2022-P3,Carvana Auto Receivables Trust 2022-P3,2022,24,2024-09-10,0.01886706,6867609.00000000,364000000.76999998
CRVNAP,CRVNAP 2022-P2,Carvana Auto Receivables Trust 2022-P2,2022,24,2024-05-10,0.01590664,9623520.00000000,605000000.09000003
CRVNAP,CRVNAP 2022-P2,Carvana Auto Receivables Trust 2022-P2,2022,25,2024-06-10,0.01651822,9993522.00000000,605000000.09000003
CRVNAP,CRVNAP 2022-P1,Carvana Auto Receivables Trust 2022-P1,2022,25,2024-04-10,0.01467343,15253250.00000000,1039515050.84000003
CRVNAP,CRVNAP 2022-P3,Carvana Auto Receivables Trust 2022-P3,2022,25,2024-10-10,0.01999257,7277294.00000000,364000000.76999998
CRVNAP,CRVNAP 2022-P1,Carvana Auto Receivables Trust 2022-P1,2022,26,2024-05-10,0.01524290,15845226.00000000,1039515050.84000003
CRVNAP,CRVNAP 2022-P3,Carvana Auto Receivables Trust 2022-P3,2022,26,2024-11-12,0.02106279,7666855.00000000,364000000.76999998
CRVNAP,CRVNAP 2022-P2,Carvana Auto Receivables Trust 2022-P2,2022,26,2024-07-10,0.01760782,10652732.00000000,605000000.09000003
CRVNAP,CRVNAP 2022-P2,Carvana Auto Receivables Trust 2022-P2,2022,27,2024-08-12,0.01818978,11004814.00000000,605000000.09000003
CRVNAP,CRVNAP 2022-P1,Carvana Auto Receivables Trust 2022-P1,2022,27,2024-06-10,0.01598448,16616109.00000000,1039515050.84000003
CRVNAP,CRVNAP 2022-P3,Carvana Auto Receivables Trust 2022-P3,2022,27,2024-12-10,0.02226796,8105536.00000000,364000000.76999998
CRVNAP,CRVNAP 2022-P2,Carvana Auto Receivables Trust 2022-P2,2022,28,2024-09-10,0.01934392,11703071.00000000,605000000.09000003
CRVNAP,CRVNAP 2022-P1,Carvana Auto Receivables Trust 2022-P1,2022,28,2024-07-10,0.01671865,17379290.00000000,1039515050.84000003
CRVNAP,CRVNAP 2022-P3,Carvana Auto Receivables Trust 2022-P3,2022,28,2025-01-10,0.02288417,8329838.00000000,364000000.76999998
CRVNAP,CRVNAP 2022-P1,Carvana Auto Receivables Trust 2022-P1,2022,29,2024-08-12,0.01721981,17900251.00000000,1039515050.84000003
CRVNAP,CRVNAP 2022-P3,Carvana Auto Receivables Trust 2022-P3,2022,29,2025-02-10,0.02334641,8498093.00000000,364000000.76999998
CRVNAP,CRVNAP 2022-P2,Carvana Auto Receivables Trust 2022-P2,2022,29,2024-10-10,0.01987072,12021783.00000000,605000000.09000003
CRVNAP,CRVNAP 2022-P2,Carvana Auto Receivables Trust 2022-P2,2022,30,2024-11-12,0.02066617,12503033.00000000,605000000.09000003
CRVNAP,CRVNAP 2022-P1,Carvana Auto Receivables Trust 2022-P1,2022,30,2024-09-10,0.01783281,18537477.00000000,1039515050.84000003
CRVNAP,CRVNAP 2022-P3,Carvana Auto Receivables Trust 2022-P3,2022,30,2025-03-10,0.02436835,8870078.00000000,364000000.76999998
CRVNAP,CRVNAP 2022-P1,Carvana Auto Receivables Trust 2022-P1,2022,31,2024-10-10,0.01833273,19057145.00000000,1039515050.84000003
CRVNAP,CRVNAP 2022-P3,Carvana Auto Receivables Trust 2022-P3,2022,31,2025-04-10,0.02574368,9370701.00000000,364000000.76999998
CRVNAP,CRVNAP 2022-P2,Carvana Auto Receivables Trust 2022-P2,2022,31,2024-12-10,0.02173809,13151542.00000000,605000000.09000003
CRVNAP,CRVNAP 2022-P1,Carvana Auto Receivables Trust 2022-P1,2022,32,2024-11-12,0.01906224,19815482.00000000,1039515050.84000003
CRVNAP,CRVNAP 2022-P3,Carvana Auto Receivables Trust 2022-P3,2022,32,2025-05-12,0.02683029,9766224.00000000,364000000.76999998
CRVNAP,CRVNAP 2022-P2,Carvana Auto Receivables Trust 2022-P2,2022,32,2025-01-10,0.02242835,13569150.00000000,605000000.09000003
CRVNAP,CRVNAP 2022-P1,Carvana Auto Receivables Trust 2022-P1,2022,33,2024-12-10,0.01945040,20218983.00000000,1039515050.84000003
CRVNAP,CRVNAP 2022-P3,Carvana Auto Receivables Trust 2022-P3,2022,33,2025-06-10,0.02760810,10049347.00000000,364000000.76999998
CRVNAP,CRVNAP 2022-P2,Carvana Auto Receivables Trust 2022-P2,2022,33,2025-02-10,0.02349060,14211811.00000000,605000000.09000003
CRVNAP,CRVNAP 2022-P1,Carvana Auto Receivables Trust 2022-P1,2022,34,2025-01-10,0.02037589,21181042.00000000,1039515050.84000003
CRVNAP,CRVNAP 2022-P3,Carvana Auto Receivables Trust 2022-P3,2022,34,2025-07-10,0.02847828,10366093.00000000,364000000.76999998
CRVNAP,CRVNAP 2022-P2,Carvana Auto Receivables Trust 2022-P2,2022,34,2025-03-10,0.02402753,14536657.00000000,605000000.09000003
CRVNAP,CRVNAP 2022-P1,Carvana Auto Receivables Trust 2022-P1,2022,35,2025-02-10,0.02090703,21733177.00000000,1039515050.84000003
CRVNAP,CRVNAP 2022-P3,Carvana Auto Receivables Trust 2022-P3,2022,35,2025-08-11,0.02908010,10585156.00000000,364000000.76999998
CRVNAP,CRVNAP 2022-P2,Carvana Auto Receivables Trust 2022-P2,2022,35,2025-04-10,0.02503082,15143648.00000000,605000000.09000003
CRVNAP,CRVNAP 2022-P1,Carvana Auto Receivables Trust 2022-P1,2022,36,2025-03-10,0.02139186,22237159.00000000,1039515050.84000003
CRVNAP,CRVNAP 2022-P3,Carvana Auto Receivables Trust 2022-P3,2022,36,2025-09-10,0.03004010,10934596.00000000,364000000.76999998
CRVNAP,CRVNAP 2022-P2,Carvana Auto Receivables Trust 2022-P2,2022,36,2025-05-12,0.02540934,15372653.00000000,605000000.09000003
CRVNAP,CRVNAP 2022-P1,Carvana Auto Receivables Trust 2022-P1,2022,37,2025-04-10,0.02199439,22863503.00000000,1039515050.84000003
CRVNAP,CRVNAP 2022-P3,Carvana Auto Receivables Trust 2022-P3,2022,37,2025-10-10,0.03095004,11265813.00000000,364000000.76999998
CRVNAP,CRVNAP 2022-P2,Carvana Auto Receivables Trust 2022-P2,2022,37,2025-06-10,0.02589117,15664155.00000000,605000000.09000003
CRVNAP,CRVNAP 2022-P2,Carvana Auto Receivables Trust 2022-P2,2022,38,2025-07-10,0.02661320,16100988.00000000,605000000.09000003
CRVNAP,CRVNAP 2022-P1,Carvana Auto Receivables Trust 2022-P1,2022,38,2025-05-12,0.02246841,23356247.00000000,1039515050.84000003
CRVNAP,CRVNAP 2022-P3,Carvana Auto Receivables Trust 2022-P3,2022,38,2025-11-10,0.03208124,11677571.00000000,364000000.76999998
CRVNAP,CRVNAP 2022-P2,Carvana Auto Receivables Trust 2022-P2,2022,39,2025-08-11,0.02714067,16420108.00000000,605000000.09000003
CRVNAP,CRVNAP 2022-P1,Carvana Auto Receivables Trust 2022-P1,2022,39,2025-06-10,0.02317811,24093997.00000000,1039515050.84000003
CRVNAP,CRVNAP 2022-P3,Carvana Auto Receivables Trust 2022-P3,2022,39,2025-12-10,0.03281335,11944061.00000000,364000000.76999998
CRVNAP,CRVNAP 2022-P1,Carvana Auto Receivables Trust 2022-P1,2022,40,2025-07-10,0.02368852,24624573.00000000,1039515050.84000003
CRVNAP,CRVNAP 2022-P3,Carvana Auto Receivables Trust 2022-P3,2022,40,2026-01-12,0.03342813,12167839.00000000,364000000.76999998
CRVNAP,CRVNAP 2022-P2,Carvana Auto Receivables Trust 2022-P2,2022,40,2025-09-10,0.02783313,16839045.00000000,605000000.09000003
CRVNAP,CRVNAP 2022-P2,Carvana Auto Receivables Trust 2022-P2,2022,41,2025-10-10,0.02819973,17060834.00000000,605000000.09000003
CRVNAP,CRVNAP 2022-P1,Carvana Auto Receivables Trust 2022-P1,2022,41,2025-08-11,0.02416173,25116481.00000000,1039515050.84000003
CRVNAP,CRVNAP 2022-P3,Carvana Auto Receivables Trust 2022-P3,2022,41,2026-02-10,0.03394463,12355845.00000000,364000000.76999998
CRVNAP,CRVNAP 2022-P2,Carvana Auto Receivables Trust 2022-P2,2022,42,2025-11-10,0.02908749,17597933.00000000,605000000.09000003
CRVNAP,CRVNAP 2022-P1,Carvana Auto Receivables Trust 2022-P1,2022,42,2025-09-10,0.02454351,25513347.00000000,1039515050.84000003
CRVNAP,CRVNAP 2022-P3,Carvana Auto Receivables Trust 2022-P3,2022,42,2026-03-10,0.03376909,12291948.00000000,364000000.76999998
CRVNAP,CRVNAP 2022-P1,Carvana Auto Receivables Trust 2022-P1,2022,43,2025-10-10,0.02508520,26076445.00000000,1039515050.84000003
CRVNAP,CRVNAP 2022-P3,Carvana Auto Receivables Trust 2022-P3,2022,43,2026-04-10,0.03456696,12582373.00000000,364000000.76999998
CRVNAP,CRVNAP 2022-P2,Carvana Auto Receivables Trust 2022-P2,2022,43,2025-12-10,0.02987108,18072006.00000000,605000000.09000003
CRVNAP,CRVNAP 2022-P2,Carvana Auto Receivables Trust 2022-P2,2022,44,2026-01-12,0.03039001,18385956.00000000,605000000.09000003
CRVNAP,CRVNAP 2022-P1,Carvana Auto Receivables Trust 2022-P1,2022,44,2025-11-10,0.02548036,26487215.00000000,1039515050.84000003
CRVNAP,CRVNAP 2022-P3,Carvana Auto Receivables Trust 2022-P3,2022,44,2026-05-11,0.03513894,12790576.00000000,364000000.76999998
CRVNAP,CRVNAP 2022-P1,Carvana Auto Receivables Trust 2022-P1,2022,45,2025-12-10,0.02595506,26980671.00000000,1039515050.84000003
CRVNAP,CRVNAP 2022-P3,Carvana Auto Receivables Trust 2022-P3,2022,45,2026-06-10,0.03563402,12970783.00000000,364000000.76999998
CRVNAP,CRVNAP 2022-P2,Carvana Auto Receivables Trust 2022-P2,2022,45,2026-02-10,0.03088787,18687162.00000000,605000000.09000003
CRVNAP,CRVNAP 2022-P2,Carvana Auto Receivables Trust 2022-P2,2022,46,2026-03-10,0.03079228,18629327.00000000,605000000.09000003
CRVNAP,CRVNAP 2022-P1,Carvana Auto Receivables Trust 2022-P1,2022,46,2026-01-12,0.02635638,27397856.00000000,1039515050.84000003
CRVNAP,CRVNAP 2022-P3,Carvana Auto Receivables Trust 2022-P3,2022,46,2026-07-10,0.03585124,13049851.00000000,364000000.76999998
CRVNAP,CRVNAP 2022-P1,Carvana Auto Receivables Trust 2022-P1,2022,47,2026-02-10,0.02679818,27857115.00000000,1039515050.84000003
CRVNAP,CRVNAP 2022-P2,Carvana Auto Receivables Trust 2022-P2,2022,47,2026-04-10,0.03088663,18686409.00000000,605000000.09000003
CRVNAP,CRVNAP 2022-P2,Carvana Auto Receivables Trust 2022-P2,2022,48,2026-05-11,0.03120202,18877225.00000000,605000000.09000003
CRVNAP,CRVNAP 2022-P1,Carvana Auto Receivables Trust 2022-P1,2022,48,2026-03-10,0.02662766,27679856.00000000,1039515050.84000003
CRVNAP,CRVNAP 2022-P1,Carvana Auto Receivables Trust 2022-P1,2022,49,2026-04-10,0.02664647,27699404.00000000,1039515050.84000003
CRVNAP,CRVNAP 2022-P2,Carvana Auto Receivables Trust 2022-P2,2022,49,2026-06-10,0.03166203,19155526.00000000,605000000.09000003
CRVNAP,CRVNAP 2022-P1,Carvana Auto Receivables Trust 2022-P1,2022,50,2026-05-11,0.02687962,27941773.00000000,1039515050.84000003
CRVNAP,CRVNAP 2022-P2,Carvana Auto Receivables Trust 2022-P2,2022,50,2026-07-10,0.03192423,19314162.00000000,605000000.09000003
CRVNAP,CRVNAP 2022-P1,Carvana Auto Receivables Trust 2022-P1,2022,51,2026-06-10,0.02720031,28275128.00000000,1039515050.84000003
CRVNAP,CRVNAP 2022-P1,Carvana Auto Receivables Trust 2022-P1,2022,52,2026-07-10,0.02748032,28566210.00000000,1039515050.84000003
CRVNAP,CRVNAP 2024-P3,Carvana Auto Receivables Trust 2024-P3,2024,1,2024-10-10,0.00000807,5153.00000000,638694176.98000002
CRVNAP,CRVNAP 2024-P2,Carvana Auto Receivables Trust 2024-P2,2024,1,2024-07-10,0.00000498,2524.00000000,507210898.13000000
CRVNAP,CRVNAP 2024-P4,Carvana Auto Receivables Trust 2024-P4,2024,1,2025-01-10,0.00000014,87.00000000,625149742.61000001
CRVNAP,CRVNAP 2024-P2,Carvana Auto Receivables Trust 2024-P2,2024,2,2024-08-12,0.00021638,109748.00000000,507210898.13000000
CRVNAP,CRVNAP 2024-P3,Carvana Auto Receivables Trust 2024-P3,2024,2,2024-11-12,0.00020223,129165.00000000,638694176.98000002
CRVNAP,CRVNAP 2024-P4,Carvana Auto Receivables Trust 2024-P4,2024,2,2025-02-10,0.00006589,41188.00000000,625149742.61000001
CRVNAP,CRVNAP 2024-P2,Carvana Auto Receivables Trust 2024-P2,2024,3,2024-09-10,0.00032627,165490.00000000,507210898.13000000
CRVNAP,CRVNAP 2024-P4,Carvana Auto Receivables Trust 2024-P4,2024,3,2025-03-10,0.00026430,165228.00000000,625149742.61000001
CRVNAP,CRVNAP 2024-P3,Carvana Auto Receivables Trust 2024-P3,2024,3,2024-12-10,0.00011587,74007.00000000,638694176.98000002
CRVNAP,CRVNAP 2024-P4,Carvana Auto Receivables Trust 2024-P4,2024,4,2025-04-10,0.00060037,375322.00000000,625149742.61000001
CRVNAP,CRVNAP 2024-P3,Carvana Auto Receivables Trust 2024-P3,2024,4,2025-01-10,0.00035712,228092.00000000,638694176.98000002
CRVNAP,CRVNAP 2024-P2,Carvana Auto Receivables Trust 2024-P2,2024,4,2024-10-10,0.00071354,361913.00000000,507210898.13000000
CRVNAP,CRVNAP 2024-P4,Carvana Auto Receivables Trust 2024-P4,2024,5,2025-05-12,0.00094899,593262.00000000,625149742.61000001
CRVNAP,CRVNAP 2024-P3,Carvana Auto Receivables Trust 2024-P3,2024,5,2025-02-10,0.00061852,395042.00000000,638694176.98000002
CRVNAP,CRVNAP 2024-P2,Carvana Auto Receivables Trust 2024-P2,2024,5,2024-11-12,0.00123526,626539.00000000,507210898.13000000
CRVNAP,CRVNAP 2024-P2,Carvana Auto Receivables Trust 2024-P2,2024,6,2024-12-10,0.00170912,866885.00000000,507210898.13000000
CRVNAP,CRVNAP 2024-P4,Carvana Auto Receivables Trust 2024-P4,2024,6,2025-06-10,0.00142597,891444.00000000,625149742.61000001
CRVNAP,CRVNAP 2024-P3,Carvana Auto Receivables Trust 2024-P3,2024,6,2025-03-10,0.00113996,728088.00000000,638694176.98000002
CRVNAP,CRVNAP 2024-P3,Carvana Auto Receivables Trust 2024-P3,2024,7,2025-04-10,0.00200480,1280454.00000000,638694176.98000002
CRVNAP,CRVNAP 2024-P4,Carvana Auto Receivables Trust 2024-P4,2024,7,2025-07-10,0.00195965,1225072.00000000,625149742.61000001
CRVNAP,CRVNAP 2024-P2,Carvana Auto Receivables Trust 2024-P2,2024,7,2025-01-10,0.00193931,983641.00000000,507210898.13000000
CRVNAP,CRVNAP 2024-P4,Carvana Auto Receivables Trust 2024-P4,2024,8,2025-08-11,0.00257780,1611513.00000000,625149742.61000001
CRVNAP,CRVNAP 2024-P2,Carvana Auto Receivables Trust 2024-P2,2024,8,2025-02-10,0.00264810,1343146.00000000,507210898.13000000
CRVNAP,CRVNAP 2024-P3,Carvana Auto Receivables Trust 2024-P3,2024,8,2025-05-12,0.00282041,1801377.00000000,638694176.98000002
CRVNAP,CRVNAP 2024-P4,Carvana Auto Receivables Trust 2024-P4,2024,9,2025-09-10,0.00349711,2186217.00000000,625149742.61000001
CRVNAP,CRVNAP 2024-P3,Carvana Auto Receivables Trust 2024-P3,2024,9,2025-06-10,0.00330783,2112692.00000000,638694176.98000002
CRVNAP,CRVNAP 2024-P2,Carvana Auto Receivables Trust 2024-P2,2024,9,2025-03-10,0.00336986,1709232.00000000,507210898.13000000
CRVNAP,CRVNAP 2024-P3,Carvana Auto Receivables Trust 2024-P3,2024,10,2025-07-10,0.00366524,2340965.00000000,638694176.98000002
CRVNAP,CRVNAP 2024-P2,Carvana Auto Receivables Trust 2024-P2,2024,10,2025-04-10,0.00412671,2093113.00000000,507210898.13000000
CRVNAP,CRVNAP 2024-P4,Carvana Auto Receivables Trust 2024-P4,2024,10,2025-10-10,0.00436342,2727793.00000000,625149742.61000001
CRVNAP,CRVNAP 2024-P3,Carvana Auto Receivables Trust 2024-P3,2024,11,2025-08-11,0.00417740,2668083.00000000,638694176.98000002
CRVNAP,CRVNAP 2024-P4,Carvana Auto Receivables Trust 2024-P4,2024,11,2025-11-10,0.00522382,3265671.00000000,625149742.61000001
CRVNAP,CRVNAP 2024-P2,Carvana Auto Receivables Trust 2024-P2,2024,11,2025-05-12,0.00495680,2514141.00000000,507210898.13000000
CRVNAP,CRVNAP 2024-P2,Carvana Auto Receivables Trust 2024-P2,2024,12,2025-06-10,0.00569259,2887344.00000000,507210898.13000000
CRVNAP,CRVNAP 2024-P4,Carvana Auto Receivables Trust 2024-P4,2024,12,2025-12-10,0.00568636,3554825.00000000,625149742.61000001
CRVNAP,CRVNAP 2024-P3,Carvana Auto Receivables Trust 2024-P3,2024,12,2025-09-10,0.00503960,3218764.00000000,638694176.98000002
CRVNAP,CRVNAP 2024-P4,Carvana Auto Receivables Trust 2024-P4,2024,13,2026-01-12,0.00636028,3976128.00000000,625149742.61000001
CRVNAP,CRVNAP 2024-P2,Carvana Auto Receivables Trust 2024-P2,2024,13,2025-07-10,0.00646387,3278545.00000000,507210898.13000000
CRVNAP,CRVNAP 2024-P3,Carvana Auto Receivables Trust 2024-P3,2024,13,2025-10-10,0.00603639,3855407.00000000,638694176.98000002
CRVNAP,CRVNAP 2024-P4,Carvana Auto Receivables Trust 2024-P4,2024,14,2026-02-10,0.00741759,4637107.00000000,625149742.61000001
CRVNAP,CRVNAP 2024-P3,Carvana Auto Receivables Trust 2024-P3,2024,14,2025-11-10,0.00698755,4462908.00000000,638694176.98000002
CRVNAP,CRVNAP 2024-P2,Carvana Auto Receivables Trust 2024-P2,2024,14,2025-08-11,0.00793952,4027012.00000000,507210898.13000000
CRVNAP,CRVNAP 2024-P4,Carvana Auto Receivables Trust 2024-P4,2024,15,2026-03-10,0.00740044,4626382.00000000,625149742.61000001
CRVNAP,CRVNAP 2024-P2,Carvana Auto Receivables Trust 2024-P2,2024,15,2025-09-10,0.00905899,4594816.00000000,507210898.13000000
CRVNAP,CRVNAP 2024-P3,Carvana Auto Receivables Trust 2024-P3,2024,15,2025-12-10,0.00780085,4982357.00000000,638694176.98000002
CRVNAP,CRVNAP 2024-P3,Carvana Auto Receivables Trust 2024-P3,2024,16,2026-01-12,0.00889404,5680572.00000000,638694176.98000002
CRVNAP,CRVNAP 2024-P4,Carvana Auto Receivables Trust 2024-P4,2024,16,2026-04-10,0.00834139,5214617.00000000,625149742.61000001
CRVNAP,CRVNAP 2024-P2,Carvana Auto Receivables Trust 2024-P2,2024,16,2025-10-10,0.00994273,5043059.00000000,507210898.13000000
CRVNAP,CRVNAP 2024-P4,Carvana Auto Receivables Trust 2024-P4,2024,17,2026-05-11,0.00910726,5693399.00000000,625149742.61000001
CRVNAP,CRVNAP 2024-P3,Carvana Auto Receivables Trust 2024-P3,2024,17,2026-02-10,0.00955993,6105873.00000000,638694176.98000002
CRVNAP,CRVNAP 2024-P2,Carvana Auto Receivables Trust 2024-P2,2024,17,2025-11-10,0.01052525,5338522.00000000,507210898.13000000
CRVNAP,CRVNAP 2024-P3,Carvana Auto Receivables Trust 2024-P3,2024,18,2026-03-10,0.01011017,6457309.00000000,638694176.98000002
CRVNAP,CRVNAP 2024-P2,Carvana Auto Receivables Trust 2024-P2,2024,18,2025-12-10,0.01110188,5630994.00000000,507210898.13000000
CRVNAP,CRVNAP 2024-P4,Carvana Auto Receivables Trust 2024-P4,2024,18,2026-06-10,0.00982931,6144790.00000000,625149742.61000001
CRVNAP,CRVNAP 2024-P4,Carvana Auto Receivables Trust 2024-P4,2024,19,2026-07-10,0.01045044,6533089.00000000,625149742.61000001
CRVNAP,CRVNAP 2024-P2,Carvana Auto Receivables Trust 2024-P2,2024,19,2026-01-12,0.01201931,6096323.00000000,507210898.13000000
CRVNAP,CRVNAP 2024-P3,Carvana Auto Receivables Trust 2024-P3,2024,19,2026-04-10,0.01114805,7120194.00000000,638694176.98000002
CRVNAP,CRVNAP 2024-P2,Carvana Auto Receivables Trust 2024-P2,2024,20,2026-02-10,0.01236889,6273636.00000000,507210898.13000000
CRVNAP,CRVNAP 2024-P3,Carvana Auto Receivables Trust 2024-P3,2024,20,2026-05-11,0.01181994,7549326.00000000,638694176.98000002
CRVNAP,CRVNAP 2024-P2,Carvana Auto Receivables Trust 2024-P2,2024,21,2026-03-10,0.01304304,6615573.00000000,507210898.13000000
CRVNAP,CRVNAP 2024-P3,Carvana Auto Receivables Trust 2024-P3,2024,21,2026-06-10,0.01281802,8186796.00000000,638694176.98000002
CRVNAP,CRVNAP 2024-P2,Carvana Auto Receivables Trust 2024-P2,2024,22,2026-04-10,0.01380033,6999679.00000000,507210898.13000000
CRVNAP,CRVNAP 2024-P3,Carvana Auto Receivables Trust 2024-P3,2024,22,2026-07-10,0.01357561,8670666.00000000,638694176.98000002
CRVNAP,CRVNAP 2024-P2,Carvana Auto Receivables Trust 2024-P2,2024,23,2026-05-11,0.01458559,7397970.00000000,507210898.13000000
CRVNAP,CRVNAP 2024-P2,Carvana Auto Receivables Trust 2024-P2,2024,24,2026-06-10,0.01522183,7720677.00000000,507210898.13000000
CRVNAP,CRVNAP 2024-P2,Carvana Auto Receivables Trust 2024-P2,2024,25,2026-07-10,0.01568368,7954931.00000000,507210898.13000000
CRVNAP,CRVNAP 2025-P1,Carvana Auto Receivables Trust 2025-P1,2025,1,2025-04-10,0.00000432,2606.00000000,602782241.60000002
CRVNAP,CRVNAP 2025-P4,Carvana Auto Receivables Trust 2025-P4,2025,1,2025-12-10,0.00000000,0.00000000,934700353.00999999
CRVNAP,CRVNAP 2025-P2,Carvana Auto Receivables Trust 2025-P2,2025,1,2025-07-10,0.00000646,4199.00000000,650287527.03999996
CRVNAP,CRVNAP 2025-P3,Carvana Auto Receivables Trust 2025-P3,2025,1,2025-10-10,0.00000027,275.00000000,1011676949.26999998
CRVNAP,CRVNAP 2025-P3,Carvana Auto Receivables Trust 2025-P3,2025,2,2025-11-10,0.00005145,52047.00000000,1011676949.26999998
CRVNAP,CRVNAP 2025-P2,Carvana Auto Receivables Trust 2025-P2,2025,2,2025-08-11,0.00008036,52255.00000000,650287527.03999996
CRVNAP,CRVNAP 2025-P1,Carvana Auto Receivables Trust 2025-P1,2025,2,2025-05-12,0.00003381,20378.00000000,602782241.60000002
CRVNAP,CRVNAP 2025-P4,Carvana Auto Receivables Trust 2025-P4,2025,2,2026-01-12,0.00000295,2753.00000000,934700353.00999999
CRVNAP,CRVNAP 2025-P3,Carvana Auto Receivables Trust 2025-P3,2025,3,2025-12-10,0.00012124,122653.00000000,1011676949.26999998
CRVNAP,CRVNAP 2025-P4,Carvana Auto Receivables Trust 2025-P4,2025,3,2026-02-10,0.00005888,55036.00000000,934700353.00999999
CRVNAP,CRVNAP 2025-P1,Carvana Auto Receivables Trust 2025-P1,2025,3,2025-06-10,0.00011547,69605.00000000,602782241.60000002
CRVNAP,CRVNAP 2025-P2,Carvana Auto Receivables Trust 2025-P2,2025,3,2025-09-10,0.00017920,116533.00000000,650287527.03999996
CRVNAP,CRVNAP 2025-P3,Carvana Auto Receivables Trust 2025-P3,2025,4,2026-01-12,0.00041132,416127.00000000,1011676949.26999998
CRVNAP,CRVNAP 2025-P4,Carvana Auto Receivables Trust 2025-P4,2025,4,2026-03-10,0.00015581,145638.00000000,934700353.00999999
CRVNAP,CRVNAP 2025-P1,Carvana Auto Receivables Trust 2025-P1,2025,4,2025-07-10,0.00052297,315240.00000000,602782241.60000002
CRVNAP,CRVNAP 2025-P2,Carvana Auto Receivables Trust 2025-P2,2025,4,2025-10-10,0.00055578,361414.00000000,650287527.03999996
CRVNAP,CRVNAP 2025-P2,Carvana Auto Receivables Trust 2025-P2,2025,5,2025-11-10,0.00096120,625055.00000000,650287527.03999996
CRVNAP,CRVNAP 2025-P3,Carvana Auto Receivables Trust 2025-P3,2025,5,2026-02-10,0.00074280,751478.00000000,1011676949.26999998
CRVNAP,CRVNAP 2025-P1,Carvana Auto Receivables Trust 2025-P1,2025,5,2025-08-11,0.00113637,684986.00000000,602782241.60000002
CRVNAP,CRVNAP 2025-P4,Carvana Auto Receivables Trust 2025-P4,2025,5,2026-04-10,0.00028169,263294.00000000,934700353.00999999
CRVNAP,CRVNAP 2025-P3,Carvana Auto Receivables Trust 2025-P3,2025,6,2026-03-10,0.00110812,1121057.00000000,1011676949.26999998
CRVNAP,CRVNAP 2025-P4,Carvana Auto Receivables Trust 2025-P4,2025,6,2026-05-11,0.00065576,612936.00000000,934700353.00999999
CRVNAP,CRVNAP 2025-P1,Carvana Auto Receivables Trust 2025-P1,2025,6,2025-09-10,0.00207854,1252904.00000000,602782241.60000002
CRVNAP,CRVNAP 2025-P2,Carvana Auto Receivables Trust 2025-P2,2025,6,2025-12-10,0.00152303,990408.00000000,650287527.03999996
CRVNAP,CRVNAP 2025-P4,Carvana Auto Receivables Trust 2025-P4,2025,7,2026-06-10,0.00094069,879261.00000000,934700353.00999999
CRVNAP,CRVNAP 2025-P3,Carvana Auto Receivables Trust 2025-P3,2025,7,2026-04-10,0.00170809,1728034.00000000,1011676949.26999998
CRVNAP,CRVNAP 2025-P1,Carvana Auto Receivables Trust 2025-P1,2025,7,2025-10-10,0.00268129,1616236.00000000,602782241.60000002
CRVNAP,CRVNAP 2025-P2,Carvana Auto Receivables Trust 2025-P2,2025,7,2026-01-12,0.00227340,1478365.00000000,650287527.03999996
CRVNAP,CRVNAP 2025-P2,Carvana Auto Receivables Trust 2025-P2,2025,8,2026-02-10,0.00309445,2012284.00000000,650287527.03999996
CRVNAP,CRVNAP 2025-P1,Carvana Auto Receivables Trust 2025-P1,2025,8,2025-11-10,0.00343810,2072426.00000000,602782241.60000002
CRVNAP,CRVNAP 2025-P3,Carvana Auto Receivables Trust 2025-P3,2025,8,2026-05-11,0.00227546,2302034.00000000,1011676949.26999998
CRVNAP,CRVNAP 2025-P4,Carvana Auto Receivables Trust 2025-P4,2025,8,2026-07-10,0.00148949,1392225.00000000,934700353.00999999
CRVNAP,CRVNAP 2025-P2,Carvana Auto Receivables Trust 2025-P2,2025,9,2026-03-10,0.00382172,2485220.00000000,650287527.03999996
CRVNAP,CRVNAP 2025-P3,Carvana Auto Receivables Trust 2025-P3,2025,9,2026-06-10,0.00290670,2940641.00000000,1011676949.26999998
CRVNAP,CRVNAP 2025-P1,Carvana Auto Receivables Trust 2025-P1,2025,9,2025-12-10,0.00432554,2607359.00000000,602782241.60000002
CRVNAP,CRVNAP 2025-P2,Carvana Auto Receivables Trust 2025-P2,2025,10,2026-04-10,0.00457283,2973657.00000000,650287527.03999996
CRVNAP,CRVNAP 2025-P1,Carvana Auto Receivables Trust 2025-P1,2025,10,2026-01-12,0.00486602,2933150.00000000,602782241.60000002
CRVNAP,CRVNAP 2025-P3,Carvana Auto Receivables Trust 2025-P3,2025,10,2026-07-10,0.00348293,3523595.00000000,1011676949.26999998
CRVNAP,CRVNAP 2025-P1,Carvana Auto Receivables Trust 2025-P1,2025,11,2026-02-10,0.00581717,3506486.00000000,602782241.60000002
CRVNAP,CRVNAP 2025-P2,Carvana Auto Receivables Trust 2025-P2,2025,11,2026-05-11,0.00522359,3396834.00000000,650287527.03999996
CRVNAP,CRVNAP 2025-P1,Carvana Auto Receivables Trust 2025-P1,2025,12,2026-03-10,0.00572297,3449706.00000000,602782241.60000002
CRVNAP,CRVNAP 2025-P2,Carvana Auto Receivables Trust 2025-P2,2025,12,2026-06-10,0.00587444,3820074.00000000,650287527.03999996
CRVNAP,CRVNAP 2025-P2,Carvana Auto Receivables Trust 2025-P2,2025,13,2026-07-10,0.00659949,4291569.00000000,650287527.03999996
CRVNAP,CRVNAP 2025-P1,Carvana Auto Receivables Trust 2025-P1,2025,13,2026-04-10,0.00653730,3940566.00000000,602782241.60000002
CRVNAP,CRVNAP 2025-P1,Carvana Auto Receivables Trust 2025-P1,2025,14,2026-05-11,0.00735547,4433745.00000000,602782241.60000002
CRVNAP,CRVNAP 2025-P1,Carvana Auto Receivables Trust 2025-P1,2025,15,2026-06-10,0.00792456,4776787.00000000,602782241.60000002
CRVNAP,CRVNAP 2025-P1,Carvana Auto Receivables Trust 2025-P1,2025,16,2026-07-10,0.00880084,5304993.00000000,602782241.60000002
CRVNAP,CRVNAP 2026-P1,Carvana Auto Receivables Trust 2026-P1,2026,1,2026-04-10,0.00000063,667.00000000,1050701593.25000000
CRVNAP,CRVNAP 2026-P1,Carvana Auto Receivables Trust 2026-P1,2026,2,2026-05-11,0.00004471,46974.00000000,1050701593.25000000
CRVNAP,CRVNAP 2026-P1,Carvana Auto Receivables Trust 2026-P1,2026,3,2026-06-10,0.00010726,112699.00000000,1050701593.25000000
CRVNAP,CRVNAP 2026-P1,Carvana Auto Receivables Trust 2026-P1,2026,4,2026-07-10,0.00019784,207875.00000000,1050701593.25000000
