issuer_code,vintage_year,months_seasoned,cnl_ratio,net_losses_cum,original_pool_balance,n_deals,latest_dist
WOART,2017,1,0.00006606,137146.08276700,2076209546.80999994,2,2017-09-15
WOART,2017,2,0.00030000,622862.86404300,2076209546.80999994,2,2017-10-16
WOART,2017,3,0.00103211,2142880.75766300,2076209546.80999994,2,2017-11-15
WOART,2017,4,0.00176239,3659094.99022200,2076209546.80999994,2,2017-12-15
WOART,2017,5,0.00292662,6076267.91341900,2076209546.80999994,2,2018-01-16
WOART,2017,6,0.00385690,8007724.05534000,2076209546.80999994,2,2018-02-15
WOART,2017,7,0.00458718,9523938.28789900,2076209546.80999994,2,2018-03-15
WOART,2017,8,0.00541929,11251577.13620000,2076209546.80999994,2,2018-04-16
WOART,2017,9,0.00638168,13249704.48897400,2076209546.80999994,2,2018-05-15
WOART,2017,10,0.00724407,15040210.88706700,2076209546.80999994,2,2018-06-15
WOART,2017,11,0.00757802,15733548.62302400,2076209546.80999994,2,2018-07-16
WOART,2017,12,0.00847252,17590726.23197000,2076209546.80999994,2,2018-08-15
WOART,2017,13,0.00923858,19181218.99750400,2076209546.80999994,2,2018-09-17
WOART,2017,14,0.00983674,20423141.06452900,2076209546.80999994,2,2018-10-15
WOART,2017,15,0.01040280,21598391.92070100,2076209546.80999994,2,2018-11-15
WOART,2017,16,0.01100280,22844117.64878700,2076209546.80999994,2,2018-12-17
WOART,2017,17,0.01166886,24226989.45964000,2076209546.80999994,2,2019-01-15
WOART,2017,18,0.01230463,25546993.72070100,2076209546.80999994,2,2019-02-15
WOART,2017,19,0.01300280,26996536.74240700,2076209546.80999994,2,2019-03-15
WOART,2017,20,0.01363491,28308933.68134600,2076209546.80999994,2,2019-04-15
WOART,2017,21,0.01413308,29343234.79369000,2076209546.80999994,2,2019-05-15
WOART,2017,22,0.01472942,30581353.19965400,2076209546.80999994,2,2019-06-17
WOART,2017,23,0.01512758,31408033.35731700,2076209546.80999994,2,2019-07-15
WOART,2017,24,0.01549364,32168042.30412700,2076209546.80999994,2,2019-08-15
WOART,2017,25,0.01586153,32931854.91199800,2076209546.80999994,2,2019-09-16
WOART,2017,26,0.01605970,33343293.16029900,2076209546.80999994,2,2019-10-15
WOART,2017,27,0.01635970,33966156.02434200,2076209546.80999994,2,2019-11-15
WOART,2017,28,0.01675970,34796639.84306600,2076209546.80999994,2,2019-12-16
WOART,2017,29,0.01699364,35282356.62434199,2076209546.80999994,2,2020-01-15
WOART,2017,30,0.01729364,35905219.48838501,2076209546.80999994,2,2020-02-18
WOART,2017,31,0.01769181,36731899.64604800,2076209546.80999994,2,2020-03-16
WOART,2017,32,0.01808814,37554776.14265000,2076209546.80999994,2,2020-04-15
WOART,2017,33,0.01858814,38592880.91605499,2076209546.80999994,2,2020-05-15
WOART,2017,34,0.01885420,39145268.90818401,2076209546.80999994,2,2020-06-15
WOART,2017,35,0.01902026,39490035.94563200,2076209546.80999994,2,2020-07-15
WOART,2017,36,0.01915237,39764328.11116600,2076209546.80999994,2,2020-08-17
WOART,2017,37,0.01934870,40171962.69840600,2076209546.80999994,2,2020-09-15
WOART,2017,38,0.01934870,40171962.69840600,2076209546.80999994,2,2020-10-15
WOART,2017,39,0.01941476,40309108.78117301,2076209546.80999994,2,2020-11-16
WOART,2017,40,0.01951476,40516729.73585400,2076209546.80999994,2,2020-12-15
WOART,2017,41,0.01944870,40379583.65308701,2076209546.80999994,2,2021-01-15
WOART,2017,42,0.01948265,40450058.52500100,2076209546.80999994,2,2021-02-16
WOART,2017,43,0.01944870,40379583.65308701,2076209546.80999994,2,2021-03-15
WOART,2017,44,0.01944870,40379583.65308701,2076209546.80999994,2,2021-04-15
WOART,2017,45,0.01951476,40516729.73585400,2076209546.80999994,2,2021-05-17
WOART,2017,46,0.01958082,40653875.81862099,2076209546.80999994,2,2021-06-15
WOART,2017,47,0.01958082,40653875.81862099,2076209546.80999994,2,2021-07-15
WOART,2017,48,0.01948082,40446254.86394000,2076209546.80999994,2,2021-08-16
WOART,2017,49,0.01944870,40379583.65308701,2076209546.80999994,2,2021-09-15
WOART,2017,50,0.01931659,40105291.48755300,2076209546.80999994,2,2021-10-15
WOART,2017,51,0.01380000,9725532.32413200,704748719.13999999,1,2021-11-15
WOART,2017,52,0.01370000,9655057.45221800,704748719.13999999,1,2021-12-15
WOART,2018,1,0.00015280,638669.55645800,4179797223.09999990,4,2018-11-15
WOART,2018,2,0.00046257,1933468.02285300,4179797223.09999990,4,2018-12-17
WOART,2018,3,0.00086875,3631190.26149900,4179797223.09999943,4,2019-01-15
WOART,2018,4,0.00149658,6255399.38230200,4179797223.09999990,4,2019-02-15
WOART,2018,5,0.00204492,8547349.41149200,4179797223.09999990,4,2019-03-15
WOART,2018,6,0.00257189,10749973.70485500,4179797223.09999943,4,2019-04-15
WOART,2018,7,0.00289772,12111877.02412000,4179797223.09999990,4,2019-05-15
WOART,2018,8,0.00333543,13941405.56508600,4179797223.09999943,4,2019-06-17
WOART,2018,9,0.00366743,15329112.23375700,4179797223.09999990,4,2019-07-15
WOART,2018,10,0.00407759,17043511.68949000,4179797223.09999990,4,2019-08-15
WOART,2018,11,0.00447759,18715430.57873000,4179797223.09999990,4,2019-09-16
WOART,2018,12,0.00502954,21022459.19666000,4179797223.09999990,4,2019-10-15
WOART,2018,13,0.00544103,22742402.31826300,4179797223.09999943,4,2019-11-15
WOART,2018,14,0.00580001,24242857.30742800,4179797223.09999990,4,2019-12-16
WOART,2018,15,0.00623230,26049745.40011900,4179797223.09999990,4,2020-01-15
WOART,2018,16,0.00661293,27640705.18814000,4179797223.09999990,4,2020-02-18
WOART,2018,17,0.00703990,29425349.75919300,4179797223.09999990,4,2020-03-16
WOART,2018,18,0.00731967,30594747.35845500,4179797223.09999990,4,2020-04-15
WOART,2018,19,0.00769973,32183326.38173700,4179797223.09999943,4,2020-05-15
WOART,2018,20,0.00801636,33506751.16627600,4179797223.09999990,4,2020-06-15
WOART,2018,21,0.00840144,35116326.73212400,4179797223.09999990,4,2020-07-15
WOART,2018,22,0.00863601,36096767.66438400,4179797223.09999990,4,2020-08-17
WOART,2018,23,0.00877732,36687412.98847900,4179797223.09999990,4,2020-09-15
WOART,2018,24,0.00894532,37389604.93135800,4179797223.09999990,4,2020-10-15
WOART,2018,25,0.00920325,38467715.59537200,4179797223.09999990,4,2020-11-16
WOART,2018,26,0.00943497,39436263.47870399,4179797223.09999990,4,2020-12-15
WOART,2018,27,0.00978692,40907332.65201400,4179797223.09999990,4,2021-01-15
WOART,2018,28,0.00993886,41542419.74202300,4179797223.09999990,4,2021-02-16
WOART,2018,29,0.00994303,41559856.45682099,4179797223.09999990,4,2021-03-15
WOART,2018,30,0.00999554,41779344.58925900,4179797223.09999990,4,2021-04-15
WOART,2018,31,0.01003800,41956794.35920300,4179797223.09999990,4,2021-05-17
WOART,2018,32,0.01006383,42064758.51153800,4179797223.09999990,4,2021-06-15
WOART,2018,33,0.01015205,42433512.29977500,4179797223.09999990,4,2021-07-15
WOART,2018,34,0.01017788,42541476.45210999,4179797223.09999990,4,2021-08-16
WOART,2018,35,0.01013040,42343007.50091900,4179797223.09999990,4,2021-09-15
WOART,2018,36,0.01023040,42760987.22322900,4179797223.09999990,4,2021-10-15
WOART,2018,37,0.01012565,42323167.38270099,4179797223.09999990,4,2021-11-15
WOART,2018,38,0.01005765,42038955.16213199,4179797223.09999943,4,2021-12-15
WOART,2018,39,0.01000542,41820646.09272300,4179797223.09999990,4,2022-01-18
WOART,2018,40,0.01001160,41846449.44212900,4179797223.09999990,4,2022-02-15
WOART,2018,41,0.01003800,41956794.35920300,4179797223.09999943,4,2022-03-15
WOART,2018,42,0.01001720,41869872.02679600,4179797223.09999990,4,2022-04-15
WOART,2018,43,0.00994303,41559856.45682099,4179797223.09999990,4,2022-05-16
WOART,2018,44,0.00994303,41559856.45682099,4179797223.09999990,4,2022-06-15
WOART,2018,45,0.00986943,41252221.65158500,4179797223.09999990,4,2022-07-15
WOART,2018,46,0.00986468,41232381.53336700,4179797223.09999943,4,2022-08-15
WOART,2018,47,0.00986468,41232381.53336700,4179797223.09999990,4,2022-09-15
WOART,2018,48,0.00981160,41010489.99750900,4179797223.09999990,4,2022-10-17
WOART,2018,49,0.00983743,41118454.14984400,4179797223.09999990,4,2022-11-15
WOART,2018,50,0.01009106,20148879.66288500,1996706529.00999975,2,2022-12-15
WOART,2019,1,0.00006435,200500.95514700,3115744744.21999979,3,2019-12-16
WOART,2019,2,0.00029258,911598.21490900,3115744744.21999979,3,2020-01-15
WOART,2019,3,0.00064402,2006603.82407200,3115744744.21999979,3,2020-02-18
WOART,2019,4,0.00106578,3320683.07422900,3115744744.21999979,3,2020-03-16
WOART,2019,5,0.00159400,4966503.75725700,3115744744.21999979,3,2020-04-15
WOART,2019,6,0.00231864,7224296.32805200,3115744744.21999979,3,2020-05-15
WOART,2019,7,0.00295978,9221910.25475200,3115744744.21999979,3,2020-06-15
WOART,2019,8,0.00327510,10204363.21968600,3115744744.21999979,3,2020-07-15
WOART,2019,9,0.00359543,11202430.62055900,3115744744.21999979,3,2020-08-17
WOART,2019,10,0.00391481,12197539.77152400,3115744744.21999979,3,2020-09-15
WOART,2019,11,0.00440644,13729328.68536900,3115744744.21999979,3,2020-10-15
WOART,2019,12,0.00485499,15126918.87158200,3115744744.21999979,3,2020-11-16
WOART,2019,13,0.00545547,16997844.84306800,3115744744.21999979,3,2020-12-15
WOART,2019,14,0.00580691,18092850.45223100,3115744744.21999979,3,2021-01-15
WOART,2019,15,0.00615046,19163251.72808300,3115744744.21999979,3,2021-02-16
WOART,2019,16,0.00650000,20252340.83743000,3115744744.21999979,3,2021-03-15
WOART,2019,17,0.00670647,20895656.74472300,3115744744.21999979,3,2021-04-15
WOART,2019,18,0.00687035,21406253.04933800,3115744744.21999979,3,2021-05-17
WOART,2019,19,0.00708231,22066662.51752400,3115744744.21999979,3,2021-06-15
WOART,2019,20,0.00725909,22617477.59138900,3115744744.21999979,3,2021-07-15
WOART,2019,21,0.00735909,22929052.06581100,3115744744.21999979,3,2021-08-16
WOART,2019,22,0.00739474,23040125.58508600,3115744744.21999979,3,2021-09-15
WOART,2019,23,0.00761606,23729691.90909300,3115744744.21999979,3,2021-10-15
WOART,2019,24,0.00779478,24286538.63042200,3115744744.21999979,3,2021-11-15
WOART,2019,25,0.00780220,24309663.83877900,3115744744.21999979,3,2021-12-15
WOART,2019,26,0.00786655,24510164.79392600,3115744744.21999979,3,2022-01-18
WOART,2019,27,0.00780267,24311142.96373300,3115744744.21999979,3,2022-02-15
WOART,2019,28,0.00775960,24176944.23610100,3115744744.21999979,3,2022-03-15
WOART,2019,29,0.00782395,24377445.19124800,3115744744.21999979,3,2022-04-15
WOART,2019,30,0.00783138,24400570.39960500,3115744744.21999979,3,2022-05-16
WOART,2019,31,0.00779573,24289496.88033000,3115744744.21999979,3,2022-06-15
WOART,2019,32,0.00778831,24266371.67197300,3115744744.21999979,3,2022-07-15
WOART,2019,33,0.00778831,24266371.67197300,3115744744.21999979,3,2022-08-15
WOART,2019,34,0.00776008,24178423.36105500,3115744744.21999979,3,2022-09-15
WOART,2019,35,0.00776008,24178423.36105500,3115744744.21999979,3,2022-10-17
WOART,2019,36,0.00779620,24290976.00528400,3115744744.21999979,3,2022-11-15
WOART,2019,37,0.00782443,24378924.31620200,3115744744.21999979,3,2022-12-15
WOART,2019,38,0.00779620,24290976.00528400,3115744744.21999979,3,2023-01-17
WOART,2019,39,0.00779620,24290976.00528400,3115744744.21999979,3,2023-02-15
WOART,2019,40,0.00779668,24292455.13023800,3115744744.21999979,3,2023-03-15
WOART,2019,41,0.00779668,24292455.13023800,3115744744.21999979,3,2023-04-17
WOART,2019,42,0.00776055,24179902.48600900,3115744744.21999979,3,2023-05-15
WOART,2019,43,0.00776055,24179902.48600900,3115744744.21999979,3,2023-06-15
WOART,2019,44,0.00778878,24267850.79692700,3115744744.21999979,3,2023-07-17
WOART,2019,45,0.00779620,24290976.00528400,3115744744.21999979,3,2023-08-15
WOART,2019,46,0.00783233,24403528.64951300,3115744744.21999979,3,2023-09-15
WOART,2019,47,0.00782443,24378924.31620200,3115744744.21999979,3,2023-10-16
WOART,2019,48,0.00829067,16500239.22017200,1990218301.92999983,2,2023-05-15
WOART,2019,49,0.00860000,9552322.65765000,1110735192.75000000,1,2023-02-15
WOART,2020,1,0.00002831,87445.65979500,3088624252.59000015,3,2020-09-15
WOART,2020,2,0.00018425,569068.88050400,3088624252.59000015,3,2020-10-15
WOART,2020,3,0.00048243,1490050.92432800,3088624252.59000015,3,2020-11-16
WOART,2020,4,0.00075274,2324931.49203000,3088624252.59000015,3,2020-12-15
WOART,2020,5,0.00119543,3692221.77459500,3088624252.59000015,3,2021-01-15
WOART,2020,6,0.00146780,4533493.91471700,3088624252.59000015,3,2021-02-16
WOART,2020,7,0.00168080,5191352.63868900,3088624252.59000015,3,2021-03-15
WOART,2020,8,0.00198105,6118726.25493300,3088624252.59000015,3,2021-04-15
WOART,2020,9,0.00220755,6818291.53329300,3088624252.59000015,3,2021-05-17
WOART,2020,10,0.00244911,7564382.25752700,3088624252.59000015,3,2021-06-15
WOART,2020,11,0.00259136,8003741.08064200,3088624252.59000015,3,2021-07-15
WOART,2020,12,0.00264799,8178632.40023200,3088624252.59000015,3,2021-08-16
WOART,2020,13,0.00260573,8048136.00237600,3088624252.59000015,3,2021-09-15
WOART,2020,14,0.00273405,8444444.08743000,3088624252.59000015,3,2021-10-15
WOART,2020,15,0.00276305,8534020.27136500,3088624252.59000015,3,2021-11-15
WOART,2020,16,0.00276305,8534020.27136500,3088624252.59000015,3,2021-12-15
WOART,2020,17,0.00284868,8798487.77489000,3088624252.59000015,3,2022-01-18
WOART,2020,18,0.00300505,9281455.17927200,3088624252.59000015,3,2022-02-15
WOART,2020,19,0.00303405,9371031.36320700,3088624252.59000015,3,2022-03-15
WOART,2020,20,0.00302036,9328766.96561300,3088624252.59000015,3,2022-04-15
WOART,2020,21,0.00314868,9725075.05066700,3088624252.59000015,3,2022-05-16
WOART,2020,22,0.00317699,9812520.71046200,3088624252.59000015,3,2022-06-15
WOART,2020,23,0.00326167,10074071.34938000,3088624252.59000015,3,2022-07-15
WOART,2020,24,0.00328998,10161517.00917500,3088624252.59000015,3,2022-08-15
WOART,2020,25,0.00331898,10251093.19311000,3088624252.59000015,3,2022-09-15
WOART,2020,26,0.00330436,10205911.93090900,3088624252.59000015,3,2022-10-17
WOART,2020,27,0.00337535,10425198.17223300,3088624252.59000015,3,2022-11-15
WOART,2020,28,0.00337604,10427328.69637300,3088624252.59000015,3,2022-12-15
WOART,2020,29,0.00341873,10559169.27790200,3088624252.59000015,3,2023-01-17
WOART,2020,30,0.00341873,10559169.27790200,3088624252.59000015,3,2023-02-15
WOART,2020,31,0.00348973,10778455.51922600,3088624252.59000015,3,2023-03-15
WOART,2020,32,0.00348973,10778455.51922600,3088624252.59000015,3,2023-04-17
WOART,2020,33,0.00353241,10910296.10075500,3088624252.59000015,3,2023-05-15
WOART,2020,34,0.00356073,10997741.76055000,3088624252.59000015,3,2023-06-15
WOART,2020,35,0.00356004,10995611.23641000,3088624252.59000015,3,2023-07-17
WOART,2020,36,0.00356004,10995611.23641000,3088624252.59000015,3,2023-08-15
WOART,2020,37,0.00360341,11129582.34207900,3088624252.59000015,3,2023-09-15
WOART,2020,38,0.00357510,11042136.68228400,3088624252.59000015,3,2023-10-16
WOART,2020,39,0.00360341,11129582.34207900,3088624252.59000015,3,2023-11-15
WOART,2020,40,0.00367510,11350999.10754300,3088624252.59000015,3,2023-12-15
WOART,2020,41,0.00368878,11393263.50513700,3088624252.59000015,3,2024-01-16
WOART,2020,42,0.00373147,11525104.08666600,3088624252.59000015,3,2024-02-15
WOART,2020,43,0.00371778,11482839.68907200,3088624252.59000015,3,2024-03-15
WOART,2020,44,0.00371778,11482839.68907200,3088624252.59000015,3,2024-04-15
WOART,2020,45,0.00367510,11350999.10754300,3088624252.59000015,3,2024-05-15
WOART,2020,46,0.00370341,11438444.76733800,3088624252.59000015,3,2024-06-17
WOART,2020,47,0.00370341,11438444.76733800,3088624252.59000015,3,2024-07-15
WOART,2020,48,0.00367510,11350999.10754300,3088624252.59000015,3,2024-08-15
WOART,2020,49,0.00320000,4218898.60892800,1318405815.28999996,1,2024-09-16
WOART,2020,50,0.00310000,4087058.02739900,1318405815.28999996,1,2024-10-15
WOART,2021,1,0.00002491,115752.11649500,4647336260.39999962,4,2021-12-15
WOART,2021,2,0.00007570,351794.10821900,4647336260.39999962,4,2022-01-18
WOART,2021,3,0.00027647,1284831.28324300,4647336260.39999962,4,2022-02-15
WOART,2021,4,0.00045314,2105896.77623600,4647336260.39999962,4,2022-03-15
WOART,2021,5,0.00067785,3150193.76336900,4647336260.39999962,4,2022-04-15
WOART,2021,6,0.00088041,4091549.13159100,4647336260.39999962,4,2022-05-16
WOART,2021,7,0.00097785,4544394.64148900,4647336260.39999962,4,2022-06-15
WOART,2021,8,0.00107570,4999130.36861900,4647336260.39999962,4,2022-07-15
WOART,2021,9,0.00124864,5802847.60529400,4647336260.39999962,4,2022-08-15
WOART,2021,10,0.00142450,6620132.66382300,4647336260.39999962,4,2022-09-15
WOART,2021,11,0.00162276,7541492.23422500,4647336260.39999962,4,2022-10-17
WOART,2021,12,0.00182450,8479067.16798300,4647336260.39999962,4,2022-11-15
WOART,2021,13,0.00190215,8839936.79367000,4647336260.39999962,4,2022-12-15
WOART,2021,14,0.00210272,9772051.58725200,4647336260.39999962,4,2023-01-17
WOART,2021,15,0.00227997,10595764.62174700,4647336260.39999962,4,2023-02-15
WOART,2021,16,0.00247936,11522419.27515300,4647336260.39999962,4,2023-03-15
WOART,2021,17,0.00255603,11878751.14210600,4647336260.39999962,4,2023-04-17
WOART,2021,18,0.00268074,12458314.50319900,4647336260.39999962,4,2023-05-15
WOART,2021,19,0.00282938,13149092.22205300,4647336260.39999962,4,2023-06-15
WOART,2021,20,0.00292938,13613825.84809300,4647336260.39999962,4,2023-07-17
WOART,2021,21,0.00297977,13847977.62258500,4647336260.39999962,4,2023-08-15
WOART,2021,22,0.00305563,14200529.05507400,4647336260.39999962,4,2023-09-15
WOART,2021,23,0.00318013,14779124.58037700,4647336260.39999962,4,2023-10-16
WOART,2021,24,0.00335794,15605485.15637400,4647336260.39999962,4,2023-11-15
WOART,2021,25,0.00336184,15623590.73696200,4647336260.39999962,4,2023-12-15
WOART,2021,26,0.00353478,16427307.97363700,4647336260.39999962,4,2024-01-16
WOART,2021,27,0.00373576,17361312.98445100,4647336260.39999962,4,2024-02-15
WOART,2021,28,0.00378671,17598112.30044500,4647336260.39999962,4,2024-03-15
WOART,2021,29,0.00381085,17710294.49399600,4647336260.39999962,4,2024-04-15
WOART,2021,30,0.00386046,17940876.34554400,4647336260.39999962,4,2024-05-15
WOART,2021,31,0.00391223,18181456.09600200,4647336260.39999962,4,2024-06-17
WOART,2021,32,0.00393556,18289857.85508900,4647336260.39999962,4,2024-07-15
WOART,2021,33,0.00398594,18524009.62958100,4647336260.39999962,4,2024-08-15
WOART,2021,34,0.00398594,18524009.62958100,4647336260.39999962,4,2024-09-16
WOART,2021,35,0.00400967,18634301.60590000,4647336260.39999962,4,2024-10-15
WOART,2021,36,0.00410967,19099035.23194000,4647336260.39999962,4,2024-11-15
WOART,2021,37,0.00416006,19333187.00643200,4647336260.39999962,4,2024-12-16
WOART,2021,38,0.00426140,19804138.09691800,4647336260.39999962,4,2025-01-15
WOART,2021,39,0.00423592,19685738.43892100,4647336260.39999962,4,2025-02-18
WOART,2021,40,0.00431101,20034719.94846600,4647336260.39999962,4,2025-03-17
WOART,2021,41,0.00436278,20275299.69892400,4647336260.39999962,4,2025-04-15
WOART,2021,42,0.00431316,20044717.84737600,4647336260.39999962,4,2025-05-15
WOART,2021,43,0.00438769,20391051.81541900,4647336260.39999962,4,2025-06-16
WOART,2021,44,0.00436180,20270761.94019000,4647336260.39999962,4,2025-07-15
WOART,2021,45,0.00443709,20620665.83117700,4647336260.39999962,4,2025-08-15
WOART,2021,46,0.00441162,20502266.17318000,4647336260.39999962,4,2025-09-15
WOART,2021,47,0.00441377,20512264.07209000,4647336260.39999962,4,2025-10-15
WOART,2021,48,0.00441162,20502266.17318000,4647336260.39999962,4,2025-11-17
WOART,2021,49,0.00431301,9945013.31329400,2305818515.48000002,2,2025-09-15
WOART,2022,1,0.00000000,0.00000000,4328323716.01000023,4,2022-12-15
WOART,2022,2,0.00004732,204818.06211900,4328323716.01000023,4,2023-01-17
WOART,2022,3,0.00027236,1178879.79708700,4328323716.01000023,4,2023-02-15
WOART,2022,4,0.00045453,1967368.29856500,4328323716.01000023,4,2023-03-15
WOART,2022,5,0.00085285,3691428.87775300,4328323716.01000023,4,2023-04-17
WOART,2022,6,0.00107958,4672759.51993700,4328323716.01000023,4,2023-05-15
WOART,2022,7,0.00135009,5843614.81434500,4328323716.01000023,4,2023-06-15
WOART,2022,8,0.00160753,6957928.22137300,4328323716.01000023,4,2023-07-17
WOART,2022,9,0.00190277,8235790.98183200,4328323716.01000023,4,2023-08-15
WOART,2022,10,0.00214564,9287028.95852400,4328323716.01000023,4,2023-09-15
WOART,2022,11,0.00231415,10016393.44840000,4328323716.01000023,4,2023-10-16
WOART,2022,12,0.00254455,11013651.43073100,4328323716.01000023,4,2023-11-15
WOART,2022,13,0.00279968,12117916.87911300,4328323716.01000023,4,2023-12-15
WOART,2022,14,0.00302917,13111223.44271000,4328323716.01000023,4,2024-01-16
WOART,2022,15,0.00326416,14128360.18392200,4328323716.01000023,4,2024-02-15
WOART,2022,16,0.00347565,15043734.91033200,4328323716.01000023,4,2024-03-15
WOART,2022,17,0.00375782,16265055.78341100,4328323716.01000023,4,2024-04-15
WOART,2022,18,0.00398731,17258362.34700800,4328323716.01000023,4,2024-05-15
WOART,2022,19,0.00427933,18522321.22328700,4328323716.01000023,4,2024-06-17
WOART,2022,20,0.00448177,19398572.36218700,4328323716.01000023,4,2024-07-15
WOART,2022,21,0.00470514,20365365.18993900,4328323716.01000023,4,2024-08-15
WOART,2022,22,0.00474955,20557573.40039300,4328323716.01000023,4,2024-09-16
WOART,2022,23,0.00493865,21376090.05340600,4328323716.01000023,4,2024-10-15
WOART,2022,24,0.00516338,22348762.26265900,4328323716.01000023,4,2024-11-15
WOART,2022,25,0.00536429,23218378.42459500,4328323716.01000023,4,2024-12-16
WOART,2022,26,0.00561329,24296130.13713200,4328323716.01000023,4,2025-01-15
WOART,2022,27,0.00569484,24649102.70877900,4328323716.01000023,4,2025-02-18
WOART,2022,28,0.00592356,25639091.78389400,4328323716.01000023,4,2025-03-17
WOART,2022,29,0.00619054,26794653.66840700,4328323716.01000023,4,2025-04-15
WOART,2022,30,0.00629254,27236144.47293900,4328323716.01000023,4,2025-05-15
WOART,2022,31,0.00639086,27661707.93732400,4328323716.01000023,4,2025-06-16
WOART,2022,32,0.00641835,27780691.32478800,4328323716.01000023,4,2025-07-15
WOART,2022,33,0.00643786,27865136.47372800,4328323716.01000023,4,2025-08-15
WOART,2022,34,0.00653327,28278090.08644800,4328323716.01000023,4,2025-09-15
WOART,2022,35,0.00655814,28385731.48275100,4328323716.01000023,4,2025-10-15
WOART,2022,36,0.00658118,28485470.04158600,4328323716.01000023,4,2025-11-17
WOART,2022,37,0.00675981,29258665.13316900,4328323716.01000023,4,2025-12-15
WOART,2022,38,0.00681249,29486679.44265100,4328323716.01000023,4,2026-01-15
WOART,2022,39,0.00679390,29406185.71244500,4328323716.01000023,4,2026-02-17
WOART,2022,40,0.00690279,29877507.74130400,4328323716.01000023,4,2026-03-16
WOART,2022,41,0.00685379,29665420.77196900,4328323716.01000023,4,2026-04-15
WOART,2022,42,0.00690556,29889483.66271700,4328323716.01000023,4,2026-05-15
WOART,2022,43,0.00695288,30094301.72483600,4328323716.01000023,4,2026-06-15
WOART,2022,44,0.00660748,20956695.70525800,3171664726.19000006,3,2026-04-15
WOART,2022,45,0.00660623,20952744.28652400,3171664726.19000006,3,2026-05-15
WOART,2022,46,0.00667205,21161513.76737700,3171664726.19000006,3,2026-06-15
WOART,2022,47,0.00638246,13072428.21137700,2048180621.19000006,2,2026-05-15
WOART,2022,48,0.00633538,12976007.14102400,2048180621.19000006,2,2026-06-15
WOART,2022,49,0.00670000,6460211.71365100,964210703.52999997,1,2026-03-16
WOART,2023,1,0.00002453,111936.82454600,4562499152.69999981,4,2023-12-15
WOART,2023,2,0.00010000,456249.91527000,4562499152.69999981,4,2024-01-16
WOART,2023,3,0.00035207,1606307.63993000,4562499152.69999981,4,2024-02-15
WOART,2023,4,0.00067770,3091986.89220200,4562499152.69999981,4,2024-03-15
WOART,2023,5,0.00100321,4577153.74826800,4562499152.69999981,4,2024-04-15
WOART,2023,6,0.00130425,5950639.97789100,4562499152.69999981,4,2024-05-15
WOART,2023,7,0.00165529,7552278.38608500,4562499152.69999981,4,2024-06-17
WOART,2023,8,0.00205727,9386293.06045700,4562499152.69999981,4,2024-07-15
WOART,2023,9,0.00228175,10410473.51744000,4562499152.69999981,4,2024-08-15
WOART,2023,10,0.00247969,11313567.63243100,4562499152.69999981,4,2024-09-16
WOART,2023,11,0.00278070,12686919.35790000,4562499152.69999981,4,2024-10-15
WOART,2023,12,0.00310520,14167471.42410200,4562499152.69999981,4,2024-11-15
WOART,2023,13,0.00340325,15527340.66077400,4562499152.69999981,4,2024-12-16
WOART,2023,14,0.00372787,17008417.93338700,4562499152.69999981,4,2025-01-15
WOART,2023,15,0.00412894,18838275.77222900,4562499152.69999981,4,2025-02-18
WOART,2023,16,0.00432799,19746429.82121300,4562499152.69999981,4,2025-03-17
WOART,2023,17,0.00462998,21124261.83239200,4562499152.69999981,4,2025-04-15
WOART,2023,18,0.00480550,21925081.03648900,4562499152.69999981,4,2025-05-15
WOART,2023,19,0.00510651,23298432.76195800,4562499152.69999981,4,2025-06-16
WOART,2023,20,0.00540744,24671461.03724700,4562499152.69999981,4,2025-07-15
WOART,2023,21,0.00565532,25802396.69083400,4562499152.69999981,4,2025-08-15
WOART,2023,22,0.00585329,26705625.30997900,4562499152.69999981,4,2025-09-15
WOART,2023,23,0.00607585,27721046.95177300,4562499152.69999981,4,2025-10-15
WOART,2023,24,0.00617676,28181453.70257300,4562499152.69999981,4,2025-11-17
WOART,2023,25,0.00632475,28856651.83709600,4562499152.69999981,4,2025-12-15
WOART,2023,26,0.00649926,29652869.06153400,4562499152.69999981,4,2026-01-15
WOART,2023,27,0.00657485,29997761.80054100,4562499152.69999981,4,2026-02-17
WOART,2023,28,0.00667492,30454335.16599100,4562499152.69999981,4,2026-03-16
WOART,2023,29,0.00682398,31134391.47827600,4562499152.69999981,4,2026-04-15
WOART,2023,30,0.00687504,31367347.39273700,4562499152.69999981,4,2026-05-15
WOART,2023,31,0.00697602,31828077.59371700,4562499152.69999981,4,2026-06-15
WOART,2023,32,0.00677576,23329826.68943600,3443130907.23999977,3,2026-04-15
WOART,2023,33,0.00687576,23674139.78016000,3443130907.23999977,3,2026-05-15
WOART,2023,34,0.00694063,23897501.03304600,3443130907.23999977,3,2026-06-15
WOART,2023,35,0.00665101,15161855.95407200,2279632325.44999981,2,2026-03-16
WOART,2023,36,0.00675101,15389819.18661700,2279632325.44999981,2,2026-04-15
WOART,2023,37,0.00680202,15506101.79271900,2279632325.44999981,2,2026-05-15
WOART,2023,38,0.00685101,15617782.41916200,2279632325.44999981,2,2026-06-15
WOART,2023,39,0.00670000,7482601.97168100,1116806264.43000007,1,2026-05-15
WOART,2023,40,0.00690000,7705963.22456700,1116806264.43000007,1,2026-06-15
WOART,2024,1,0.00003289,131259.59465000,3991383162.27999973,3,2024-09-16
WOART,2024,2,0.00013232,528146.53141800,3991383162.27999973,3,2024-10-15
WOART,2024,3,0.00059831,2388075.75898800,3991383162.27999973,3,2024-11-15
WOART,2024,4,0.00109909,4386875.49294600,3991383162.27999973,3,2024-12-16
WOART,2024,5,0.00162964,6504502.21028200,3991383162.27999973,3,2025-01-15
WOART,2024,6,0.00212999,8501588.39752400,3991383162.27999973,3,2025-02-18
WOART,2024,7,0.00259809,10369985.31019000,3991383162.27999973,3,2025-03-17
WOART,2024,8,0.00313211,12501439.24490000,3991383162.27999973,3,2025-04-15
WOART,2024,9,0.00343401,13706465.10532200,3991383162.27999973,3,2025-05-15
WOART,2024,10,0.00386746,15436529.34434400,3991383162.27999973,3,2025-06-16
WOART,2024,11,0.00443366,17696453.66150000,3991383162.27999973,3,2025-07-15
WOART,2024,12,0.00473353,18893330.77744000,3991383162.27999973,3,2025-08-15
WOART,2024,13,0.00509831,20349299.98924800,3991383162.27999973,3,2025-09-15
WOART,2024,14,0.00519753,20745330.15265800,3991383162.27999973,3,2025-10-15
WOART,2024,15,0.00553098,22076256.07545200,3991383162.27999973,3,2025-11-17
WOART,2024,16,0.00586231,23398714.31315000,3991383162.27999973,3,2025-12-15
WOART,2024,17,0.00612864,24461761.51436600,3991383162.27999973,3,2026-01-15
WOART,2024,18,0.00649420,25920838.87899200,3991383162.27999973,3,2026-02-17
WOART,2024,19,0.00675997,26981634.70074800,3991383162.27999973,3,2026-03-16
WOART,2024,20,0.00699498,27919638.61295000,3991383162.27999973,3,2026-04-15
WOART,2024,21,0.00719498,28717915.24540600,3991383162.27999973,3,2026-05-15
WOART,2024,22,0.00739498,29516191.87786200,3991383162.27999973,3,2026-06-15
WOART,2024,23,0.00719968,19286411.18025800,2678787215.77999973,2,2026-04-15
WOART,2024,24,0.00744984,19956536.37088200,2678787215.77999973,2,2026-05-15
WOART,2024,25,0.00770032,20627518.33486400,2678787215.77999973,2,2026-06-15
WOART,2024,26,0.00780000,10480684.30250400,1343677474.68000007,1,2026-04-15
WOART,2024,27,0.00790000,10615052.04997200,1343677474.68000007,1,2026-05-15
WOART,2024,28,0.00800000,10749419.79744000,1343677474.68000007,1,2026-06-15
WOART,2025,1,0.00005304,258476.21722900,4873183308.71999931,4,2025-11-17
WOART,2025,2,0.00019994,974362.84300100,4873183308.72000027,4,2025-12-15
WOART,2025,3,0.00053314,2598082.37708900,4873183308.72000027,4,2026-01-15
WOART,2025,4,0.00111994,5457681.16823400,4873183308.71999931,4,2026-02-17
WOART,2025,5,0.00179320,8738615.99305200,4873183308.72000027,4,2026-03-16
WOART,2025,6,0.00241375,11762637.72849800,4873183308.72000027,4,2026-04-15
WOART,2025,7,0.00289490,14107394.85052800,4873183308.71999931,4,2026-05-15
WOART,2025,8,0.00342109,16671621.59334500,4873183308.72000027,4,2026-06-15
WOART,2025,9,0.00386670,15043145.74340400,3890435272.57999992,3,2026-05-15
WOART,2025,10,0.00433151,16851463.77363600,3890435272.57999992,3,2026-06-15
WOART,2025,11,0.00469631,12151713.35434000,2587500359.72000027,2,2026-04-15
WOART,2025,12,0.00514770,13319665.39234300,2587500359.72000027,2,2026-05-15
WOART,2025,13,0.00564862,14615800.15628900,2587500359.72000027,2,2026-06-15
WOART,2025,14,0.00610000,7964605.91176900,1305673100.28999996,1,2026-03-16
WOART,2025,15,0.00670000,8748009.77194300,1305673100.28999996,1,2026-04-15
WOART,2025,16,0.00710000,9270279.01205900,1305673100.28999996,1,2026-05-15
WOART,2025,17,0.00730000,9531413.63211700,1305673100.28999996,1,2026-06-15
WOART,2026,1,0.00000000,0.00000000,1308658050.61999989,1,2026-03-16
WOART,2026,2,0.00010000,130865.80506200,1308658050.61999989,1,2026-04-15
WOART,2026,3,0.00050000,654329.02531000,1308658050.61999989,1,2026-05-15
WOART,2026,4,0.00100000,1308658.05062000,1308658050.61999989,1,2026-06-15
