Issuer,Series Label,CIK,Entity Name,Reporting Date,vintage_month,dq60_rate,dq30_59_rate,dq60_numerator,dq30_59_numerator,loan_count_total
AART,AART 2017-1,1679731,Ally Auto Receivables Trust 2017-1,2017-02-28,0,0.0008517628448879019,0.004943266510510145,56,325,65746
AART,AART 2017-1,1679731,Ally Auto Receivables Trust 2017-1,2017-03-31,1,0.0008835428518283137,0.005301257110969882,57,342,64513
AART,AART 2017-1,1679731,Ally Auto Receivables Trust 2017-1,2017-04-30,2,0.001387859384610532,0.005362183985995237,88,340,63407
AART,AART 2017-1,1679731,Ally Auto Receivables Trust 2017-1,2017-05-31,3,0.0012889504720781104,0.00694422066832082,80,431,62066
AART,AART 2017-1,1679731,Ally Auto Receivables Trust 2017-1,2017-06-30,4,0.0016805061289047055,0.006540793462501648,102,397,60696
AART,AART 2017-1,1679731,Ally Auto Receivables Trust 2017-1,2017-07-31,5,0.0019373641739247628,0.008086389595512054,115,480,59359
AART,AART 2017-1,1679731,Ally Auto Receivables Trust 2017-1,2017-08-31,6,0.0024322925651198896,0.007831637053648439,141,454,57970
AART,AART 2017-1,1679731,Ally Auto Receivables Trust 2017-1,2017-09-30,7,0.0024514991181657847,0.00947089947089947,139,537,56700
AART,AART 2017-1,1679731,Ally Auto Receivables Trust 2017-1,2017-10-31,8,0.002914396394113281,0.00984740148073059,161,544,55243
AART,AART 2017-1,1679731,Ally Auto Receivables Trust 2017-1,2017-11-30,9,0.0028768699654775605,0.010152566910427261,155,547,53878
AART,AART 2017-1,1679731,Ally Auto Receivables Trust 2017-1,2017-12-31,10,0.003916871066491738,0.012606240374194284,206,663,52593
AART,AART 2017-1,1679731,Ally Auto Receivables Trust 2017-1,2018-01-31,11,0.0037501464900972694,0.011738739794523223,192,601,51198
AART,AART 2017-1,1679731,Ally Auto Receivables Trust 2017-1,2018-02-28,12,0.002722886259435001,0.010370993252848019,136,518,49947
AART,AART 2017-1,1679731,Ally Auto Receivables Trust 2017-1,2018-03-31,13,0.0024316861064171786,0.010406792235090468,118,505,48526
AART,AART 2017-1,1679731,Ally Auto Receivables Trust 2017-1,2018-04-30,14,0.003133734225459473,0.008977725078343355,148,424,47228
AART,AART 2017-1,1679731,Ally Auto Receivables Trust 2017-1,2018-05-31,15,0.0029813718662952647,0.010489206128133704,137,482,45952
AART,AART 2017-1,1679731,Ally Auto Receivables Trust 2017-1,2018-06-30,16,0.0032599473049613717,0.010940919037199124,146,490,44786
AART,AART 2017-1,1679731,Ally Auto Receivables Trust 2017-1,2018-07-31,17,0.003719179025666927,0.013017126589834244,162,567,43558
AART,AART 2017-1,1679731,Ally Auto Receivables Trust 2017-1,2018-08-31,18,0.0036368788966559605,0.012516531267712072,154,530,42344
AART,AART 2017-1,1679731,Ally Auto Receivables Trust 2017-1,2018-09-30,19,0.004430670895576592,0.01387308427959228,183,573,41303
AART,AART 2017-1,1679731,Ally Auto Receivables Trust 2017-1,2018-10-31,20,0.003758088601294176,0.01523145843703335,151,612,40180
AART,AART 2017-1,1679731,Ally Auto Receivables Trust 2017-1,2018-11-30,21,0.0046676529102688364,0.01295720042850584,183,508,39206
AART,AART 2017-1,1679731,Ally Auto Receivables Trust 2017-1,2018-12-31,22,0.0045310494748697,0.016474162541578272,173,629,38181
AART,AART 2017-1,1679731,Ally Auto Receivables Trust 2017-1,2019-01-31,23,0.0044407363548282916,0.014963935838088062,165,556,37156
AART,AART 2017-1,1679731,Ally Auto Receivables Trust 2017-1,2019-02-28,24,0.0032881103036666573,0.012737973529330496,119,461,36191
AART,AART 2017-1,1679731,Ally Auto Receivables Trust 2017-1,2019-03-31,25,0.0033890581835787316,0.013499273773246376,119,474,35113
AART,AART 2017-1,1679731,Ally Auto Receivables Trust 2017-1,2019-04-30,26,0.003706209371415125,0.012383445598141012,126,421,33997
AART,AART 2017-1,1679731,Ally Auto Receivables Trust 2017-1,2019-05-31,27,0.004123586307267821,0.013674539886601377,136,451,32981
AART,AART 2017-1,1679731,Ally Auto Receivables Trust 2017-1,2019-06-30,28,0.004878048780487805,0.015509693558474046,156,496,31980
AART,AART 2017-1,1679731,Ally Auto Receivables Trust 2017-1,2019-07-31,29,0.004694987695894314,0.016966714156197382,145,524,30884
AART,AART 2017-1,1679731,Ally Auto Receivables Trust 2017-1,2019-08-31,30,0.005560580176196697,0.017117207650822364,166,511,29853
AART,AART 2017-1,1679731,Ally Auto Receivables Trust 2017-1,2019-09-30,31,0.005067508937558572,0.016903266113637152,146,487,28811
AART,AART 2017-1,1679731,Ally Auto Receivables Trust 2017-1,2019-10-31,32,0.005566329095740861,0.017991812109459167,155,501,27846
AART,AART 2017-1,1679731,Ally Auto Receivables Trust 2017-1,2019-11-30,33,0.005776494112419463,0.017958972080278458,156,485,27006
AART,AART 2017-1,1679731,Ally Auto Receivables Trust 2017-1,2019-12-31,34,0.0062907556578442655,0.019639432297660145,164,512,26070
AART,AART 2017-1,1679731,Ally Auto Receivables Trust 2017-1,2020-01-31,35,0.006133747560441312,0.018281754092484167,154,459,25107
AART,AART 2017-1,1679731,Ally Auto Receivables Trust 2017-1,2020-02-29,36,0.004757964418700869,0.017914770376499793,115,433,24170
AART,AART 2017-1,1679731,Ally Auto Receivables Trust 2017-1,2020-03-31,37,0.004779126840609662,0.01399293894773099,111,325,23226
AART,AART 2017-1,1679731,Ally Auto Receivables Trust 2017-1,2020-04-30,38,0.0031857136447256246,0.006640642527033697,71,148,22287
AART,AART 2017-1,1679731,Ally Auto Receivables Trust 2017-1,2020-05-31,39,0.0023475280529602328,0.006103572937696605,50,130,21299
AART,AART 2017-1,1679731,Ally Auto Receivables Trust 2017-1,2020-06-30,40,0.0018327719437289478,0.006885278383197939,37,139,20188
AART,AART 2017-1,1679731,Ally Auto Receivables Trust 2017-1,2020-07-31,41,0.0023100750774400166,0.0101328293169528,44,193,19047
AART,AART 2017-1,1679731,Ally Auto Receivables Trust 2017-1,2020-08-31,42,0.003609106052193226,0.012604108828428651,65,227,18010
AART,AART 2017-1,1679731,Ally Auto Receivables Trust 2017-1,2020-09-30,43,0.004846998364868021,0.013665031534688158,83,234,17124
AART,AART 2017-2,1700667,Ally Auto Receivables Trust 2017-2,2017-03-31,0,0.0001226692836113837,0.00372607948969578,8,243,65216
AART,AART 2017-2,1700667,Ally Auto Receivables Trust 2017-2,2017-04-30,1,0.0010741472982860344,0.004530099475380233,69,291,64237
AART,AART 2017-2,1700667,Ally Auto Receivables Trust 2017-2,2017-05-31,2,0.0010471370321597994,0.005362610861666852,66,338,63029
AART,AART 2017-2,1700667,Ally Auto Receivables Trust 2017-2,2017-06-30,3,0.001230848961876073,0.00597609561752988,76,369,61746
AART,AART 2017-2,1700667,Ally Auto Receivables Trust 2017-2,2017-07-31,4,0.00163633658947786,0.007272607064346044,99,440,60501
AART,AART 2017-2,1700667,Ally Auto Receivables Trust 2017-2,2017-08-31,5,0.0019486571210709143,0.007082945013979497,115,418,59015
AART,AART 2017-2,1700667,Ally Auto Receivables Trust 2017-2,2017-09-30,6,0.0023402152998075825,0.008234090869693345,135,475,57687
AART,AART 2017-2,1700667,Ally Auto Receivables Trust 2017-2,2017-10-31,7,0.002527994872799131,0.0090082070819462,142,506,56171
AART,AART 2017-2,1700667,Ally Auto Receivables Trust 2017-2,2017-11-30,8,0.0028010178862383976,0.009373340900353331,153,512,54623
AART,AART 2017-2,1700667,Ally Auto Receivables Trust 2017-2,2017-12-31,9,0.003352733985044546,0.011998267126254921,178,637,53091
AART,AART 2017-2,1700667,Ally Auto Receivables Trust 2017-2,2018-01-31,10,0.0032615659399328274,0.010716573802636433,168,552,51509
AART,AART 2017-2,1700667,Ally Auto Receivables Trust 2017-2,2018-02-28,11,0.002728648820905035,0.008803377947737412,137,442,50208
AART,AART 2017-2,1700667,Ally Auto Receivables Trust 2017-2,2018-03-31,12,0.002468221646303838,0.009543790365708174,120,464,48618
AART,AART 2017-2,1700667,Ally Auto Receivables Trust 2017-2,2018-04-30,13,0.0024381453134606824,0.008862128182839697,115,418,47167
AART,AART 2017-2,1700667,Ally Auto Receivables Trust 2017-2,2018-05-31,14,0.00255598033861278,0.01079191698525396,117,494,45775
AART,AART 2017-2,1700667,Ally Auto Receivables Trust 2017-2,2018-06-30,15,0.0035760070170703733,0.010773002271551627,159,479,44463
AART,AART 2017-2,1700667,Ally Auto Receivables Trust 2017-2,2018-07-31,16,0.003447797112180674,0.012981303221029248,149,561,43216
AART,AART 2017-2,1700667,Ally Auto Receivables Trust 2017-2,2018-08-31,17,0.0035265804084161365,0.012748111611504277,148,535,41967
AART,AART 2017-2,1700667,Ally Auto Receivables Trust 2017-2,2018-09-30,18,0.004453688975896244,0.013189771197846568,182,539,40865
AART,AART 2017-2,1700667,Ally Auto Receivables Trust 2017-2,2018-10-31,19,0.004240496743904286,0.01302438285627745,168,516,39618
AART,AART 2017-2,1700667,Ally Auto Receivables Trust 2017-2,2018-11-30,20,0.004223344992874725,0.013706438657857235,163,529,38595
AART,AART 2017-2,1700667,Ally Auto Receivables Trust 2017-2,2018-12-31,21,0.004715221908466087,0.01590388406414833,177,597,37538
AART,AART 2017-2,1700667,Ally Auto Receivables Trust 2017-2,2019-01-31,22,0.004936781766819341,0.015413729738624832,180,562,36461
AART,AART 2017-2,1700667,Ally Auto Receivables Trust 2017-2,2019-02-28,23,0.004255798878272879,0.012626476142160593,151,448,35481
AART,AART 2017-2,1700667,Ally Auto Receivables Trust 2017-2,2019-03-31,24,0.0036121063823589387,0.012409333216813773,124,426,34329
AART,AART 2017-2,1700667,Ally Auto Receivables Trust 2017-2,2019-04-30,25,0.0033984962406015035,0.013052631578947368,113,434,33250
AART,AART 2017-2,1700667,Ally Auto Receivables Trust 2017-2,2019-05-31,26,0.004121475054229935,0.01375890920359467,133,444,32270
AART,AART 2017-2,1700667,Ally Auto Receivables Trust 2017-2,2019-06-30,27,0.005112964560764388,0.015946058223883935,160,499,31293
AART,AART 2017-2,1700667,Ally Auto Receivables Trust 2017-2,2019-07-31,28,0.004635301129026918,0.01655464688938185,140,500,30203
AART,AART 2017-2,1700667,Ally Auto Receivables Trust 2017-2,2019-08-31,29,0.0054848993863768816,0.0161804531898118,160,472,29171
AART,AART 2017-2,1700667,Ally Auto Receivables Trust 2017-2,2019-09-30,30,0.004673393520977164,0.01579040538148345,132,446,28245
AART,AART 2017-2,1700667,Ally Auto Receivables Trust 2017-2,2019-10-31,31,0.004775373764831209,0.016273004444770967,130,443,27223
AART,AART 2017-2,1700667,Ally Auto Receivables Trust 2017-2,2019-11-30,32,0.004169351476329455,0.017928211348216656,110,473,26383
AART,AART 2017-2,1700667,Ally Auto Receivables Trust 2017-2,2019-12-31,33,0.0056510477984459614,0.02009261439447453,144,512,25482
AART,AART 2017-2,1700667,Ally Auto Receivables Trust 2017-2,2020-01-31,34,0.0055528534370946825,0.016820687418936445,137,415,24672
AART,AART 2017-2,1700667,Ally Auto Receivables Trust 2017-2,2020-02-29,35,0.004671323962629408,0.016454843868361248,111,391,23762
AART,AART 2017-2,1700667,Ally Auto Receivables Trust 2017-2,2020-03-31,36,0.00441067295515088,0.014192759509148872,101,325,22899
AART,AART 2017-2,1700667,Ally Auto Receivables Trust 2017-2,2020-04-30,37,0.0028606456885982836,0.0070380965354402214,63,155,22023
AART,AART 2017-2,1700667,Ally Auto Receivables Trust 2017-2,2020-05-31,38,0.0022293900009486764,0.0064035670240015176,47,135,21082
AART,AART 2017-2,1700667,Ally Auto Receivables Trust 2017-2,2020-06-30,39,0.002242822966507177,0.006778309409888357,45,136,20064
AART,AART 2017-2,1700667,Ally Auto Receivables Trust 2017-2,2020-07-31,40,0.0025173064820641915,0.00907279211243969,48,173,19068
AART,AART 2017-2,1700667,Ally Auto Receivables Trust 2017-2,2020-08-31,41,0.0028648559308027104,0.012891851688612198,52,234,18151
AART,AART 2017-2,1700667,Ally Auto Receivables Trust 2017-2,2020-09-30,42,0.004347322049617436,0.014085323440760491,75,243,17252
AART,AART 2017-2,1700667,Ally Auto Receivables Trust 2017-2,2020-10-31,43,0.005493834696618239,0.015565864973751679,90,255,16382
AART,AART 2017-2,1700667,Ally Auto Receivables Trust 2017-2,2020-11-30,44,0.00627923367719613,0.014608829371435894,98,228,15607
AART,AART 2017-3,1705002,Ally Auto Receivables Trust 2017-3,2017-06-30,0,0.001058596425680304,0.005573198829316894,68,358,64236
AART,AART 2017-3,1705002,Ally Auto Receivables Trust 2017-3,2017-07-31,1,0.001632355504841598,0.00637094090239148,103,402,63099
AART,AART 2017-3,1705002,Ally Auto Receivables Trust 2017-3,2017-08-31,2,0.0018119459004724001,0.0076522358118164754,112,473,61812
AART,AART 2017-3,1705002,Ally Auto Receivables Trust 2017-3,2017-09-30,3,0.0023466032092277693,0.008609720225406112,142,521,60513
AART,AART 2017-3,1705002,Ally Auto Receivables Trust 2017-3,2017-10-31,4,0.0024382397263753197,0.00853383904231362,144,504,59059
AART,AART 2017-3,1705002,Ally Auto Receivables Trust 2017-3,2017-11-30,5,0.00274605905764986,0.009628586822392548,158,554,57537
AART,AART 2017-3,1705002,Ally Auto Receivables Trust 2017-3,2017-12-31,6,0.0033227339311872523,0.01205830862124406,186,675,55978
AART,AART 2017-3,1705002,Ally Auto Receivables Trust 2017-3,2018-01-31,7,0.003216497877111401,0.011358832503170548,175,618,54407
AART,AART 2017-3,1705002,Ally Auto Receivables Trust 2017-3,2018-02-28,8,0.0030747175221172165,0.009469375436213758,163,502,53013
AART,AART 2017-3,1705002,Ally Auto Receivables Trust 2017-3,2018-03-31,9,0.002607967925887001,0.010139934995426324,134,521,51381
AART,AART 2017-3,1705002,Ally Auto Receivables Trust 2017-3,2018-04-30,10,0.00336990752813271,0.009347481595891922,168,466,49853
AART,AART 2017-3,1705002,Ally Auto Receivables Trust 2017-3,2018-05-31,11,0.0030193986019770858,0.010940149729081357,146,529,48354
AART,AART 2017-3,1705002,Ally Auto Receivables Trust 2017-3,2018-06-30,12,0.0033238872435173545,0.011420535657213475,156,536,46933
AART,AART 2017-3,1705002,Ally Auto Receivables Trust 2017-3,2018-07-31,13,0.004038719023683576,0.01202835883140543,184,548,45559
AART,AART 2017-3,1705002,Ally Auto Receivables Trust 2017-3,2018-08-31,14,0.003684531748005154,0.01188996134632338,163,526,44239
AART,AART 2017-3,1705002,Ally Auto Receivables Trust 2017-3,2018-09-30,15,0.00431554524361949,0.013897911832946636,186,599,43100
AART,AART 2017-3,1705002,Ally Auto Receivables Trust 2017-3,2018-10-31,16,0.004298507462686567,0.013492537313432836,180,565,41875
AART,AART 2017-3,1705002,Ally Auto Receivables Trust 2017-3,2018-11-30,17,0.004534202593073699,0.012793804073429572,185,522,40801
AART,AART 2017-3,1705002,Ally Auto Receivables Trust 2017-3,2018-12-31,18,0.004629862613859393,0.01582708469629108,184,629,39742
AART,AART 2017-3,1705002,Ally Auto Receivables Trust 2017-3,2019-01-31,19,0.0050188854969731465,0.013995964195167382,194,541,38654
AART,AART 2017-3,1705002,Ally Auto Receivables Trust 2017-3,2019-02-28,20,0.004359035696249634,0.011322861015867953,164,426,37623
AART,AART 2017-3,1705002,Ally Auto Receivables Trust 2017-3,2019-03-31,21,0.003315795242792941,0.013482407102926669,121,492,36492
AART,AART 2017-3,1705002,Ally Auto Receivables Trust 2017-3,2019-04-30,22,0.00345452486125269,0.011920942349076905,122,421,35316
AART,AART 2017-3,1705002,Ally Auto Receivables Trust 2017-3,2019-05-31,23,0.0035685035685035687,0.013104013104013105,122,448,34188
AART,AART 2017-3,1705002,Ally Auto Receivables Trust 2017-3,2019-06-30,24,0.004184226369656833,0.015322095123419626,139,509,33220
AART,AART 2017-3,1705002,Ally Auto Receivables Trust 2017-3,2019-07-31,25,0.004301209325520508,0.016581473631716744,138,532,32084
AART,AART 2017-3,1705002,Ally Auto Receivables Trust 2017-3,2019-08-31,26,0.004991144743197552,0.015875060376750925,155,493,31055
AART,AART 2017-3,1705002,Ally Auto Receivables Trust 2017-3,2019-09-30,27,0.005491945147117561,0.014944747703368393,165,449,30044
AART,AART 2017-3,1705002,Ally Auto Receivables Trust 2017-3,2019-10-31,28,0.005451847762327042,0.01566543597529416,158,454,28981
AART,AART 2017-3,1705002,Ally Auto Receivables Trust 2017-3,2019-11-30,29,0.005302491103202847,0.015729537366548044,149,442,28100
AART,AART 2017-3,1705002,Ally Auto Receivables Trust 2017-3,2019-12-31,30,0.006050097760726012,0.017781384882133766,164,482,27107
AART,AART 2017-3,1705002,Ally Auto Receivables Trust 2017-3,2020-01-31,31,0.006182734142431876,0.016868941302190674,162,442,26202
AART,AART 2017-3,1705002,Ally Auto Receivables Trust 2017-3,2020-02-29,32,0.004670492776568376,0.016465466059766475,118,416,25265
AART,AART 2017-3,1705002,Ally Auto Receivables Trust 2017-3,2020-03-31,33,0.004550299253914897,0.01344592932688366,111,328,24394
AART,AART 2017-3,1705002,Ally Auto Receivables Trust 2017-3,2020-04-30,34,0.002596960279279663,0.006854272212525012,61,161,23489
AART,AART 2017-3,1705002,Ally Auto Receivables Trust 2017-3,2020-05-31,35,0.002311419300351158,0.0059118993643596926,52,133,22497
AART,AART 2017-3,1705002,Ally Auto Receivables Trust 2017-3,2020-06-30,36,0.0025570691338509463,0.006090473755172254,55,131,21509
AART,AART 2017-3,1705002,Ally Auto Receivables Trust 2017-3,2020-07-31,37,0.002633375597386131,0.007558763288793524,54,155,20506
AART,AART 2017-3,1705002,Ally Auto Receivables Trust 2017-3,2020-08-31,38,0.0038335718666939276,0.011756287057861378,75,230,19564
AART,AART 2017-3,1705002,Ally Auto Receivables Trust 2017-3,2020-09-30,39,0.004657636918464586,0.013437550190053,87,251,18679
AART,AART 2017-3,1705002,Ally Auto Receivables Trust 2017-3,2020-10-31,40,0.005408146019942538,0.012844346797363529,96,228,17751
AART,AART 2017-3,1705002,Ally Auto Receivables Trust 2017-3,2020-11-30,41,0.006568436002130303,0.013787798094561808,111,233,16899
AART,AART 2017-3,1705002,Ally Auto Receivables Trust 2017-3,2020-12-31,42,0.006485003429569121,0.01571366215626364,104,252,16037
AART,AART 2017-4,1713736,Ally Auto Receivables Trust 2017-4,2017-08-31,0,0.0002372971850621422,0.005012903034437754,16,338,67426
AART,AART 2017-4,1713736,Ally Auto Receivables Trust 2017-4,2017-09-30,1,0.0013704406493780308,0.00623475196530225,91,414,66402
AART,AART 2017-4,1713736,Ally Auto Receivables Trust 2017-4,2017-10-31,2,0.0015787618215539307,0.007433975567511228,103,485,65241
AART,AART 2017-4,1713736,Ally Auto Receivables Trust 2017-4,2017-11-30,3,0.0018905954594459463,0.007421759035015078,121,475,64001
AART,AART 2017-4,1713736,Ally Auto Receivables Trust 2017-4,2017-12-31,4,0.0025503291518561614,0.010185377050225545,160,639,62737
AART,AART 2017-4,1713736,Ally Auto Receivables Trust 2017-4,2018-01-31,5,0.0023838680708629274,0.00953547228345171,146,584,61245
AART,AART 2017-4,1713736,Ally Auto Receivables Trust 2017-4,2018-02-28,6,0.0024380468906552667,0.00798209872420012,146,478,59884
AART,AART 2017-4,1713736,Ally Auto Receivables Trust 2017-4,2018-04-30,7,0.002296900950563624,0.008039153326972685,130,455,56598
AART,AART 2017-4,1713736,Ally Auto Receivables Trust 2017-4,2018-05-31,8,0.0025445755102782674,0.00979661571457133,140,539,55019
AART,AART 2017-4,1713736,Ally Auto Receivables Trust 2017-4,2018-06-30,9,0.003020922686756424,0.01001379927647037,162,537,53626
AART,AART 2017-4,1713736,Ally Auto Receivables Trust 2017-4,2018-07-31,10,0.0032175278660895546,0.01057187727429425,168,552,52214
AART,AART 2017-4,1713736,Ally Auto Receivables Trust 2017-4,2018-08-31,11,0.0028328611898017,0.01022977651872836,144,520,50832
AART,AART 2017-4,1713736,Ally Auto Receivables Trust 2017-4,2018-09-30,12,0.003384162923272163,0.012247446769937352,168,608,49643
AART,AART 2017-4,1713736,Ally Auto Receivables Trust 2017-4,2018-10-31,13,0.003430531732418525,0.012792163508235343,166,619,48389
AART,AART 2017-4,1713736,Ally Auto Receivables Trust 2017-4,2018-11-30,14,0.0038922852368159415,0.012374928606181118,184,585,47273
AART,AART 2017-4,1713736,Ally Auto Receivables Trust 2017-4,2018-12-31,15,0.004487221174481368,0.014935726517959724,207,689,46131
AART,AART 2017-4,1713736,Ally Auto Receivables Trust 2017-4,2019-01-31,16,0.004604707033856832,0.013502691640343463,207,607,44954
AART,AART 2017-4,1713736,Ally Auto Receivables Trust 2017-4,2019-02-28,17,0.0038755271856833464,0.011580987119571413,170,508,43865
AART,AART 2017-4,1713736,Ally Auto Receivables Trust 2017-4,2019-03-31,18,0.003490278753806512,0.011454673225579762,149,489,42690
AART,AART 2017-4,1713736,Ally Auto Receivables Trust 2017-4,2019-04-30,19,0.003348590701035895,0.010961214165261383,139,455,41510
AART,AART 2017-4,1713736,Ally Auto Receivables Trust 2017-4,2019-05-31,20,0.0033703409992069788,0.011498810467882634,136,464,40352
AART,AART 2017-4,1713736,Ally Auto Receivables Trust 2017-4,2019-06-30,21,0.003968153028260372,0.015643680207564927,156,615,39313
AART,AART 2017-4,1713736,Ally Auto Receivables Trust 2017-4,2019-07-31,22,0.004250183649910799,0.015006821282401092,162,572,38116
AART,AART 2017-4,1713736,Ally Auto Receivables Trust 2017-4,2019-08-31,23,0.004464406504504992,0.015233096133553397,165,563,36959
AART,AART 2017-4,1713736,Ally Auto Receivables Trust 2017-4,2019-09-30,24,0.004769209315297727,0.015060660995677032,171,540,35855
AART,AART 2017-4,1713736,Ally Auto Receivables Trust 2017-4,2019-10-31,25,0.004944375772558714,0.015494293845402018,172,539,34787
AART,AART 2017-4,1713736,Ally Auto Receivables Trust 2017-4,2019-11-30,26,0.00494068222833644,0.015088310996716073,167,510,33801
AART,AART 2017-4,1713736,Ally Auto Receivables Trust 2017-4,2019-12-31,27,0.005834911712592411,0.016863200342151892,191,552,32734
AART,AART 2017-4,1713736,Ally Auto Receivables Trust 2017-4,2020-01-31,28,0.005865842505282412,0.017061402125579488,186,541,31709
AART,AART 2017-4,1713736,Ally Auto Receivables Trust 2017-4,2020-02-29,29,0.005367424612081585,0.014898669529293126,165,458,30741
AART,AART 2017-4,1713736,Ally Auto Receivables Trust 2017-4,2020-03-31,30,0.004237715669458178,0.011872330407291562,126,353,29733
AART,AART 2017-4,1713736,Ally Auto Receivables Trust 2017-4,2020-04-30,31,0.002890576025632096,0.00679111234937661,83,195,28714
AART,AART 2017-4,1713736,Ally Auto Receivables Trust 2017-4,2020-05-31,32,0.001987281399046105,0.005889579418991184,55,163,27676
AART,AART 2017-4,1713736,Ally Auto Receivables Trust 2017-4,2020-06-30,33,0.0018419667694158333,0.005976994210961582,49,159,26602
AART,AART 2017-4,1713736,Ally Auto Receivables Trust 2017-4,2020-07-31,34,0.0021201413427561835,0.008480565371024734,54,216,25470
AART,AART 2017-4,1713736,Ally Auto Receivables Trust 2017-4,2020-08-31,35,0.00340205763003648,0.01135385498216994,83,277,24397
AART,AART 2017-4,1713736,Ally Auto Receivables Trust 2017-4,2020-09-30,36,0.00471961213369374,0.012270991547603725,110,286,23307
AART,AART 2017-4,1713736,Ally Auto Receivables Trust 2017-4,2020-10-31,37,0.005245931040667175,0.013630453302246335,117,304,22303
AART,AART 2017-4,1713736,Ally Auto Receivables Trust 2017-4,2020-11-30,38,0.006218440246867402,0.014166822517299421,133,303,21388
AART,AART 2017-4,1713736,Ally Auto Receivables Trust 2017-4,2020-12-31,39,0.005722390687665069,0.01496625256773941,117,306,20446
AART,AART 2017-4,1713736,Ally Auto Receivables Trust 2017-4,2021-01-31,40,0.005659600740893188,0.012142416135007203,110,236,19436
AART,AART 2017-4,1713736,Ally Auto Receivables Trust 2017-4,2021-02-28,41,0.005338941918783369,0.012349673731327185,99,229,18543
AART,AART 2017-4,1713736,Ally Auto Receivables Trust 2017-4,2021-03-31,42,0.0033516324761629587,0.011326206298757585,58,196,17305
AART,AART 2017-4,1713736,Ally Auto Receivables Trust 2017-4,2021-04-30,43,0.003909829555867799,0.009469118455617325,64,155,16369
AART,AART 2017-5,1721353,Ally Auto Receivables Trust 2017-5,2017-11-30,0,0.00111011101110111,0.006900690069006901,37,230,33330
AART,AART 2017-5,1721353,Ally Auto Receivables Trust 2017-5,2017-12-31,1,0.002287073460799561,0.009971640289086085,75,327,32793
AART,AART 2017-5,1721353,Ally Auto Receivables Trust 2017-5,2018-01-31,2,0.002518186905428092,0.009326618168252192,81,300,32166
AART,AART 2017-5,1721353,Ally Auto Receivables Trust 2017-5,2018-02-28,3,0.0022818749405761735,0.007733020631952588,72,244,31553
AART,AART 2017-5,1721353,Ally Auto Receivables Trust 2017-5,2018-03-31,4,0.002274425707508854,0.007505604834779218,70,231,30777
AART,AART 2017-5,1721353,Ally Auto Receivables Trust 2017-5,2018-04-30,5,0.002168184395743687,0.007571967043597185,65,227,29979
AART,AART 2017-5,1721353,Ally Auto Receivables Trust 2017-5,2018-05-31,6,0.002090186403508772,0.008977521929824562,61,262,29184
AART,AART 2017-5,1721353,Ally Auto Receivables Trust 2017-5,2018-06-30,7,0.0024977133610075285,0.011714627453739534,71,333,28426
AART,AART 2017-5,1721353,Ally Auto Receivables Trust 2017-5,2018-07-31,8,0.003036437246963563,0.011061307113938693,84,306,27664
AART,AART 2017-5,1721353,Ally Auto Receivables Trust 2017-5,2018-08-31,9,0.004020699154908603,0.010870779196604743,108,292,26861
AART,AART 2017-5,1721353,Ally Auto Receivables Trust 2017-5,2018-09-30,10,0.004233409610983982,0.012318840579710146,111,323,26220
AART,AART 2017-5,1721353,Ally Auto Receivables Trust 2017-5,2018-10-31,11,0.003640491662099742,0.012604713066624912,93,322,25546
AART,AART 2017-5,1721353,Ally Auto Receivables Trust 2017-5,2018-11-30,12,0.004009140841117749,0.011706691256063826,100,292,24943
AART,AART 2017-5,1721353,Ally Auto Receivables Trust 2017-5,2018-12-31,13,0.005250420443824603,0.013782353665039583,128,336,24379
AART,AART 2017-5,1721353,Ally Auto Receivables Trust 2017-5,2019-01-31,14,0.0049323384342987225,0.01311074575270857,117,311,23721
AART,AART 2017-5,1721353,Ally Auto Receivables Trust 2017-5,2019-02-28,15,0.0041904268187316395,0.010584067738033524,97,245,23148
AART,AART 2017-5,1721353,Ally Auto Receivables Trust 2017-5,2019-03-31,16,0.0032464644667793293,0.012096415547451748,73,272,22486
AART,AART 2017-5,1721353,Ally Auto Receivables Trust 2017-5,2019-04-30,17,0.0032063026749725174,0.010534994503481129,70,230,21832
AART,AART 2017-5,1721353,Ally Auto Receivables Trust 2017-5,2019-05-31,18,0.003540574989378275,0.010857763300760043,75,230,21183
AART,AART 2017-5,1721353,Ally Auto Receivables Trust 2017-5,2019-06-30,19,0.0041648505980919175,0.013559978691462056,86,280,20649
AART,AART 2017-5,1721353,Ally Auto Receivables Trust 2017-5,2019-07-31,20,0.004153738364528075,0.013762386147532779,83,275,19982
AART,AART 2017-5,1721353,Ally Auto Receivables Trust 2017-5,2019-08-31,21,0.004286083139684998,0.016473018332042344,83,319,19365
AART,AART 2017-5,1721353,Ally Auto Receivables Trust 2017-5,2019-09-30,22,0.0050045253686844485,0.014747377948144598,94,277,18783
AART,AART 2017-5,1721353,Ally Auto Receivables Trust 2017-5,2019-10-31,23,0.004610824459325941,0.0157536502360303,84,287,18218
AART,AART 2017-5,1721353,Ally Auto Receivables Trust 2017-5,2019-11-30,24,0.004169014084507042,0.016169014084507043,74,287,17750
AART,AART 2017-5,1721353,Ally Auto Receivables Trust 2017-5,2019-12-31,25,0.00464873031553257,0.01818815735952118,80,313,17209
AART,AART 2017-5,1721353,Ally Auto Receivables Trust 2017-5,2020-01-31,26,0.004902253841095236,0.016201351108985473,82,271,16727
AART,AART 2017-5,1721353,Ally Auto Receivables Trust 2017-5,2020-02-29,27,0.004868729200049304,0.014544558116602983,79,236,16226
AART,AART 2017-5,1721353,Ally Auto Receivables Trust 2017-5,2020-03-31,28,0.004505647924863561,0.011105470237339763,71,175,15758
AART,AART 2017-5,1721353,Ally Auto Receivables Trust 2017-5,2020-04-30,29,0.0028205969170219743,0.0064283371597245,43,98,15245
AART,AART 2017-5,1721353,Ally Auto Receivables Trust 2017-5,2020-05-31,30,0.002648377020236317,0.005500475349721581,39,81,14726
AART,AART 2017-5,1721353,Ally Auto Receivables Trust 2017-5,2020-06-30,31,0.0020467217164231773,0.007763427200225845,29,110,14169
AART,AART 2017-5,1721353,Ally Auto Receivables Trust 2017-5,2020-07-31,32,0.0028771670970121725,0.008483954260420508,39,115,13555
AART,AART 2017-5,1721353,Ally Auto Receivables Trust 2017-5,2020-08-31,33,0.003781155953391465,0.011420634308202794,49,148,12959
AART,AART 2017-5,1721353,Ally Auto Receivables Trust 2017-5,2020-09-30,34,0.004832474226804124,0.01401417525773196,60,174,12416
AART,AART 2017-5,1721353,Ally Auto Receivables Trust 2017-5,2020-10-31,35,0.006135484955454698,0.012102874432677761,73,144,11898
AART,AART 2017-5,1721353,Ally Auto Receivables Trust 2017-5,2020-11-30,36,0.006107669487828287,0.01413489224325975,70,162,11461
AART,AART 2017-5,1721353,Ally Auto Receivables Trust 2017-5,2020-12-31,37,0.0057251908396946565,0.015903307888040712,63,175,11004
AART,AART 2017-5,1721353,Ally Auto Receivables Trust 2017-5,2021-01-31,38,0.006387035271687321,0.01553860819828408,67,163,10490
AART,AART 2017-5,1721353,Ally Auto Receivables Trust 2017-5,2021-02-28,39,0.005245966544590716,0.014451153122834801,53,146,10103
AART,AART 2017-5,1721353,Ally Auto Receivables Trust 2017-5,2021-03-31,40,0.004191993292810731,0.010899182561307902,40,104,9542
AART,AART 2017-5,1721353,Ally Auto Receivables Trust 2017-5,2021-04-30,41,0.004301786896095301,0.009816898301345687,39,89,9066
AART,AART 2017-5,1721353,Ally Auto Receivables Trust 2017-5,2021-05-31,42,0.00409213141587747,0.011925640126271484,35,102,8553
AART,AART 2017-5,1721353,Ally Auto Receivables Trust 2017-5,2021-06-30,43,0.0029600394671928957,0.0123334977799704,24,100,8108
AART,AART 2018-1,1727820,Ally Auto Receivables Trust 2018-1,2018-02-28,0,0.0009582623509369676,0.00603857386225359,63,397,65744
AART,AART 2018-1,1727820,Ally Auto Receivables Trust 2018-1,2018-03-31,1,0.0010543126036869931,0.006697985952835016,68,432,64497
AART,AART 2018-1,1727820,Ally Auto Receivables Trust 2018-1,2018-04-30,2,0.0015367553865652725,0.006875792141951838,97,434,63120
AART,AART 2018-1,1727820,Ally Auto Receivables Trust 2018-1,2018-05-31,3,0.0014911584031638491,0.00787720634714816,92,486,61697
AART,AART 2018-1,1727820,Ally Auto Receivables Trust 2018-1,2018-06-30,4,0.0017925906254149515,0.00883016863630328,108,532,60248
AART,AART 2018-1,1727820,Ally Auto Receivables Trust 2018-1,2018-07-31,5,0.002181768596168269,0.010073634690120679,128,591,58668
AART,AART 2018-1,1727820,Ally Auto Receivables Trust 2018-1,2018-08-31,6,0.0029226972820665395,0.00941563555539999,167,538,57139
AART,AART 2018-1,1727820,Ally Auto Receivables Trust 2018-1,2018-09-30,7,0.0032107047407221394,0.011067066061595307,179,617,55751
AART,AART 2018-1,1727820,Ally Auto Receivables Trust 2018-1,2018-10-31,8,0.0031768899724792673,0.01172863449142055,172,635,54141
AART,AART 2018-1,1727820,Ally Auto Receivables Trust 2018-1,2018-11-30,9,0.004040442362046399,0.010736574539522356,213,566,52717
AART,AART 2018-1,1727820,Ally Auto Receivables Trust 2018-1,2018-12-31,10,0.003972581398971803,0.012755102040816327,204,655,51352
AART,AART 2018-1,1727820,Ally Auto Receivables Trust 2018-1,2019-01-31,11,0.003982309739648996,0.011846871185287466,199,592,49971
AART,AART 2018-1,1727820,Ally Auto Receivables Trust 2018-1,2019-02-28,12,0.00309794427803537,0.010504287883139797,151,512,48742
AART,AART 2018-1,1727820,Ally Auto Receivables Trust 2018-1,2019-03-31,13,0.0028705306260289588,0.01141880197560049,136,541,47378
AART,AART 2018-1,1727820,Ally Auto Receivables Trust 2018-1,2019-04-30,14,0.003192529047670757,0.009816483874470627,147,452,46045
AART,AART 2018-1,1727820,Ally Auto Receivables Trust 2018-1,2019-05-31,15,0.0032830087546900123,0.010943362515633374,147,490,44776
AART,AART 2018-1,1727820,Ally Auto Receivables Trust 2018-1,2019-06-30,16,0.004149092242802127,0.01285989363653035,181,561,43624
AART,AART 2018-1,1727820,Ally Auto Receivables Trust 2018-1,2019-07-31,17,0.003943422512928286,0.014262438310231646,167,604,42349
AART,AART 2018-1,1727820,Ally Auto Receivables Trust 2018-1,2019-08-31,18,0.005010946241790318,0.014594989053758209,206,600,41110
AART,AART 2018-1,1727820,Ally Auto Receivables Trust 2018-1,2019-09-30,19,0.005581558331038971,0.013540910569919656,223,541,39953
AART,AART 2018-1,1727820,Ally Auto Receivables Trust 2018-1,2019-10-31,20,0.004125625290083028,0.014491258831416637,160,562,38782
AART,AART 2018-1,1727820,Ally Auto Receivables Trust 2018-1,2019-11-30,21,0.0046063429872399,0.016333986339810452,174,617,37774
AART,AART 2018-1,1727820,Ally Auto Receivables Trust 2018-1,2019-12-31,22,0.00591248433327884,0.016756580022887036,217,615,36702
AART,AART 2018-1,1727820,Ally Auto Receivables Trust 2018-1,2020-01-31,23,0.005356892441452812,0.015930444537932967,191,568,35655
AART,AART 2018-1,1727820,Ally Auto Receivables Trust 2018-1,2020-02-29,24,0.005540805725499249,0.014371464850513679,192,498,34652
AART,AART 2018-1,1727820,Ally Auto Receivables Trust 2018-1,2020-03-31,25,0.004548697823760257,0.011802830300868117,153,397,33636
AART,AART 2018-1,1727820,Ally Auto Receivables Trust 2018-1,2020-04-30,26,0.002762685330140897,0.006262086748319367,90,204,32577
AART,AART 2018-1,1727820,Ally Auto Receivables Trust 2018-1,2020-05-31,27,0.0019029495718363464,0.005708848715509039,60,180,31530
AART,AART 2018-1,1727820,Ally Auto Receivables Trust 2018-1,2020-06-30,28,0.001939832319579155,0.005983889528193326,59,182,30415
AART,AART 2018-1,1727820,Ally Auto Receivables Trust 2018-1,2020-07-31,29,0.0024972632731253422,0.008175971538040503,73,239,29232
AART,AART 2018-1,1727820,Ally Auto Receivables Trust 2018-1,2020-08-31,30,0.0037709000355745288,0.010032017075773746,106,282,28110
AART,AART 2018-1,1727820,Ally Auto Receivables Trust 2018-1,2020-09-30,31,0.004304746353954058,0.012543140238245445,116,338,26947
AART,AART 2018-1,1727820,Ally Auto Receivables Trust 2018-1,2020-10-31,32,0.005286921622351715,0.012349014008412765,137,320,25913
AART,AART 2018-1,1727820,Ally Auto Receivables Trust 2018-1,2020-11-30,33,0.0054095207565314956,0.012822567719185766,135,320,24956
AART,AART 2018-1,1727820,Ally Auto Receivables Trust 2018-1,2020-12-31,34,0.006035882279482163,0.012737792948424427,145,306,24023
AART,AART 2018-1,1727820,Ally Auto Receivables Trust 2018-1,2021-01-31,35,0.0058581037101323495,0.012540681275764808,135,289,23045
AART,AART 2018-1,1727820,Ally Auto Receivables Trust 2018-1,2021-02-28,36,0.005311009091727428,0.011657214870825458,118,259,22218
AART,AART 2018-1,1727820,Ally Auto Receivables Trust 2018-1,2021-03-31,37,0.003625608243488217,0.009636485068218681,76,202,20962
AART,AART 2018-1,1727820,Ally Auto Receivables Trust 2018-1,2021-04-30,38,0.0032016008004002003,0.0080040020010005,64,160,19990
AART,AART 2018-1,1727820,Ally Auto Receivables Trust 2018-1,2021-05-31,39,0.0033046579941250526,0.011067981535879144,63,211,19064
AART,AART 2018-1,1727820,Ally Auto Receivables Trust 2018-1,2021-06-30,40,0.003683747525841214,0.010941279964811965,67,199,18188
AART,AART 2018-1,1727820,Ally Auto Receivables Trust 2018-1,2021-07-31,41,0.004258992805755396,0.012892086330935252,74,224,17375
AART,AART 2018-1,1727820,Ally Auto Receivables Trust 2018-1,2021-08-31,42,0.004362578768783325,0.014844886088221038,72,245,16504
AART,AART 2018-1,1727820,Ally Auto Receivables Trust 2018-1,2021-09-30,43,0.004731457800511509,0.013618925831202047,74,213,15640
AART,AART 2018-2,1736511,Ally Auto Receivables Trust 2018-2,2018-05-31,0,0.0008956757947287277,0.006504661919095514,61,443,68105
AART,AART 2018-2,1736511,Ally Auto Receivables Trust 2018-2,2018-06-30,1,0.0017648818426562968,0.00707448399641041,118,473,66860
AART,AART 2018-2,1736511,Ally Auto Receivables Trust 2018-2,2018-07-31,2,0.0017410427929991754,0.008659397049390635,114,567,65478
AART,AART 2018-2,1736511,Ally Auto Receivables Trust 2018-2,2018-08-31,3,0.0022990662975648666,0.008633228545957865,147,552,63939
AART,AART 2018-2,1736511,Ally Auto Receivables Trust 2018-2,2018-09-30,4,0.002595197283052721,0.00954776284382359,162,596,62423
AART,AART 2018-2,1736511,Ally Auto Receivables Trust 2018-2,2018-10-31,5,0.002503046471033824,0.011461318051575931,152,696,60726
AART,AART 2018-2,1736511,Ally Auto Receivables Trust 2018-2,2018-11-30,6,0.003339492464952281,0.01062873997728467,197,627,58991
AART,AART 2018-2,1736511,Ally Auto Receivables Trust 2018-2,2018-12-31,7,0.004111641520610474,0.012996968535489041,236,746,57398
AART,AART 2018-2,1736511,Ally Auto Receivables Trust 2018-2,2019-01-31,8,0.004348998113038008,0.012112498876808339,242,674,55645
AART,AART 2018-2,1736511,Ally Auto Receivables Trust 2018-2,2019-02-28,9,0.003644638496262858,0.010082883149559683,197,545,54052
AART,AART 2018-2,1736511,Ally Auto Receivables Trust 2018-2,2019-03-31,10,0.0029219105093291065,0.0115348624028417,153,604,52363
AART,AART 2018-2,1736511,Ally Auto Receivables Trust 2018-2,2019-04-30,11,0.00346388506199567,0.009938988388112576,176,505,50810
AART,AART 2018-2,1736511,Ally Auto Receivables Trust 2018-2,2019-05-31,12,0.003404738260746205,0.011693654621729527,168,577,49343
AART,AART 2018-2,1736511,Ally Auto Receivables Trust 2018-2,2019-06-30,13,0.004124656278643446,0.013373885509540872,198,642,48004
AART,AART 2018-2,1736511,Ally Auto Receivables Trust 2018-2,2019-07-31,14,0.004455349648091948,0.014334603215600181,207,666,46461
AART,AART 2018-2,1736511,Ally Auto Receivables Trust 2018-2,2019-08-31,15,0.005083805083805084,0.014141414141414142,229,637,45045
AART,AART 2018-2,1736511,Ally Auto Receivables Trust 2018-2,2019-09-30,16,0.004666056724611162,0.014615736505032022,204,639,43720
AART,AART 2018-2,1736511,Ally Auto Receivables Trust 2018-2,2019-10-31,17,0.004366606084924588,0.015507352420515968,185,657,42367
AART,AART 2018-2,1736511,Ally Auto Receivables Trust 2018-2,2019-11-30,18,0.005267373837900818,0.015365196494890404,217,633,41197
AART,AART 2018-2,1736511,Ally Auto Receivables Trust 2018-2,2019-12-31,19,0.00579077987515981,0.01702138326940914,231,679,39891
AART,AART 2018-2,1736511,Ally Auto Receivables Trust 2018-2,2020-01-31,20,0.005961905745109172,0.01576936974139266,231,611,38746
AART,AART 2018-2,1736511,Ally Auto Receivables Trust 2018-2,2020-02-29,21,0.004793991530614963,0.014674940740938024,180,551,37547
AART,AART 2018-2,1736511,Ally Auto Receivables Trust 2018-2,2020-03-31,22,0.004187077529350593,0.012397033469253716,153,453,36541
AART,AART 2018-2,1736511,Ally Auto Receivables Trust 2018-2,2020-04-30,23,0.003333145020055364,0.006468561098243037,118,229,35402
AART,AART 2018-2,1736511,Ally Auto Receivables Trust 2018-2,2020-05-31,24,0.0024732309124767225,0.005470204841713222,85,188,34368
AART,AART 2018-2,1736511,Ally Auto Receivables Trust 2018-2,2020-06-30,25,0.0021704398155126155,0.005938564495222018,72,197,33173
AART,AART 2018-2,1736511,Ally Auto Receivables Trust 2018-2,2020-07-31,26,0.0023453624366752144,0.008161861279629746,75,261,31978
AART,AART 2018-2,1736511,Ally Auto Receivables Trust 2018-2,2020-08-31,27,0.0038237200259235255,0.010142579390797149,118,313,30860
AART,AART 2018-2,1736511,Ally Auto Receivables Trust 2018-2,2020-09-30,28,0.004842615012106538,0.010425073984396018,144,310,29736
AART,AART 2018-2,1736511,Ally Auto Receivables Trust 2018-2,2020-10-31,29,0.005091010530720413,0.011262989050840366,146,323,28678
AART,AART 2018-2,1736511,Ally Auto Receivables Trust 2018-2,2020-11-30,30,0.005669712180852985,0.011086634646636092,157,307,27691
AART,AART 2018-2,1736511,Ally Auto Receivables Trust 2018-2,2020-12-31,31,0.0057445370578959225,0.013366373807914696,153,356,26634
AART,AART 2018-2,1736511,Ally Auto Receivables Trust 2018-2,2021-01-31,32,0.00484677923702314,0.013211382113821139,124,338,25584
AART,AART 2018-2,1736511,Ally Auto Receivables Trust 2018-2,2021-02-28,33,0.004429273842903003,0.011662399934983136,109,287,24609
AART,AART 2018-2,1736511,Ally Auto Receivables Trust 2018-2,2021-03-31,34,0.0029899196992995043,0.00999487442337263,70,234,23412
AART,AART 2018-2,1736511,Ally Auto Receivables Trust 2018-2,2021-04-30,35,0.0029482712409541678,0.008085410524434915,66,181,22386
AART,AART 2018-2,1736511,Ally Auto Receivables Trust 2018-2,2021-05-31,36,0.002886002886002886,0.010845785039333427,62,233,21483
AART,AART 2018-2,1736511,Ally Auto Receivables Trust 2018-2,2021-06-30,37,0.0030541012216404886,0.010955982160170642,63,226,20628
AART,AART 2018-2,1736511,Ally Auto Receivables Trust 2018-2,2021-07-31,38,0.004206365294952361,0.010591931887289682,83,209,19732
AART,AART 2018-2,1736511,Ally Auto Receivables Trust 2018-2,2021-08-31,39,0.004397816987230435,0.012133736025009273,83,229,18873
AART,AART 2018-2,1736511,Ally Auto Receivables Trust 2018-2,2021-09-30,40,0.004926926483613817,0.013396811337466785,89,242,18064
AART,AART 2018-2,1736511,Ally Auto Receivables Trust 2018-2,2021-10-31,41,0.005539526832083093,0.014079630698211195,96,244,17330
AART,AART 2018-2,1736511,Ally Auto Receivables Trust 2018-2,2021-11-30,42,0.0065729964421395405,0.013688717361152987,109,227,16583
AART,AART 2018-2,1736511,Ally Auto Receivables Trust 2018-2,2021-12-31,43,0.006162251445270313,0.015564449526713677,97,245,15741
AART,AART 2018-3,1742379,Ally Auto Receivables Trust 2018-3,2018-06-30,0,8.721564067156044e-05,0.005625408823315648,6,387,68795
AART,AART 2018-3,1742379,Ally Auto Receivables Trust 2018-3,2018-07-31,1,0.0011823126034523528,0.0072121068810593525,80,488,67664
AART,AART 2018-3,1742379,Ally Auto Receivables Trust 2018-3,2018-08-31,2,0.0019132268755649292,0.007336547152756855,127,487,66380
AART,AART 2018-3,1742379,Ally Auto Receivables Trust 2018-3,2018-09-30,3,0.0021330796145110796,0.009299613283408018,139,606,65164
AART,AART 2018-3,1742379,Ally Auto Receivables Trust 2018-3,2018-10-31,4,0.002155341944212828,0.009958623727640293,137,633,63563
AART,AART 2018-3,1742379,Ally Auto Receivables Trust 2018-3,2018-11-30,5,0.00281826233996296,0.010049118286496498,175,624,62095
AART,AART 2018-3,1742379,Ally Auto Receivables Trust 2018-3,2018-12-31,6,0.003290888043658012,0.011691747974202084,199,707,60470
AART,AART 2018-3,1742379,Ally Auto Receivables Trust 2018-3,2019-01-31,7,0.0034209854480469746,0.01077355118713301,201,633,58755
AART,AART 2018-3,1742379,Ally Auto Receivables Trust 2018-3,2019-02-28,8,0.002834695270258447,0.0095539729479081,162,546,57149
AART,AART 2018-3,1742379,Ally Auto Receivables Trust 2018-3,2019-03-31,9,0.0022349590858296384,0.010435817021736779,124,579,55482
AART,AART 2018-3,1742379,Ally Auto Receivables Trust 2018-3,2019-04-30,10,0.0028252262969089793,0.009181985464954183,152,494,53801
AART,AART 2018-3,1742379,Ally Auto Receivables Trust 2018-3,2019-05-31,11,0.002735794911038837,0.011172756839487277,143,584,52270
AART,AART 2018-3,1742379,Ally Auto Receivables Trust 2018-3,2019-06-30,12,0.0034986339603357117,0.011773492933938715,178,599,50877
AART,AART 2018-3,1742379,Ally Auto Receivables Trust 2018-3,2019-07-31,13,0.00395722142175863,0.012926923311078191,195,637,49277
AART,AART 2018-3,1742379,Ally Auto Receivables Trust 2018-3,2019-08-31,14,0.004498943271464145,0.012429638619766054,215,594,47789
AART,AART 2018-3,1742379,Ally Auto Receivables Trust 2018-3,2019-09-30,15,0.004399491039271927,0.01350039897345209,204,626,46369
AART,AART 2018-3,1742379,Ally Auto Receivables Trust 2018-3,2019-10-31,16,0.004560825843196583,0.013904956839013972,205,625,44948
AART,AART 2018-3,1742379,Ally Auto Receivables Trust 2018-3,2019-11-30,17,0.004756786424863357,0.013538545978457247,208,592,43727
AART,AART 2018-3,1742379,Ally Auto Receivables Trust 2018-3,2019-12-31,18,0.005117562436620051,0.015659269391316653,217,664,42403
AART,AART 2018-3,1742379,Ally Auto Receivables Trust 2018-3,2020-01-31,19,0.006077401789187087,0.01354045118630883,250,557,41136
AART,AART 2018-3,1742379,Ally Auto Receivables Trust 2018-3,2020-02-29,20,0.004738979990973372,0.014066496163682864,189,561,39882
AART,AART 2018-3,1742379,Ally Auto Receivables Trust 2018-3,2020-03-31,21,0.0036843325689846188,0.011465230721665422,143,445,38813
AART,AART 2018-3,1742379,Ally Auto Receivables Trust 2018-3,2020-04-30,22,0.0024431048676208937,0.006213984119818361,92,234,37657
AART,AART 2018-3,1742379,Ally Auto Receivables Trust 2018-3,2020-05-31,23,0.002240682041753197,0.0056563558858891685,82,207,36596
AART,AART 2018-3,1742379,Ally Auto Receivables Trust 2018-3,2020-06-30,24,0.002207193185998472,0.005433090919380854,78,192,35339
AART,AART 2018-3,1742379,Ally Auto Receivables Trust 2018-3,2020-07-31,25,0.0025789813023855577,0.007209425004395991,88,246,34122
AART,AART 2018-3,1742379,Ally Auto Receivables Trust 2018-3,2020-08-31,26,0.0035777090534230794,0.011582075071250985,118,382,32982
AART,AART 2018-3,1742379,Ally Auto Receivables Trust 2018-3,2020-09-30,27,0.0047169811320754715,0.010911949685534592,150,347,31800
AART,AART 2018-3,1742379,Ally Auto Receivables Trust 2018-3,2020-10-31,28,0.005153462278613132,0.011481131152353306,158,352,30659
AART,AART 2018-3,1742379,Ally Auto Receivables Trust 2018-3,2020-11-30,29,0.005914160189253126,0.01307874281851977,175,387,29590
AART,AART 2018-3,1742379,Ally Auto Receivables Trust 2018-3,2020-12-31,30,0.006199866895512978,0.013835861151003537,177,395,28549
AART,AART 2018-3,1742379,Ally Auto Receivables Trust 2018-3,2021-01-31,31,0.004845702626880897,0.012569679746420374,133,345,27447
AART,AART 2018-3,1742379,Ally Auto Receivables Trust 2018-3,2021-02-28,32,0.004612825166364186,0.01206140350877193,122,319,26448
AART,AART 2018-3,1742379,Ally Auto Receivables Trust 2018-3,2021-03-31,33,0.0030282503884926483,0.010359803960632744,76,260,25097
AART,AART 2018-3,1742379,Ally Auto Receivables Trust 2018-3,2021-04-30,34,0.003090931874190719,0.009481642370828287,74,227,23941
AART,AART 2018-3,1742379,Ally Auto Receivables Trust 2018-3,2021-05-31,35,0.0035251109757159023,0.010879972147271303,81,250,22978
AART,AART 2018-3,1742379,Ally Auto Receivables Trust 2018-3,2021-06-30,36,0.004680116321337695,0.011632133769538349,103,256,22008
AART,AART 2018-3,1742379,Ally Auto Receivables Trust 2018-3,2021-07-31,37,0.00417219798975915,0.012706239332448322,88,268,21092
AART,AART 2018-3,1742379,Ally Auto Receivables Trust 2018-3,2021-08-31,38,0.004257214989356962,0.01227661996930845,86,248,20201
AART,AART 2018-3,1742379,Ally Auto Receivables Trust 2018-3,2021-09-30,39,0.004176549448282974,0.012065587295039704,81,234,19394
AART,AART 2018-3,1742379,Ally Auto Receivables Trust 2018-3,2021-10-31,40,0.004262666594722926,0.01456860734905304,79,270,18533
AART,AART 2018-3,1742379,Ally Auto Receivables Trust 2018-3,2021-11-30,41,0.005239731815876951,0.014085300580314384,93,250,17749
AART,AART 2018-3,1742379,Ally Auto Receivables Trust 2018-3,2021-12-31,42,0.005596465390279823,0.014491899852724595,95,246,16975
AART,AART 2018-3,1742379,Ally Auto Receivables Trust 2018-3,2022-01-31,43,0.00605723468693986,0.015575746337845356,98,252,16179
AART,AART 2018-3,1742379,Ally Auto Receivables Trust 2018-3,2022-02-28,44,0.005652654148528361,0.013969202780845949,87,215,15391
AART,AART 2019-1,1763799,Ally Auto Receivables Trust 2019-1,2019-03-31,0,0.0013940139401394014,0.005198851988519885,85,317,60975
AART,AART 2019-1,1763799,Ally Auto Receivables Trust 2019-1,2019-04-30,1,0.001202726179339837,0.005044768141119872,72,302,59864
AART,AART 2019-1,1763799,Ally Auto Receivables Trust 2019-1,2019-05-31,2,0.0014658258053519687,0.006050792568604056,86,355,58670
AART,AART 2019-1,1763799,Ally Auto Receivables Trust 2019-1,2019-06-30,3,0.0020820681877331483,0.007790405135768196,120,449,57635
AART,AART 2019-1,1763799,Ally Auto Receivables Trust 2019-1,2019-07-31,4,0.002432096573761761,0.008361441505414522,137,471,56330
AART,AART 2019-1,1763799,Ally Auto Receivables Trust 2019-1,2019-08-31,5,0.002834147848046073,0.00913831004850753,156,503,55043
AART,AART 2019-1,1763799,Ally Auto Receivables Trust 2019-1,2019-09-30,6,0.002581771578223964,0.009769869425509389,139,526,53839
AART,AART 2019-1,1763799,Ally Auto Receivables Trust 2019-1,2019-10-31,7,0.00285284999714715,0.010935924989064075,150,575,52579
AART,AART 2019-1,1763799,Ally Auto Receivables Trust 2019-1,2019-11-30,8,0.0034739068837696743,0.010557571758495546,179,544,51527
AART,AART 2019-1,1763799,Ally Auto Receivables Trust 2019-1,2019-12-31,9,0.003934582596427081,0.01136657194523379,198,572,50323
AART,AART 2019-1,1763799,Ally Auto Receivables Trust 2019-1,2020-01-31,10,0.004163958401039974,0.011191907702307442,205,551,49232
AART,AART 2019-1,1763799,Ally Auto Receivables Trust 2019-1,2020-02-29,11,0.004012140362547813,0.011350407450523865,193,546,48104
AART,AART 2019-1,1763799,Ally Auto Receivables Trust 2019-1,2020-03-31,12,0.003422400782263036,0.00901303063154986,161,424,47043
AART,AART 2019-1,1763799,Ally Auto Receivables Trust 2019-1,2020-04-30,13,0.0020872287689698656,0.004674522763838762,96,215,45994
AART,AART 2019-1,1763799,Ally Auto Receivables Trust 2019-1,2020-05-31,14,0.0015571819455876138,0.004471336729473005,70,201,44953
AART,AART 2019-1,1763799,Ally Auto Receivables Trust 2019-1,2020-06-30,15,0.0018501176309357941,0.00481944222379571,81,211,43781
AART,AART 2019-1,1763799,Ally Auto Receivables Trust 2019-1,2020-07-31,16,0.002019205935526285,0.00770115752154211,86,328,42591
AART,AART 2019-1,1763799,Ally Auto Receivables Trust 2019-1,2020-08-31,17,0.0034519383961763143,0.008714333993144401,143,361,41426
AART,AART 2019-1,1763799,Ally Auto Receivables Trust 2019-1,2020-09-30,18,0.004040654437283094,0.009866137828458106,163,398,40340
AART,AART 2019-1,1763799,Ally Auto Receivables Trust 2019-1,2020-10-31,19,0.004941038636884599,0.01044240124290044,194,410,39263
AART,AART 2019-1,1763799,Ally Auto Receivables Trust 2019-1,2020-11-30,20,0.005115490016964635,0.01023098003392927,196,392,38315
AART,AART 2019-1,1763799,Ally Auto Receivables Trust 2019-1,2020-12-31,21,0.005475628086751128,0.011327034571612627,204,422,37256
AART,AART 2019-1,1763799,Ally Auto Receivables Trust 2019-1,2021-01-31,22,0.005062520748035853,0.010374017926302976,183,375,36148
AART,AART 2019-1,1763799,Ally Auto Receivables Trust 2019-1,2021-02-28,23,0.0042281498297389334,0.01047105561861521,149,369,35240
AART,AART 2019-1,1763799,Ally Auto Receivables Trust 2019-1,2021-03-31,24,0.0025725944763143886,0.008190904252173399,87,277,33818
AART,AART 2019-1,1763799,Ally Auto Receivables Trust 2019-1,2021-04-30,25,0.0027590435315757206,0.007081545064377683,90,231,32620
AART,AART 2019-1,1763799,Ally Auto Receivables Trust 2019-1,2021-05-31,26,0.0030516879649055886,0.009027910229512366,96,284,31458
AART,AART 2019-1,1763799,Ally Auto Receivables Trust 2019-1,2021-06-30,27,0.003626054852320675,0.009790348101265823,110,297,30336
AART,AART 2019-1,1763799,Ally Auto Receivables Trust 2019-1,2021-07-31,28,0.004127016610389167,0.009959411985401958,121,292,29319
AART,AART 2019-1,1763799,Ally Auto Receivables Trust 2019-1,2021-08-31,29,0.0039199067697849345,0.010453084719426494,111,296,28317
AART,AART 2019-1,1763799,Ally Auto Receivables Trust 2019-1,2021-09-30,30,0.003652834599649328,0.010885447106954996,100,298,27376
AART,AART 2019-1,1763799,Ally Auto Receivables Trust 2019-1,2021-10-31,31,0.004079782411604714,0.012466001813236628,108,330,26472
AART,AART 2019-1,1763799,Ally Auto Receivables Trust 2019-1,2021-11-30,32,0.005464694172294,0.0113977907022132,140,292,25619
AART,AART 2019-1,1763799,Ally Auto Receivables Trust 2019-1,2021-12-31,33,0.005039509756490888,0.01269956458635704,125,315,24804
AART,AART 2019-1,1763799,Ally Auto Receivables Trust 2019-1,2022-01-31,34,0.004577230359520639,0.014022969374167776,110,337,24032
AART,AART 2019-1,1763799,Ally Auto Receivables Trust 2019-1,2022-02-28,35,0.004773988215560621,0.011698421573265666,111,272,23251
AART,AART 2019-1,1763799,Ally Auto Receivables Trust 2019-1,2022-03-31,36,0.003495093426535825,0.014025182596227091,78,313,22317
AART,AART 2019-1,1763799,Ally Auto Receivables Trust 2019-1,2022-04-30,37,0.003949630593373914,0.011848891780121742,85,255,21521
AART,AART 2019-1,1763799,Ally Auto Receivables Trust 2019-1,2022-05-31,38,0.0045275021674212506,0.014208650419034775,94,295,20762
AART,AART 2019-1,1763799,Ally Auto Receivables Trust 2019-1,2022-06-30,39,0.005262102836524005,0.013781697905181918,105,275,19954
AART,AART 2019-1,1763799,Ally Auto Receivables Trust 2019-1,2022-07-31,40,0.0053506493506493506,0.015844155844155845,103,305,19250
AART,AART 2019-1,1763799,Ally Auto Receivables Trust 2019-1,2022-08-31,41,0.004710851202079272,0.017327268789257094,87,320,18468
AART,AART 2019-1,1763799,Ally Auto Receivables Trust 2019-1,2022-09-30,42,0.005358452253370185,0.016188166281234137,95,287,17729
AART,AART 2019-1,1763799,Ally Auto Receivables Trust 2019-1,2022-10-31,43,0.00652787579393084,0.015466948953187485,111,263,17004
AART,AART 2019-2,1776294,Ally Auto Receivables Trust 2019-2,2019-05-31,0,0.00019154947563331047,0.0049164365412549685,12,308,62647
AART,AART 2019-2,1776294,Ally Auto Receivables Trust 2019-2,2019-06-30,1,0.0012481156695249055,0.0071320895401423175,77,440,61693
AART,AART 2019-2,1776294,Ally Auto Receivables Trust 2019-2,2019-07-31,2,0.0023428863700110545,0.0075071359039086604,142,455,60609
AART,AART 2019-2,1776294,Ally Auto Receivables Trust 2019-2,2019-08-31,3,0.0024938496276075894,0.008442017996158124,148,501,59346
AART,AART 2019-2,1776294,Ally Auto Receivables Trust 2019-2,2019-09-30,4,0.0023911510209698784,0.007792743974815503,139,453,58131
AART,AART 2019-2,1776294,Ally Auto Receivables Trust 2019-2,2019-10-31,5,0.0025323579065841305,0.009267726505346088,144,527,56864
AART,AART 2019-2,1776294,Ally Auto Receivables Trust 2019-2,2019-11-30,6,0.002836472003303233,0.009694271403694594,158,540,55703
AART,AART 2019-2,1776294,Ally Auto Receivables Trust 2019-2,2019-12-31,7,0.0031227612557174086,0.011058248682011058,170,602,54439
AART,AART 2019-2,1776294,Ally Auto Receivables Trust 2019-2,2020-01-31,8,0.004154760114302903,0.011223492254474356,221,597,53192
AART,AART 2019-2,1776294,Ally Auto Receivables Trust 2019-2,2020-02-29,9,0.0035289353414196733,0.011068901016256244,183,574,51857
AART,AART 2019-2,1776294,Ally Auto Receivables Trust 2019-2,2020-03-31,10,0.0033174700341620424,0.009103295748504176,168,461,50641
AART,AART 2019-2,1776294,Ally Auto Receivables Trust 2019-2,2020-04-30,11,0.002187253174554955,0.004273244628065698,108,211,49377
AART,AART 2019-2,1776294,Ally Auto Receivables Trust 2019-2,2020-05-31,12,0.0011620427050694113,0.00419165404328609,56,202,48191
AART,AART 2019-2,1776294,Ally Auto Receivables Trust 2019-2,2020-06-30,13,0.00136483835195769,0.004563678239358526,64,214,46892
AART,AART 2019-2,1776294,Ally Auto Receivables Trust 2019-2,2020-07-31,14,0.0019091507570770244,0.006100504718016239,87,278,45570
AART,AART 2019-2,1776294,Ally Auto Receivables Trust 2019-2,2020-08-31,15,0.00270947639368692,0.008986430039061619,120,398,44289
AART,AART 2019-2,1776294,Ally Auto Receivables Trust 2019-2,2020-09-30,16,0.003856429318155419,0.009222906260889766,166,397,43045
AART,AART 2019-2,1776294,Ally Auto Receivables Trust 2019-2,2020-10-31,17,0.0046350495759168555,0.010512483574244415,194,440,41855
AART,AART 2019-2,1776294,Ally Auto Receivables Trust 2019-2,2020-11-30,18,0.005412686749938771,0.009919177075679648,221,405,40830
AART,AART 2019-2,1776294,Ally Auto Receivables Trust 2019-2,2020-12-31,19,0.0048791529388093864,0.011217021704685496,194,446,39761
AART,AART 2019-2,1776294,Ally Auto Receivables Trust 2019-2,2021-01-31,20,0.004271623475807078,0.009112796748388432,165,352,38627
AART,AART 2019-2,1776294,Ally Auto Receivables Trust 2019-2,2021-02-28,21,0.0042301859685529575,0.008460371937105915,159,318,37587
AART,AART 2019-2,1776294,Ally Auto Receivables Trust 2019-2,2021-03-31,22,0.0025149932288643837,0.006964596633778294,91,252,36183
AART,AART 2019-2,1776294,Ally Auto Receivables Trust 2019-2,2021-04-30,23,0.002396029436933082,0.006360887671858064,84,223,35058
AART,AART 2019-2,1776294,Ally Auto Receivables Trust 2019-2,2021-05-31,24,0.0028238616307800918,0.008324508765737145,96,283,33996
AART,AART 2019-2,1776294,Ally Auto Receivables Trust 2019-2,2021-06-30,25,0.003586299121660639,0.007719660821201714,118,254,32903
AART,AART 2019-2,1776294,Ally Auto Receivables Trust 2019-2,2021-07-31,26,0.0033540216914300044,0.00902764716945646,107,288,31902
AART,AART 2019-2,1776294,Ally Auto Receivables Trust 2019-2,2021-08-31,27,0.0035641382885655964,0.010141593493827561,110,313,30863
AART,AART 2019-2,1776294,Ally Auto Receivables Trust 2019-2,2021-09-30,28,0.004108216432865732,0.01068804275217101,123,320,29940
AART,AART 2019-2,1776294,Ally Auto Receivables Trust 2019-2,2021-10-31,29,0.004443372829980711,0.010884541195921742,129,316,29032
AART,AART 2019-2,1776294,Ally Auto Receivables Trust 2019-2,2021-11-30,30,0.004364178257167187,0.011318478569401078,123,319,28184
AART,AART 2019-2,1776294,Ally Auto Receivables Trust 2019-2,2021-12-31,31,0.004185636657365252,0.011492142752239682,114,313,27236
AART,AART 2019-2,1776294,Ally Auto Receivables Trust 2019-2,2022-01-31,32,0.004922191511112794,0.013062739010260876,130,345,26411
AART,AART 2019-2,1776294,Ally Auto Receivables Trust 2019-2,2022-02-28,33,0.004342723004694835,0.012089201877934273,111,309,25560
AART,AART 2019-2,1776294,Ally Auto Receivables Trust 2019-2,2022-03-31,34,0.0036208299430431244,0.011350691619202604,89,279,24580
AART,AART 2019-2,1776294,Ally Auto Receivables Trust 2019-2,2022-04-30,35,0.0045362903225806455,0.010500672043010752,108,250,23808
AART,AART 2019-2,1776294,Ally Auto Receivables Trust 2019-2,2022-05-31,36,0.004378929113375244,0.012052893995230868,101,278,23065
AART,AART 2019-2,1776294,Ally Auto Receivables Trust 2019-2,2022-06-30,37,0.005018370821758222,0.014651850524240524,112,327,22318
AART,AART 2019-2,1776294,Ally Auto Receivables Trust 2019-2,2022-07-31,38,0.005642401257977985,0.01516973452964573,122,328,21622
AART,AART 2019-2,1776294,Ally Auto Receivables Trust 2019-2,2022-08-31,39,0.006814473557923025,0.013820904117477686,142,288,20838
AART,AART 2019-2,1776294,Ally Auto Receivables Trust 2019-2,2022-09-30,40,0.006067840445638118,0.014025663980901224,122,282,20106
AART,AART 2019-2,1776294,Ally Auto Receivables Trust 2019-2,2022-10-31,41,0.005758946935417524,0.017688194158782394,112,344,19448
AART,AART 2019-2,1776294,Ally Auto Receivables Trust 2019-2,2022-11-30,42,0.007142095725402409,0.016309561880396548,134,306,18762
AART,AART 2019-2,1776294,Ally Auto Receivables Trust 2019-2,2022-12-31,43,0.007426291287962758,0.017346486366659277,134,313,18044
AART,AART 2019-2,1776294,Ally Auto Receivables Trust 2019-2,2023-01-31,44,0.0062717770034843206,0.016724738675958188,108,288,17220
AART,AART 2019-2,1776294,Ally Auto Receivables Trust 2019-2,2023-02-28,45,0.005576771534218343,0.018063890404315937,92,298,16497
AART,AART 2019-2,1776294,Ally Auto Receivables Trust 2019-2,2023-03-31,46,0.0065055169334779,0.017794502200395433,102,279,15679
AART,AART 2019-3,1785489,Ally Auto Receivables Trust 2019-3,2019-08-31,0,0.0001258356272119544,0.006244593000393236,8,397,63575
AART,AART 2019-3,1785489,Ally Auto Receivables Trust 2019-3,2019-09-30,1,0.0015834426281948755,0.006125843703016538,99,383,62522
AART,AART 2019-3,1785489,Ally Auto Receivables Trust 2019-3,2019-10-31,2,0.0019549386637994232,0.00770571656647606,120,473,61383
AART,AART 2019-3,1785489,Ally Auto Receivables Trust 2019-3,2019-11-30,3,0.0021916716477385933,0.00816895795975294,132,492,60228
AART,AART 2019-3,1785489,Ally Auto Receivables Trust 2019-3,2019-12-31,4,0.002206493881222737,0.009182409151857697,130,541,58917
AART,AART 2019-3,1785489,Ally Auto Receivables Trust 2019-3,2020-01-31,5,0.002932398667406996,0.009907690172126596,169,571,57632
AART,AART 2019-3,1785489,Ally Auto Receivables Trust 2019-3,2020-02-29,6,0.00271700525642847,0.009447364682483307,153,532,56312
AART,AART 2019-3,1785489,Ally Auto Receivables Trust 2019-3,2020-03-31,7,0.002437072602939037,0.007875018187108977,134,433,54984
AART,AART 2019-3,1785489,Ally Auto Receivables Trust 2019-3,2020-04-30,8,0.001883590384364335,0.004140168963652301,101,222,53621
AART,AART 2019-3,1785489,Ally Auto Receivables Trust 2019-3,2020-05-31,9,0.0014143730886850153,0.0037652905198776758,74,197,52320
AART,AART 2019-3,1785489,Ally Auto Receivables Trust 2019-3,2020-06-30,10,0.001613696743087671,0.004349109514907016,82,221,50815
AART,AART 2019-3,1785489,Ally Auto Receivables Trust 2019-3,2020-07-31,11,0.0018887467251568878,0.0061130404760454116,93,301,49239
AART,AART 2019-3,1785489,Ally Auto Receivables Trust 2019-3,2020-08-31,12,0.0030715867775502528,0.008002841740147938,147,383,47858
AART,AART 2019-3,1785489,Ally Auto Receivables Trust 2019-3,2020-09-30,13,0.003571351735117575,0.00826144015834427,166,384,46481
AART,AART 2019-3,1785489,Ally Auto Receivables Trust 2019-3,2020-10-31,14,0.00398247710075667,0.009049072967830436,180,409,45198
AART,AART 2019-3,1785489,Ally Auto Receivables Trust 2019-3,2020-11-30,15,0.00442578302315025,0.009305492510213346,195,410,44060
AART,AART 2019-3,1785489,Ally Auto Receivables Trust 2019-3,2020-12-31,16,0.004784242339377815,0.00968517351630143,205,415,42849
AART,AART 2019-3,1785489,Ally Auto Receivables Trust 2019-3,2021-01-31,17,0.003575284943011398,0.008494301139772046,149,354,41675
AART,AART 2019-3,1785489,Ally Auto Receivables Trust 2019-3,2021-02-28,18,0.003961711656290755,0.007824995693791678,161,318,40639
AART,AART 2019-3,1785489,Ally Auto Receivables Trust 2019-3,2021-03-31,19,0.002481072232453448,0.006701452834049519,97,262,39096
AART,AART 2019-3,1785489,Ally Auto Receivables Trust 2019-3,2021-04-30,20,0.0022720667881958203,0.005733005733005733,86,217,37851
AART,AART 2019-3,1785489,Ally Auto Receivables Trust 2019-3,2021-05-31,21,0.002508862830651759,0.007908371966184892,92,290,36670
AART,AART 2019-3,1785489,Ally Auto Receivables Trust 2019-3,2021-06-30,22,0.002734474107067347,0.007893327319369661,97,280,35473
AART,AART 2019-3,1785489,Ally Auto Receivables Trust 2019-3,2021-07-31,23,0.0034866490397187436,0.009036232094604411,120,311,34417
AART,AART 2019-3,1785489,Ally Auto Receivables Trust 2019-3,2021-08-31,24,0.0031521119149830385,0.008645792681096335,105,288,33311
AART,AART 2019-3,1785489,Ally Auto Receivables Trust 2019-3,2021-09-30,25,0.0035258095444282932,0.009185661707852658,114,297,32333
AART,AART 2019-3,1785489,Ally Auto Receivables Trust 2019-3,2021-10-31,26,0.004169584314724043,0.00970781080909033,131,305,31418
AART,AART 2019-3,1785489,Ally Auto Receivables Trust 2019-3,2021-11-30,27,0.0038416075650118202,0.009850275807722617,117,300,30456
AART,AART 2019-3,1785489,Ally Auto Receivables Trust 2019-3,2021-12-31,28,0.004305668565229183,0.010815025766205588,127,319,29496
AART,AART 2019-3,1785489,Ally Auto Receivables Trust 2019-3,2022-01-31,29,0.004363763309478094,0.010473031942747426,125,300,28645
AART,AART 2019-3,1785489,Ally Auto Receivables Trust 2019-3,2022-02-28,30,0.003422190201729107,0.01005043227665706,95,279,27760
AART,AART 2019-3,1785489,Ally Auto Receivables Trust 2019-3,2022-03-31,31,0.003440023930601256,0.009833981453784026,92,263,26744
AART,AART 2019-3,1785489,Ally Auto Receivables Trust 2019-3,2022-04-30,32,0.003708998184136306,0.01047019279063478,96,271,25883
AART,AART 2019-3,1785489,Ally Auto Receivables Trust 2019-3,2022-05-31,33,0.0037627091505884236,0.012088703866784085,94,302,24982
AART,AART 2019-3,1785489,Ally Auto Receivables Trust 2019-3,2022-06-30,34,0.004302854778651221,0.012122465866776996,104,293,24170
AART,AART 2019-3,1785489,Ally Auto Receivables Trust 2019-3,2022-07-31,35,0.004772252758958626,0.014231539477608761,112,334,23469
AART,AART 2019-3,1785489,Ally Auto Receivables Trust 2019-3,2022-08-31,36,0.005336979534227241,0.014158433309809457,121,321,22672
AART,AART 2019-3,1785489,Ally Auto Receivables Trust 2019-3,2022-09-30,37,0.005100646689133801,0.01480098369614719,112,325,21958
AART,AART 2019-3,1785489,Ally Auto Receivables Trust 2019-3,2022-10-31,38,0.005359913489115614,0.01518642155249424,114,323,21269
AART,AART 2019-3,1785489,Ally Auto Receivables Trust 2019-3,2022-11-30,39,0.005921467747415425,0.01456098626413629,122,300,20603
AART,AART 2019-3,1785489,Ally Auto Receivables Trust 2019-3,2022-12-31,40,0.00583061070620759,0.01593365167127419,116,317,19895
AART,AART 2019-3,1785489,Ally Auto Receivables Trust 2019-3,2023-01-31,41,0.005886643050635549,0.015263596582621379,113,293,19196
AART,AART 2019-3,1785489,Ally Auto Receivables Trust 2019-3,2023-02-28,42,0.005256312994472743,0.014576785520754308,97,269,18454
AART,AART 2019-3,1785489,Ally Auto Receivables Trust 2019-3,2023-03-31,43,0.005154931173171699,0.014898317566419305,91,263,17653
AART,AART 2019-3,1785489,Ally Auto Receivables Trust 2019-3,2023-04-30,44,0.006152753949003135,0.014257824054901497,104,241,16903
AART,AART 2019-3,1785489,Ally Auto Receivables Trust 2019-3,2023-05-31,45,0.00638878551048257,0.014762436422280114,103,238,16122
AART,AART 2019-3,1785489,Ally Auto Receivables Trust 2019-3,2023-06-30,46,0.006291755853927483,0.01576182136602452,97,243,15417
AART,AART 2019-4,1793667,Ally Auto Receivables Trust 2019-4,2019-12-31,0,0.0013701500717313861,0.00805970630430227,170,1000,124074
AART,AART 2019-4,1793667,Ally Auto Receivables Trust 2019-4,2020-01-31,1,0.002629286970239758,0.008939575698815178,320,1088,121706
AART,AART 2019-4,1793667,Ally Auto Receivables Trust 2019-4,2020-02-29,2,0.0023187821352958966,0.00868703162281144,276,1034,119028
AART,AART 2019-4,1793667,Ally Auto Receivables Trust 2019-4,2020-03-31,3,0.0021829557564715186,0.007545807693629895,254,878,116356
AART,AART 2019-4,1793667,Ally Auto Receivables Trust 2019-4,2020-04-30,4,0.0013634110064452156,0.004125646292230328,154,466,112952
AART,AART 2019-4,1793667,Ally Auto Receivables Trust 2019-4,2020-05-31,5,0.0011495721037169497,0.0034487163111508496,126,378,109606
AART,AART 2019-4,1793667,Ally Auto Receivables Trust 2019-4,2020-06-30,6,0.000906378639676725,0.0042108840968314515,96,446,105916
AART,AART 2019-4,1793667,Ally Auto Receivables Trust 2019-4,2020-07-31,7,0.0012957691175026994,0.005457936585844704,132,556,101870
AART,AART 2019-4,1793667,Ally Auto Receivables Trust 2019-4,2020-08-31,8,0.002425848537356029,0.007868718785037204,238,772,98110
AART,AART 2019-4,1793667,Ally Auto Receivables Trust 2019-4,2020-09-30,9,0.0026445511667759747,0.007552838132312184,250,714,94534
AART,AART 2019-4,1793667,Ally Auto Receivables Trust 2019-4,2020-10-31,10,0.0034887547997805813,0.007942951179374658,318,724,91150
AART,AART 2019-4,1793667,Ally Auto Receivables Trust 2019-4,2020-11-30,11,0.00355662279410099,0.00901615205128786,314,796,88286
AART,AART 2019-4,1793667,Ally Auto Receivables Trust 2019-4,2020-12-31,12,0.0036852729918783154,0.009929111309328201,314,846,85204
AART,AART 2019-4,1793667,Ally Auto Receivables Trust 2019-4,2021-01-31,13,0.0035773386547259807,0.008176774067945099,294,672,82184
AART,AART 2019-4,1793667,Ally Auto Receivables Trust 2019-4,2021-02-28,14,0.003337766958616709,0.008055813486586192,266,642,79694
AART,AART 2019-4,1793667,Ally Auto Receivables Trust 2019-4,2021-03-31,15,0.002102883579107852,0.006413794916278947,160,488,76086
AART,AART 2019-4,1793667,Ally Auto Receivables Trust 2019-4,2021-04-30,16,0.0019958442694663165,0.005194663167104112,146,380,73152
AART,AART 2019-4,1793667,Ally Auto Receivables Trust 2019-4,2021-05-31,17,0.001870960426352194,0.007540537475904298,132,532,70552
AART,AART 2019-4,1793667,Ally Auto Receivables Trust 2019-4,2021-06-30,18,0.002620035915099061,0.008183932408961111,178,556,67938
AART,AART 2019-4,1793667,Ally Auto Receivables Trust 2019-4,2021-07-31,19,0.0033587786259541984,0.008366412213740458,220,548,65500
AART,AART 2019-4,1793667,Ally Auto Receivables Trust 2019-4,2021-08-31,20,0.003769878983716657,0.0076031172780840145,238,480,63132
AART,AART 2019-4,1793667,Ally Auto Receivables Trust 2019-4,2021-09-30,21,0.0033120183636661748,0.008230857517625841,202,502,60990
AART,AART 2019-4,1793667,Ally Auto Receivables Trust 2019-4,2021-10-31,22,0.0033607169529499626,0.009572951320524136,198,564,58916
AART,AART 2019-4,1793667,Ally Auto Receivables Trust 2019-4,2021-11-30,23,0.003197470133520731,0.008749121574139143,182,498,56920
AART,AART 2019-4,1793667,Ally Auto Receivables Trust 2019-4,2021-12-31,24,0.0038646638471634825,0.009734577803704243,212,534,54856
AART,AART 2019-4,1793667,Ally Auto Receivables Trust 2019-4,2022-01-31,25,0.004476713565570687,0.009517718757053645,238,506,53164
AART,AART 2019-4,1793667,Ally Auto Receivables Trust 2019-4,2022-02-28,26,0.004047007549225621,0.009144680519884816,208,470,51396
AART,AART 2019-4,1793667,Ally Auto Receivables Trust 2019-4,2022-03-31,27,0.003199287247398048,0.009111894059045073,158,450,49386
AART,AART 2019-4,1793667,Ally Auto Receivables Trust 2019-4,2022-04-30,28,0.0030634940618574007,0.008602962776448864,146,410,47658
AART,AART 2019-4,1793667,Ally Auto Receivables Trust 2019-4,2022-05-31,29,0.0032539372640895486,0.010239055924335112,150,472,46098
AART,AART 2019-4,1793667,Ally Auto Receivables Trust 2019-4,2022-06-30,30,0.004172836182527931,0.010319917440660475,186,460,44574
AART,AART 2019-4,1793667,Ally Auto Receivables Trust 2019-4,2022-07-31,31,0.004601226993865031,0.012920617215095742,198,556,43032
AART,AART 2019-4,1793667,Ally Auto Receivables Trust 2019-4,2022-08-31,32,0.005267736323216702,0.011888652619369805,218,492,41384
AART,AART 2019-4,1793667,Ally Auto Receivables Trust 2019-4,2022-09-30,33,0.004915483773887746,0.011385865476250189,196,454,39874
AART,AART 2019-4,1793667,Ally Auto Receivables Trust 2019-4,2022-10-31,34,0.005030076747562747,0.013482679941920763,194,520,38568
AART,AART 2019-4,1793667,Ally Auto Receivables Trust 2019-4,2022-11-30,35,0.005480040831676785,0.013485198517165422,204,502,37226
AART,AART 2019-4,1793667,Ally Auto Receivables Trust 2019-4,2022-12-31,36,0.00524582845024834,0.014732965009208104,188,528,35838
AART,AART 2019-4,1793667,Ally Auto Receivables Trust 2019-4,2023-01-31,37,0.0048171793383633196,0.014451538015089959,166,498,34460
AART,AART 2019-4,1793667,Ally Auto Receivables Trust 2019-4,2023-02-28,38,0.004651162790697674,0.014315916641498037,154,474,33110
AART,AART 2019-4,1793667,Ally Auto Receivables Trust 2019-4,2023-03-31,39,0.004755865567533291,0.013823715916296766,150,436,31540
AART,AART 2019-4,1793667,Ally Auto Receivables Trust 2019-4,2023-04-30,40,0.006421714664018537,0.012711022840119166,194,384,30210
AART,AART 2019-4,1793667,Ally Auto Receivables Trust 2019-4,2023-05-31,41,0.005968491914775487,0.01394961482406829,172,402,28818
AART,AART 2019-4,1793667,Ally Auto Receivables Trust 2019-4,2023-06-30,42,0.005165514732630047,0.012877409967260823,142,354,27490
AART,AART 2022-1,1922474,Ally Auto Receivables Trust 2022-1,2022-05-31,0,0.0006100733882399383,0.0040910803681972335,34,228,55731
AART,AART 2022-1,1922474,Ally Auto Receivables Trust 2022-1,2022-06-30,1,0.0013368494304655165,0.005677031828004248,73,310,54606
AART,AART 2022-1,1922474,Ally Auto Receivables Trust 2022-1,2022-07-31,2,0.0016642980028423965,0.006713291944049667,89,359,53476
AART,AART 2022-1,1922474,Ally Auto Receivables Trust 2022-1,2022-08-31,3,0.002089643802001457,0.007323338829032629,109,382,52162
AART,AART 2022-1,1922474,Ally Auto Receivables Trust 2022-1,2022-09-30,4,0.002413799870479031,0.007005906941146457,123,357,50957
AART,AART 2022-1,1922474,Ally Auto Receivables Trust 2022-1,2022-10-31,5,0.0029360897719502878,0.007541326469050396,146,375,49726
AART,AART 2022-1,1922474,Ally Auto Receivables Trust 2022-1,2022-11-30,6,0.003112439451715964,0.008615891992167371,151,418,48515
AART,AART 2022-1,1922474,Ally Auto Receivables Trust 2022-1,2022-12-31,7,0.00372108757241321,0.008309019408854496,176,393,47298
AART,AART 2022-1,1922474,Ally Auto Receivables Trust 2022-1,2023-01-31,8,0.0035575609015379944,0.008828824920280266,164,407,46099
AART,AART 2022-1,1922474,Ally Auto Receivables Trust 2022-1,2023-02-28,9,0.003499075085248167,0.008067931088279212,157,362,44869
AART,AART 2022-1,1922474,Ally Auto Receivables Trust 2022-1,2023-03-31,10,0.00309547830872237,0.008552691919655141,135,373,43612
AART,AART 2022-1,1922474,Ally Auto Receivables Trust 2022-1,2023-04-30,11,0.0034329516330033625,0.008699945919255096,146,370,42529
AART,AART 2022-1,1922474,Ally Auto Receivables Trust 2022-1,2023-05-31,12,0.0033849129593810446,0.008945841392649903,140,370,41360
AART,AART 2022-1,1922474,Ally Auto Receivables Trust 2022-1,2023-06-30,13,0.00315873252748346,0.009874148137093966,127,397,40206
AART,AART 2022-1,1922474,Ally Auto Receivables Trust 2022-1,2023-07-31,14,0.003951964508809056,0.011192983350755973,155,439,39221
AART,AART 2022-1,1922474,Ally Auto Receivables Trust 2022-1,2023-08-31,15,0.004698656026879462,0.010342293154136917,179,394,38096
AART,AART 2022-1,1922474,Ally Auto Receivables Trust 2022-1,2023-09-30,16,0.0048407917383821,0.010622848537005163,180,395,37184
AART,AART 2022-1,1922474,Ally Auto Receivables Trust 2022-1,2023-10-31,17,0.004884645104316149,0.01170107075836185,177,424,36236
AART,AART 2022-1,1922474,Ally Auto Receivables Trust 2022-1,2023-11-30,18,0.005092802172928927,0.01077976459936623,180,381,35344
AART,AART 2022-1,1922474,Ally Auto Receivables Trust 2022-1,2023-12-31,19,0.0055660240614581824,0.012436585012320625,192,429,34495
AART,AART 2022-1,1922474,Ally Auto Receivables Trust 2022-1,2024-01-31,20,0.005664371105744865,0.013236740899740631,190,444,33543
AART,AART 2022-1,1922474,Ally Auto Receivables Trust 2022-1,2024-02-29,21,0.005238168172767652,0.011425945780364528,171,373,32645
AART,AART 2022-1,1922474,Ally Auto Receivables Trust 2022-1,2024-03-31,22,0.005002674385677878,0.012050467230909606,159,383,31783
AART,AART 2022-1,1922474,Ally Auto Receivables Trust 2022-1,2024-04-30,23,0.005138978668390433,0.010892049127343244,159,337,30940
AART,AART 2022-1,1922474,Ally Auto Receivables Trust 2022-1,2024-05-31,24,0.005151555437383675,0.012097846317468759,155,364,30088
AART,AART 2022-1,1922474,Ally Auto Receivables Trust 2022-1,2024-06-30,25,0.006114432109308283,0.013697694278394535,179,401,29275
AART,AART 2022-1,1922474,Ally Auto Receivables Trust 2022-1,2024-07-31,26,0.006406871545745767,0.014538670046115395,182,413,28407
AART,AART 2022-1,1922474,Ally Auto Receivables Trust 2022-1,2024-08-31,27,0.00630274930271308,0.014959973919658058,174,413,27607
AART,AART 2022-1,1922474,Ally Auto Receivables Trust 2022-1,2024-09-30,28,0.006624488276888723,0.014774841831038332,178,397,26870
AART,AART 2022-1,1922474,Ally Auto Receivables Trust 2022-1,2024-10-31,29,0.0067920184190330005,0.01454336147352264,177,379,26060
AART,AART 2022-1,1922474,Ally Auto Receivables Trust 2022-1,2024-11-30,30,0.007167465251653269,0.014176533481170555,181,358,25253
AART,AART 2022-1,1922474,Ally Auto Receivables Trust 2022-1,2024-12-31,31,0.008128420880647006,0.01597091740870844,199,391,24482
AART,AART 2022-1,1922474,Ally Auto Receivables Trust 2022-1,2025-01-31,32,0.007717611336032389,0.014760458839406208,183,350,23712
AART,AART 2022-1,1922474,Ally Auto Receivables Trust 2022-1,2025-02-28,33,0.006357500544306553,0.015197038972349227,146,349,22965
AART,AART 2022-1,1922474,Ally Auto Receivables Trust 2022-1,2025-03-31,34,0.0054249547920434,0.015325497287522603,120,339,22120
AART,AART 2022-1,1922474,Ally Auto Receivables Trust 2022-1,2025-04-30,35,0.006557069926467145,0.014753407334551076,140,315,21351
AART,AART 2022-1,1922474,Ally Auto Receivables Trust 2022-1,2025-05-31,36,0.006252423419930205,0.01730321830166731,129,357,20632
AART,AART 2022-1,1922474,Ally Auto Receivables Trust 2022-1,2025-06-30,37,0.007149330379619374,0.018175410331285873,142,361,19862
AART,AART 2022-1,1922474,Ally Auto Receivables Trust 2022-1,2025-07-31,38,0.007303105133189723,0.01880943624231598,139,358,19033
AART,AART 2022-1,1922474,Ally Auto Receivables Trust 2022-1,2025-08-31,39,0.007932600251654905,0.01865528748837464,145,341,18279
AART,AART 2022-1,1922474,Ally Auto Receivables Trust 2022-1,2025-09-30,40,0.007810718358038768,0.018015963511972634,137,316,17540
AART,AART 2022-1,1922474,Ally Auto Receivables Trust 2022-1,2025-10-31,41,0.008284658481344617,0.017463344856359517,139,293,16778
AART,AART 2022-1,1922474,Ally Auto Receivables Trust 2022-1,2025-11-30,42,0.00858636137381782,0.017297162767546042,138,278,16072
AART,AART 2022-1,1922474,Ally Auto Receivables Trust 2022-1,2025-12-31,43,0.00974493132766514,0.020863309352517987,149,319,15290
AART,AART 2022-2,1946472,ALLY AUTO RECEIVABLES TRUST 2022-2,2022-10-31,0,0.0014124293785310734,0.006640252402964267,77,362,54516
AART,AART 2022-2,1946472,ALLY AUTO RECEIVABLES TRUST 2022-2,2022-11-30,1,0.0024072104349773275,0.006456548918621359,129,346,53589
AART,AART 2022-2,1946472,ALLY AUTO RECEIVABLES TRUST 2022-2,2022-12-31,2,0.0023579075472056894,0.008119568731103463,124,427,52589
AART,AART 2022-2,1946472,ALLY AUTO RECEIVABLES TRUST 2022-2,2023-01-31,3,0.003008715569617796,0.007861482617388435,155,405,51517
AART,AART 2022-2,1946472,ALLY AUTO RECEIVABLES TRUST 2022-2,2023-02-28,4,0.0029495021477918323,0.007680582774115644,149,388,50517
AART,AART 2022-2,1946472,ALLY AUTO RECEIVABLES TRUST 2022-2,2023-03-31,5,0.00255775242580488,0.007795055011976778,126,384,49262
AART,AART 2022-2,1946472,ALLY AUTO RECEIVABLES TRUST 2022-2,2023-04-30,6,0.003095139177399252,0.009451599501454092,149,455,48140
AART,AART 2022-2,1946472,ALLY AUTO RECEIVABLES TRUST 2022-2,2023-05-31,7,0.0034589516387317177,0.009181167929966904,162,430,46835
AART,AART 2022-2,1946472,ALLY AUTO RECEIVABLES TRUST 2022-2,2023-06-30,8,0.0036366822941769268,0.009529860228716646,166,435,45646
AART,AART 2022-2,1946472,ALLY AUTO RECEIVABLES TRUST 2022-2,2023-07-31,9,0.004369649979832385,0.009904539954286739,195,442,44626
AART,AART 2022-2,1946472,ALLY AUTO RECEIVABLES TRUST 2022-2,2023-08-31,10,0.004552980132450331,0.010853568800588667,198,472,43488
AART,AART 2022-2,1946472,ALLY AUTO RECEIVABLES TRUST 2022-2,2023-09-30,11,0.005015068751177246,0.010406856281785648,213,442,42472
AART,AART 2022-2,1946472,ALLY AUTO RECEIVABLES TRUST 2022-2,2023-10-31,12,0.005268882175226586,0.010561933534743202,218,437,41375
AART,AART 2022-2,1946472,ALLY AUTO RECEIVABLES TRUST 2022-2,2023-11-30,13,0.005344285820323131,0.01081228196056115,216,437,40417
AART,AART 2022-2,1946472,ALLY AUTO RECEIVABLES TRUST 2022-2,2023-12-31,14,0.00570110981604419,0.012821162519637157,225,506,39466
AART,AART 2022-2,1946472,ALLY AUTO RECEIVABLES TRUST 2022-2,2024-01-31,15,0.0058488653201278955,0.012009670123995946,225,462,38469
AART,AART 2022-2,1946472,ALLY AUTO RECEIVABLES TRUST 2022-2,2024-02-29,16,0.005222349524393168,0.011537129306440009,196,433,37531
AART,AART 2022-2,1946472,ALLY AUTO RECEIVABLES TRUST 2022-2,2024-03-31,17,0.004896195191334555,0.011980634043600755,179,438,36559
AART,AART 2022-2,1946472,ALLY AUTO RECEIVABLES TRUST 2022-2,2024-04-30,18,0.00471976401179941,0.01146228402865571,168,408,35595
AART,AART 2022-2,1946472,ALLY AUTO RECEIVABLES TRUST 2022-2,2024-05-31,19,0.004959344905138112,0.013176864079349518,172,457,34682
AART,AART 2022-2,1946472,ALLY AUTO RECEIVABLES TRUST 2022-2,2024-06-30,20,0.00591261160054396,0.013628569739253828,200,461,33826
AART,AART 2022-2,1946472,ALLY AUTO RECEIVABLES TRUST 2022-2,2024-07-31,21,0.0069507679232683785,0.014630000607053967,229,482,32946
AART,AART 2022-2,1946472,ALLY AUTO RECEIVABLES TRUST 2022-2,2024-08-31,22,0.007018528916339135,0.01388109052342629,225,445,32058
AART,AART 2022-2,1946472,ALLY AUTO RECEIVABLES TRUST 2022-2,2024-09-30,23,0.007135315009759063,0.014846574728826032,223,464,31253
AART,AART 2022-2,1946472,ALLY AUTO RECEIVABLES TRUST 2022-2,2024-10-31,24,0.00680249753532698,0.016365428853105487,207,498,30430
AART,AART 2022-2,1946472,ALLY AUTO RECEIVABLES TRUST 2022-2,2024-11-30,25,0.007300497914143453,0.015610281254205357,217,464,29724
AART,AART 2022-2,1946472,ALLY AUTO RECEIVABLES TRUST 2022-2,2024-12-31,26,0.008537259781556754,0.016936264343978984,247,490,28932
AART,AART 2022-2,1946472,ALLY AUTO RECEIVABLES TRUST 2022-2,2025-01-31,27,0.008160792559067745,0.01621467517194683,229,455,28061
AART,AART 2022-2,1946472,ALLY AUTO RECEIVABLES TRUST 2022-2,2025-02-28,28,0.00770698766881973,0.015157075748678802,210,413,27248
AART,AART 2022-2,1946472,ALLY AUTO RECEIVABLES TRUST 2022-2,2025-03-31,29,0.007552755427356915,0.015409139213602551,199,406,26348
AART,AART 2022-2,1946472,ALLY AUTO RECEIVABLES TRUST 2022-2,2025-04-30,30,0.007207489521720396,0.01492420384660582,184,381,25529
AART,AART 2022-2,1946472,ALLY AUTO RECEIVABLES TRUST 2022-2,2025-05-31,31,0.007406508013598835,0.016593815768172253,183,410,24708
AART,AART 2022-2,1946472,ALLY AUTO RECEIVABLES TRUST 2022-2,2025-06-30,32,0.00740214118434259,0.017773502843760454,177,425,23912
AART,AART 2022-2,1946472,ALLY AUTO RECEIVABLES TRUST 2022-2,2025-07-31,33,0.008425624321389793,0.01776330076004343,194,409,23025
AART,AART 2022-2,1946472,ALLY AUTO RECEIVABLES TRUST 2022-2,2025-08-31,34,0.008605541788691147,0.01730119396260419,191,384,22195
AART,AART 2022-2,1946472,ALLY AUTO RECEIVABLES TRUST 2022-2,2025-09-30,35,0.008517409210033695,0.01652002995132909,182,353,21368
AART,AART 2022-2,1946472,ALLY AUTO RECEIVABLES TRUST 2022-2,2025-10-31,36,0.008585564610011642,0.019014357780364765,177,392,20616
AART,AART 2022-2,1946472,ALLY AUTO RECEIVABLES TRUST 2022-2,2025-11-30,37,0.009383781613809716,0.018968285828984344,187,378,19928
AART,AART 2022-2,1946472,ALLY AUTO RECEIVABLES TRUST 2022-2,2025-12-31,38,0.008918326901011787,0.022791279858141233,171,437,19174
AART,AART 2022-3,1954336,ALLY AUTO RECEIVABLES TRUST 2022-3,2022-11-30,0,0.00011957635804578067,0.004697642637512812,7,275,58540
AART,AART 2022-3,1954336,ALLY AUTO RECEIVABLES TRUST 2022-3,2022-12-31,1,0.0010937310116143817,0.0061283658269821704,63,353,57601
AART,AART 2022-3,1954336,ALLY AUTO RECEIVABLES TRUST 2022-3,2023-01-31,2,0.0018729238815463991,0.006025160788748322,106,341,56596
AART,AART 2022-3,1954336,ALLY AUTO RECEIVABLES TRUST 2022-3,2023-02-28,3,0.001889168765743073,0.006693055055775459,105,372,55580
AART,AART 2022-3,1954336,ALLY AUTO RECEIVABLES TRUST 2022-3,2023-03-31,4,0.0016028002947678702,0.007148120854826824,87,388,54280
AART,AART 2022-3,1954336,ALLY AUTO RECEIVABLES TRUST 2022-3,2023-04-30,5,0.002412363362231436,0.007180550320392009,128,381,53060
AART,AART 2022-3,1954336,ALLY AUTO RECEIVABLES TRUST 2022-3,2023-05-31,6,0.0025395471464019852,0.008219602977667493,131,424,51584
AART,AART 2022-3,1954336,ALLY AUTO RECEIVABLES TRUST 2022-3,2023-06-30,7,0.0026084705601242507,0.007646203779295514,131,384,50221
AART,AART 2022-3,1954336,ALLY AUTO RECEIVABLES TRUST 2022-3,2023-07-31,8,0.003128322564815572,0.009466753905291567,153,463,48908
AART,AART 2022-3,1954336,ALLY AUTO RECEIVABLES TRUST 2022-3,2023-08-31,9,0.0034348329996839112,0.009419450005268148,163,447,47455
AART,AART 2022-3,1954336,ALLY AUTO RECEIVABLES TRUST 2022-3,2023-09-30,10,0.0038346548810607047,0.009554140127388535,177,441,46158
AART,AART 2022-3,1954336,ALLY AUTO RECEIVABLES TRUST 2022-3,2023-10-31,11,0.004088015190438959,0.010208868535686363,183,457,44765
AART,AART 2022-3,1954336,ALLY AUTO RECEIVABLES TRUST 2022-3,2023-11-30,12,0.004644318756610107,0.01027727962477583,202,447,43494
AART,AART 2022-3,1954336,ALLY AUTO RECEIVABLES TRUST 2022-3,2023-12-31,13,0.004809286898839138,0.01212982705520019,203,512,42210
AART,AART 2022-3,1954336,ALLY AUTO RECEIVABLES TRUST 2022-3,2024-01-31,14,0.005152247698581301,0.012111444826996802,211,496,40953
AART,AART 2022-3,1954336,ALLY AUTO RECEIVABLES TRUST 2022-3,2024-02-29,15,0.004278128696177367,0.011425120165085437,170,454,39737
AART,AART 2022-3,1954336,ALLY AUTO RECEIVABLES TRUST 2022-3,2024-03-31,16,0.003947539280612908,0.011063498246980911,152,426,38505
AART,AART 2022-3,1954336,ALLY AUTO RECEIVABLES TRUST 2022-3,2024-04-30,17,0.004370441870441871,0.011904761904761904,163,444,37296
AART,AART 2022-3,1954336,ALLY AUTO RECEIVABLES TRUST 2022-3,2024-05-31,18,0.00519796505197965,0.012331342623313426,188,446,36168
AART,AART 2022-3,1954336,ALLY AUTO RECEIVABLES TRUST 2022-3,2024-06-30,19,0.005861931591827443,0.013431221899721131,206,472,35142
AART,AART 2022-3,1954336,ALLY AUTO RECEIVABLES TRUST 2022-3,2024-07-31,20,0.006099527873082901,0.014896923843875547,208,508,34101
AART,AART 2022-3,1954336,ALLY AUTO RECEIVABLES TRUST 2022-3,2024-08-31,21,0.007113882666343767,0.013985590603620512,235,462,33034
AART,AART 2022-3,1954336,ALLY AUTO RECEIVABLES TRUST 2022-3,2024-09-30,22,0.007080032437153016,0.014846235418875928,227,476,32062
AART,AART 2022-3,1954336,ALLY AUTO RECEIVABLES TRUST 2022-3,2024-10-31,23,0.00686853052142788,0.013962787398020057,213,433,31011
AART,AART 2022-3,1954336,ALLY AUTO RECEIVABLES TRUST 2022-3,2024-11-30,24,0.00655225171289829,0.014567950508880463,197,438,30066
AART,AART 2022-3,1954336,ALLY AUTO RECEIVABLES TRUST 2022-3,2024-12-31,25,0.00729525120440468,0.016276668960770818,212,473,29060
AART,AART 2022-3,1954336,ALLY AUTO RECEIVABLES TRUST 2022-3,2025-01-31,26,0.0076572405441983045,0.015278866016098012,215,429,28078
AART,AART 2022-3,1954336,ALLY AUTO RECEIVABLES TRUST 2022-3,2025-02-28,27,0.007434123362284705,0.015052259679081408,202,409,27172
AART,AART 2022-3,1954336,ALLY AUTO RECEIVABLES TRUST 2022-3,2025-03-31,28,0.007372039724980901,0.014782276546982429,193,387,26180
AART,AART 2022-3,1954336,ALLY AUTO RECEIVABLES TRUST 2022-3,2025-04-30,29,0.0064283163366533076,0.01618983373675648,162,408,25201
AART,AART 2022-3,1954336,ALLY AUTO RECEIVABLES TRUST 2022-3,2025-05-31,30,0.006540787362705171,0.016043440700974947,159,390,24309
AART,AART 2022-3,1954336,ALLY AUTO RECEIVABLES TRUST 2022-3,2025-06-30,31,0.007727117486338798,0.016478825136612023,181,386,23424
AART,AART 2022-3,1954336,ALLY AUTO RECEIVABLES TRUST 2022-3,2025-07-31,32,0.008819206271435572,0.01674758362656452,198,376,22451
AART,AART 2022-3,1954336,ALLY AUTO RECEIVABLES TRUST 2022-3,2025-08-31,33,0.008784568905414828,0.01570996978851964,189,338,21515
AART,AART 2022-3,1954336,ALLY AUTO RECEIVABLES TRUST 2022-3,2025-09-30,34,0.008569768567831896,0.01709112036409412,177,353,20654
AART,AART 2022-3,1954336,ALLY AUTO RECEIVABLES TRUST 2022-3,2025-10-31,35,0.009049087508214954,0.017137657347960165,179,339,19781
AART,AART 2022-3,1954336,ALLY AUTO RECEIVABLES TRUST 2022-3,2025-11-30,36,0.00903266463606764,0.01890557714525785,172,360,19042
AART,AART 2022-3,1954336,ALLY AUTO RECEIVABLES TRUST 2022-3,2025-12-31,37,0.009603775655800681,0.02036000439029744,175,371,18222
AART,AART 2023-1,1980826,ALLY AUTO RECEIVABLES TRUST 2023-1,2023-08-31,0,0.0021522733387140166,0.007465698143664245,96,333,44604
AART,AART 2023-1,1980826,ALLY AUTO RECEIVABLES TRUST 2023-1,2023-09-30,1,0.002530837456394355,0.00811692013041793,111,356,43859
AART,AART 2023-1,1980826,ALLY AUTO RECEIVABLES TRUST 2023-1,2023-10-31,2,0.0033519553072625698,0.0087756052141527,144,377,42960
AART,AART 2023-1,1980826,ALLY AUTO RECEIVABLES TRUST 2023-1,2023-11-30,3,0.0038676917236142748,0.008518413059984815,163,359,42144
AART,AART 2023-1,1980826,ALLY AUTO RECEIVABLES TRUST 2023-1,2023-12-31,4,0.004308571151937647,0.010916660615302689,178,451,41313
AART,AART 2023-1,1980826,ALLY AUTO RECEIVABLES TRUST 2023-1,2024-01-31,5,0.004598951636831174,0.010854514884778954,186,439,40444
AART,AART 2023-1,1980826,ALLY AUTO RECEIVABLES TRUST 2023-1,2024-02-29,6,0.004542586750788643,0.009917981072555204,180,393,39625
AART,AART 2023-1,1980826,ALLY AUTO RECEIVABLES TRUST 2023-1,2024-03-31,7,0.004081949001472602,0.010695739788668716,158,414,38707
AART,AART 2023-1,1980826,ALLY AUTO RECEIVABLES TRUST 2023-1,2024-04-30,8,0.0042858276673986085,0.01015899891531522,162,384,37799
AART,AART 2023-1,1980826,ALLY AUTO RECEIVABLES TRUST 2023-1,2024-05-31,9,0.0047215890589384565,0.011993921632475849,174,442,36852
AART,AART 2023-1,1980826,ALLY AUTO RECEIVABLES TRUST 2023-1,2024-06-30,10,0.0055077357393927655,0.012537709999723229,199,453,36131
AART,AART 2023-1,1980826,ALLY AUTO RECEIVABLES TRUST 2023-1,2024-07-31,11,0.00600294484086533,0.01381809944501076,212,488,35316
AART,AART 2023-1,1980826,ALLY AUTO RECEIVABLES TRUST 2023-1,2024-08-31,12,0.006838795676490191,0.013387811875163,236,462,34509
AART,AART 2023-1,1980826,ALLY AUTO RECEIVABLES TRUST 2023-1,2024-09-30,13,0.007069750931787256,0.012482991184996746,239,422,33806
AART,AART 2023-1,1980826,ALLY AUTO RECEIVABLES TRUST 2023-1,2024-10-31,14,0.0068070430205118895,0.015459551037695892,225,511,33054
AART,AART 2023-1,1980826,ALLY AUTO RECEIVABLES TRUST 2023-1,2024-11-30,15,0.0077255871446229914,0.014400494437577255,250,466,32360
AART,AART 2023-1,1980826,ALLY AUTO RECEIVABLES TRUST 2023-1,2024-12-31,16,0.008314890926335756,0.015112235219728105,263,478,31630
AART,AART 2023-1,1980826,ALLY AUTO RECEIVABLES TRUST 2023-1,2025-01-31,17,0.007573795960642155,0.01585965820818229,234,490,30896
AART,AART 2023-1,1980826,ALLY AUTO RECEIVABLES TRUST 2023-1,2025-02-28,18,0.008005027951440574,0.015613112368098972,242,472,30231
AART,AART 2023-1,1980826,ALLY AUTO RECEIVABLES TRUST 2023-1,2025-03-31,19,0.008115449915110356,0.015823429541595924,239,466,29450
AART,AART 2023-1,1980826,ALLY AUTO RECEIVABLES TRUST 2023-1,2025-04-30,20,0.007097874117114923,0.014856824745137609,204,427,28741
AART,AART 2023-1,1980826,ALLY AUTO RECEIVABLES TRUST 2023-1,2025-05-31,21,0.007098776442050441,0.016658937680590732,199,467,28033
AART,AART 2023-1,1980826,ALLY AUTO RECEIVABLES TRUST 2023-1,2025-06-30,22,0.007674316620377138,0.016262242362227744,210,445,27364
AART,AART 2023-1,1980826,ALLY AUTO RECEIVABLES TRUST 2023-1,2025-07-31,23,0.008785432701332833,0.017570865402665666,234,468,26635
AART,AART 2023-1,1980826,ALLY AUTO RECEIVABLES TRUST 2023-1,2025-08-31,24,0.00898954434970485,0.01713029052046761,233,444,25919
AART,AART 2023-1,1980826,ALLY AUTO RECEIVABLES TRUST 2023-1,2025-09-30,25,0.008235014648824136,0.01841000871011165,208,465,25258
AART,AART 2023-1,1980826,ALLY AUTO RECEIVABLES TRUST 2023-1,2025-10-31,26,0.009070202554299195,0.020906206784348815,223,514,24586
AART,AART 2023-1,1980826,ALLY AUTO RECEIVABLES TRUST 2023-1,2025-11-30,27,0.010701199200532977,0.020278147901399066,257,487,24016
AART,AART 2023-1,1980826,ALLY AUTO RECEIVABLES TRUST 2023-1,2025-12-31,28,0.011251818259604689,0.021476854624796784,263,502,23374
AART,AART 2024-1,2010413,ALLY AUTO RECEIVABLES TRUST 2024-1,2024-03-31,0,0.0012551282291452014,0.007118637717539949,67,380,53381
AART,AART 2024-1,2010413,ALLY AUTO RECEIVABLES TRUST 2024-1,2024-04-30,1,0.0018752391886720245,0.007137389973210869,98,373,52260
AART,AART 2024-1,2010413,ALLY AUTO RECEIVABLES TRUST 2024-1,2024-05-31,2,0.0020984918315715153,0.008433191472670576,107,430,50989
AART,AART 2024-1,2010413,ALLY AUTO RECEIVABLES TRUST 2024-1,2024-06-30,3,0.0032330615687377003,0.009819671472749909,161,489,49798
AART,AART 2024-1,2010413,ALLY AUTO RECEIVABLES TRUST 2024-1,2024-07-31,4,0.0039626029348027985,0.011227374981941263,192,544,48453
AART,AART 2024-1,2010413,ALLY AUTO RECEIVABLES TRUST 2024-1,2024-08-31,5,0.00419050860436919,0.011146327455276425,197,524,47011
AART,AART 2024-1,2010413,ALLY AUTO RECEIVABLES TRUST 2024-1,2024-09-30,6,0.004187861778635327,0.011511138396772496,191,525,45608
AART,AART 2024-1,2010413,ALLY AUTO RECEIVABLES TRUST 2024-1,2024-10-31,7,0.00487053439956505,0.01209704822961738,215,534,44143
AART,AART 2024-1,2010413,ALLY AUTO RECEIVABLES TRUST 2024-1,2024-11-30,8,0.005682083898423982,0.012159191881401113,243,520,42766
AART,AART 2024-1,2010413,ALLY AUTO RECEIVABLES TRUST 2024-1,2024-12-31,9,0.0063789687333881025,0.014570144493306915,264,603,41386
AART,AART 2024-1,2010413,ALLY AUTO RECEIVABLES TRUST 2024-1,2025-01-31,10,0.006069422150882825,0.013091894060995184,242,522,39872
AART,AART 2024-1,2010413,ALLY AUTO RECEIVABLES TRUST 2024-1,2025-02-28,11,0.005725685268666771,0.01272086636613296,221,491,38598
AART,AART 2024-1,2010413,ALLY AUTO RECEIVABLES TRUST 2024-1,2025-03-31,12,0.0055073476076619296,0.014668350213577626,205,546,37223
AART,AART 2024-1,2010413,ALLY AUTO RECEIVABLES TRUST 2024-1,2025-04-30,13,0.006132062324051621,0.013211807007274855,220,474,35877
AART,AART 2024-1,2010413,ALLY AUTO RECEIVABLES TRUST 2024-1,2025-05-31,14,0.006244037811117856,0.014453791229439482,216,500,34593
AART,AART 2024-1,2010413,ALLY AUTO RECEIVABLES TRUST 2024-1,2025-06-30,15,0.006619541125022464,0.014257473192356077,221,476,33386
AART,AART 2024-1,2010413,ALLY AUTO RECEIVABLES TRUST 2024-1,2025-07-31,16,0.007428446580729736,0.016885670588969694,238,541,32039
AART,AART 2024-1,2010413,ALLY AUTO RECEIVABLES TRUST 2024-1,2025-08-31,17,0.00797536067433944,0.016015561679364566,246,494,30845
AART,AART 2024-1,2010413,ALLY AUTO RECEIVABLES TRUST 2024-1,2025-09-30,18,0.007807767382378677,0.015884768122770412,232,472,29714
AART,AART 2024-1,2010413,ALLY AUTO RECEIVABLES TRUST 2024-1,2025-10-31,19,0.007342143906020558,0.017795958324592687,210,509,28602
AART,AART 2024-1,2010413,ALLY AUTO RECEIVABLES TRUST 2024-1,2025-11-30,20,0.008412159722723663,0.016860423135244423,233,467,27698
AART,AART 2024-1,2010413,ALLY AUTO RECEIVABLES TRUST 2024-1,2025-12-31,21,0.008764373197498034,0.01910183902018802,234,510,26699
AART,AART 2024-2,2035124,Ally Auto Receivables Trust 2024-2,2024-09-30,0,0.0016146899232083512,0.007303655582884287,86,389,53261
AART,AART 2024-2,2035124,Ally Auto Receivables Trust 2024-2,2024-10-31,1,0.002151694459386767,0.008664412510566356,112,451,52052
AART,AART 2024-2,2035124,Ally Auto Receivables Trust 2024-2,2024-11-30,2,0.0027142913339365093,0.009185319224263404,138,467,50842
AART,AART 2024-2,2035124,Ally Auto Receivables Trust 2024-2,2024-12-31,3,0.0034522439585730723,0.011345971372620273,171,562,49533
AART,AART 2024-2,2035124,Ally Auto Receivables Trust 2024-2,2025-01-31,4,0.004245930982808142,0.010968655038921034,204,527,48046
AART,AART 2024-2,2035124,Ally Auto Receivables Trust 2024-2,2025-02-28,5,0.004487867726003865,0.009813184453510844,209,457,46570
AART,AART 2024-2,2035124,Ally Auto Receivables Trust 2024-2,2025-03-31,6,0.004056433458889607,0.011121759868054472,182,499,44867
AART,AART 2024-2,2035124,Ally Auto Receivables Trust 2024-2,2025-04-30,7,0.00439083009798484,0.010145128489554447,190,439,43272
AART,AART 2024-2,2035124,Ally Auto Receivables Trust 2024-2,2025-05-31,8,0.004301437016388715,0.012303551689335319,179,512,41614
AART,AART 2024-2,2035124,Ally Auto Receivables Trust 2024-2,2025-06-30,9,0.004720043953848459,0.012312072324059738,189,493,40042
AART,AART 2024-2,2035124,Ally Auto Receivables Trust 2024-2,2025-07-31,10,0.00525589987770926,0.01329586553222491,202,511,38433
AART,AART 2024-2,2035124,Ally Auto Receivables Trust 2024-2,2025-08-31,11,0.005760493292946776,0.013278883600173085,213,491,36976
AART,AART 2024-2,2035124,Ally Auto Receivables Trust 2024-2,2025-09-30,12,0.005811015664477008,0.01361518162933019,207,485,35622
AART,AART 2024-2,2035124,Ally Auto Receivables Trust 2024-2,2025-10-31,13,0.006445779618503179,0.015283205973283556,221,524,34286
AART,AART 2024-2,2035124,Ally Auto Receivables Trust 2024-2,2025-11-30,14,0.0074223818000784475,0.01587062124732221,246,526,33143
AART,AART 2024-2,2035124,Ally Auto Receivables Trust 2024-2,2025-12-31,15,0.00793227778648691,0.0171813763912839,253,548,31895
AART,AART 2025-1,2087070,ALLY AUTO RECEIVABLES TRUST 2025- 1,2025-09-30,0,0.0001899335232668566,0.006533713200379867,10,344,52650
AART,AART 2025-1,2087070,ALLY AUTO RECEIVABLES TRUST 2025- 1,2025-10-31,1,0.0018646931996969874,0.008779597148573315,96,452,51483
AART,AART 2025-1,2087070,ALLY AUTO RECEIVABLES TRUST 2025- 1,2025-11-30,2,0.0032701759949262726,0.009810527984778817,165,495,50456
AART,AART 2025-1,2087070,ALLY AUTO RECEIVABLES TRUST 2025- 1,2025-12-31,3,0.0035511363636363635,0.011323051948051948,175,558,49280
