Series Label,Reporting Date,vintage_month,bucket,dq_rate
AART 2017-1,2017-02-28,0,60+,0.0008517628448879019
AART 2017-1,2017-03-31,1,60+,0.0008835428518283137
AART 2017-1,2017-04-30,2,60+,0.001387859384610532
AART 2017-1,2017-05-31,3,60+,0.0012889504720781104
AART 2017-1,2017-06-30,4,60+,0.0016805061289047055
AART 2017-1,2017-07-31,5,60+,0.0019373641739247628
AART 2017-1,2017-08-31,6,60+,0.0024322925651198896
AART 2017-1,2017-09-30,7,60+,0.0024514991181657847
AART 2017-1,2017-10-31,8,60+,0.002914396394113281
AART 2017-1,2017-11-30,9,60+,0.0028768699654775605
AART 2017-1,2017-12-31,10,60+,0.003916871066491738
AART 2017-1,2018-01-31,11,60+,0.0037501464900972694
AART 2017-1,2018-02-28,12,60+,0.002722886259435001
AART 2017-1,2018-03-31,13,60+,0.0024316861064171786
AART 2017-1,2018-04-30,14,60+,0.003133734225459473
AART 2017-1,2018-05-31,15,60+,0.0029813718662952647
AART 2017-1,2018-06-30,16,60+,0.0032599473049613717
AART 2017-1,2018-07-31,17,60+,0.003719179025666927
AART 2017-1,2018-08-31,18,60+,0.0036368788966559605
AART 2017-1,2018-09-30,19,60+,0.004430670895576592
AART 2017-1,2018-10-31,20,60+,0.003758088601294176
AART 2017-1,2018-11-30,21,60+,0.0046676529102688364
AART 2017-1,2018-12-31,22,60+,0.0045310494748697
AART 2017-1,2019-01-31,23,60+,0.0044407363548282916
AART 2017-1,2019-02-28,24,60+,0.0032881103036666573
AART 2017-1,2019-03-31,25,60+,0.0033890581835787316
AART 2017-1,2019-04-30,26,60+,0.003706209371415125
AART 2017-1,2019-05-31,27,60+,0.004123586307267821
AART 2017-1,2019-06-30,28,60+,0.004878048780487805
AART 2017-1,2019-07-31,29,60+,0.004694987695894314
AART 2017-1,2019-08-31,30,60+,0.005560580176196697
AART 2017-1,2019-09-30,31,60+,0.005067508937558572
AART 2017-1,2019-10-31,32,60+,0.005566329095740861
AART 2017-1,2019-11-30,33,60+,0.005776494112419463
AART 2017-1,2019-12-31,34,60+,0.0062907556578442655
AART 2017-1,2020-01-31,35,60+,0.006133747560441312
AART 2017-1,2020-02-29,36,60+,0.004757964418700869
AART 2017-1,2020-03-31,37,60+,0.004779126840609662
AART 2017-1,2020-04-30,38,60+,0.0031857136447256246
AART 2017-1,2020-05-31,39,60+,0.0023475280529602328
AART 2017-1,2020-06-30,40,60+,0.0018327719437289478
AART 2017-1,2020-07-31,41,60+,0.0023100750774400166
AART 2017-1,2020-08-31,42,60+,0.003609106052193226
AART 2017-1,2020-09-30,43,60+,0.004846998364868021
AART 2017-2,2017-03-31,0,60+,0.0001226692836113837
AART 2017-2,2017-04-30,1,60+,0.0010741472982860344
AART 2017-2,2017-05-31,2,60+,0.0010471370321597994
AART 2017-2,2017-06-30,3,60+,0.001230848961876073
AART 2017-2,2017-07-31,4,60+,0.00163633658947786
AART 2017-2,2017-08-31,5,60+,0.0019486571210709143
AART 2017-2,2017-09-30,6,60+,0.0023402152998075825
AART 2017-2,2017-10-31,7,60+,0.002527994872799131
AART 2017-2,2017-11-30,8,60+,0.0028010178862383976
AART 2017-2,2017-12-31,9,60+,0.003352733985044546
AART 2017-2,2018-01-31,10,60+,0.0032615659399328274
AART 2017-2,2018-02-28,11,60+,0.002728648820905035
AART 2017-2,2018-03-31,12,60+,0.002468221646303838
AART 2017-2,2018-04-30,13,60+,0.0024381453134606824
AART 2017-2,2018-05-31,14,60+,0.00255598033861278
AART 2017-2,2018-06-30,15,60+,0.0035760070170703733
AART 2017-2,2018-07-31,16,60+,0.003447797112180674
AART 2017-2,2018-08-31,17,60+,0.0035265804084161365
AART 2017-2,2018-09-30,18,60+,0.004453688975896244
AART 2017-2,2018-10-31,19,60+,0.004240496743904286
AART 2017-2,2018-11-30,20,60+,0.004223344992874725
AART 2017-2,2018-12-31,21,60+,0.004715221908466087
AART 2017-2,2019-01-31,22,60+,0.004936781766819341
AART 2017-2,2019-02-28,23,60+,0.004255798878272879
AART 2017-2,2019-03-31,24,60+,0.0036121063823589387
AART 2017-2,2019-04-30,25,60+,0.0033984962406015035
AART 2017-2,2019-05-31,26,60+,0.004121475054229935
AART 2017-2,2019-06-30,27,60+,0.005112964560764388
AART 2017-2,2019-07-31,28,60+,0.004635301129026918
AART 2017-2,2019-08-31,29,60+,0.0054848993863768816
AART 2017-2,2019-09-30,30,60+,0.004673393520977164
AART 2017-2,2019-10-31,31,60+,0.004775373764831209
AART 2017-2,2019-11-30,32,60+,0.004169351476329455
AART 2017-2,2019-12-31,33,60+,0.0056510477984459614
AART 2017-2,2020-01-31,34,60+,0.0055528534370946825
AART 2017-2,2020-02-29,35,60+,0.004671323962629408
AART 2017-2,2020-03-31,36,60+,0.00441067295515088
AART 2017-2,2020-04-30,37,60+,0.0028606456885982836
AART 2017-2,2020-05-31,38,60+,0.0022293900009486764
AART 2017-2,2020-06-30,39,60+,0.002242822966507177
AART 2017-2,2020-07-31,40,60+,0.0025173064820641915
AART 2017-2,2020-08-31,41,60+,0.0028648559308027104
AART 2017-2,2020-09-30,42,60+,0.004347322049617436
AART 2017-2,2020-10-31,43,60+,0.005493834696618239
AART 2017-2,2020-11-30,44,60+,0.00627923367719613
AART 2017-3,2017-06-30,0,60+,0.001058596425680304
AART 2017-3,2017-07-31,1,60+,0.001632355504841598
AART 2017-3,2017-08-31,2,60+,0.0018119459004724001
AART 2017-3,2017-09-30,3,60+,0.0023466032092277693
AART 2017-3,2017-10-31,4,60+,0.0024382397263753197
AART 2017-3,2017-11-30,5,60+,0.00274605905764986
AART 2017-3,2017-12-31,6,60+,0.0033227339311872523
AART 2017-3,2018-01-31,7,60+,0.003216497877111401
AART 2017-3,2018-02-28,8,60+,0.0030747175221172165
AART 2017-3,2018-03-31,9,60+,0.002607967925887001
AART 2017-3,2018-04-30,10,60+,0.00336990752813271
AART 2017-3,2018-05-31,11,60+,0.0030193986019770858
AART 2017-3,2018-06-30,12,60+,0.0033238872435173545
AART 2017-3,2018-07-31,13,60+,0.004038719023683576
AART 2017-3,2018-08-31,14,60+,0.003684531748005154
AART 2017-3,2018-09-30,15,60+,0.00431554524361949
AART 2017-3,2018-10-31,16,60+,0.004298507462686567
AART 2017-3,2018-11-30,17,60+,0.004534202593073699
AART 2017-3,2018-12-31,18,60+,0.004629862613859393
AART 2017-3,2019-01-31,19,60+,0.0050188854969731465
AART 2017-3,2019-02-28,20,60+,0.004359035696249634
AART 2017-3,2019-03-31,21,60+,0.003315795242792941
AART 2017-3,2019-04-30,22,60+,0.00345452486125269
AART 2017-3,2019-05-31,23,60+,0.0035685035685035687
AART 2017-3,2019-06-30,24,60+,0.004184226369656833
AART 2017-3,2019-07-31,25,60+,0.004301209325520508
AART 2017-3,2019-08-31,26,60+,0.004991144743197552
AART 2017-3,2019-09-30,27,60+,0.005491945147117561
AART 2017-3,2019-10-31,28,60+,0.005451847762327042
AART 2017-3,2019-11-30,29,60+,0.005302491103202847
AART 2017-3,2019-12-31,30,60+,0.006050097760726012
AART 2017-3,2020-01-31,31,60+,0.006182734142431876
AART 2017-3,2020-02-29,32,60+,0.004670492776568376
AART 2017-3,2020-03-31,33,60+,0.004550299253914897
AART 2017-3,2020-04-30,34,60+,0.002596960279279663
AART 2017-3,2020-05-31,35,60+,0.002311419300351158
AART 2017-3,2020-06-30,36,60+,0.0025570691338509463
AART 2017-3,2020-07-31,37,60+,0.002633375597386131
AART 2017-3,2020-08-31,38,60+,0.0038335718666939276
AART 2017-3,2020-09-30,39,60+,0.004657636918464586
AART 2017-3,2020-10-31,40,60+,0.005408146019942538
AART 2017-3,2020-11-30,41,60+,0.006568436002130303
AART 2017-3,2020-12-31,42,60+,0.006485003429569121
AART 2017-4,2017-08-31,0,60+,0.0002372971850621422
AART 2017-4,2017-09-30,1,60+,0.0013704406493780308
AART 2017-4,2017-10-31,2,60+,0.0015787618215539307
AART 2017-4,2017-11-30,3,60+,0.0018905954594459463
AART 2017-4,2017-12-31,4,60+,0.0025503291518561614
AART 2017-4,2018-01-31,5,60+,0.0023838680708629274
AART 2017-4,2018-02-28,6,60+,0.0024380468906552667
AART 2017-4,2018-04-30,7,60+,0.002296900950563624
AART 2017-4,2018-05-31,8,60+,0.0025445755102782674
AART 2017-4,2018-06-30,9,60+,0.003020922686756424
AART 2017-4,2018-07-31,10,60+,0.0032175278660895546
AART 2017-4,2018-08-31,11,60+,0.0028328611898017
AART 2017-4,2018-09-30,12,60+,0.003384162923272163
AART 2017-4,2018-10-31,13,60+,0.003430531732418525
AART 2017-4,2018-11-30,14,60+,0.0038922852368159415
AART 2017-4,2018-12-31,15,60+,0.004487221174481368
AART 2017-4,2019-01-31,16,60+,0.004604707033856832
AART 2017-4,2019-02-28,17,60+,0.0038755271856833464
AART 2017-4,2019-03-31,18,60+,0.003490278753806512
AART 2017-4,2019-04-30,19,60+,0.003348590701035895
AART 2017-4,2019-05-31,20,60+,0.0033703409992069788
AART 2017-4,2019-06-30,21,60+,0.003968153028260372
AART 2017-4,2019-07-31,22,60+,0.004250183649910799
AART 2017-4,2019-08-31,23,60+,0.004464406504504992
AART 2017-4,2019-09-30,24,60+,0.004769209315297727
AART 2017-4,2019-10-31,25,60+,0.004944375772558714
AART 2017-4,2019-11-30,26,60+,0.00494068222833644
AART 2017-4,2019-12-31,27,60+,0.005834911712592411
AART 2017-4,2020-01-31,28,60+,0.005865842505282412
AART 2017-4,2020-02-29,29,60+,0.005367424612081585
AART 2017-4,2020-03-31,30,60+,0.004237715669458178
AART 2017-4,2020-04-30,31,60+,0.002890576025632096
AART 2017-4,2020-05-31,32,60+,0.001987281399046105
AART 2017-4,2020-06-30,33,60+,0.0018419667694158333
AART 2017-4,2020-07-31,34,60+,0.0021201413427561835
AART 2017-4,2020-08-31,35,60+,0.00340205763003648
AART 2017-4,2020-09-30,36,60+,0.00471961213369374
AART 2017-4,2020-10-31,37,60+,0.005245931040667175
AART 2017-4,2020-11-30,38,60+,0.006218440246867402
AART 2017-4,2020-12-31,39,60+,0.005722390687665069
AART 2017-4,2021-01-31,40,60+,0.005659600740893188
AART 2017-4,2021-02-28,41,60+,0.005338941918783369
AART 2017-4,2021-03-31,42,60+,0.0033516324761629587
AART 2017-4,2021-04-30,43,60+,0.003909829555867799
AART 2017-5,2017-11-30,0,60+,0.00111011101110111
AART 2017-5,2017-12-31,1,60+,0.002287073460799561
AART 2017-5,2018-01-31,2,60+,0.002518186905428092
AART 2017-5,2018-02-28,3,60+,0.0022818749405761735
AART 2017-5,2018-03-31,4,60+,0.002274425707508854
AART 2017-5,2018-04-30,5,60+,0.002168184395743687
AART 2017-5,2018-05-31,6,60+,0.002090186403508772
AART 2017-5,2018-06-30,7,60+,0.0024977133610075285
AART 2017-5,2018-07-31,8,60+,0.003036437246963563
AART 2017-5,2018-08-31,9,60+,0.004020699154908603
AART 2017-5,2018-09-30,10,60+,0.004233409610983982
AART 2017-5,2018-10-31,11,60+,0.003640491662099742
AART 2017-5,2018-11-30,12,60+,0.004009140841117749
AART 2017-5,2018-12-31,13,60+,0.005250420443824603
AART 2017-5,2019-01-31,14,60+,0.0049323384342987225
AART 2017-5,2019-02-28,15,60+,0.0041904268187316395
AART 2017-5,2019-03-31,16,60+,0.0032464644667793293
AART 2017-5,2019-04-30,17,60+,0.0032063026749725174
AART 2017-5,2019-05-31,18,60+,0.003540574989378275
AART 2017-5,2019-06-30,19,60+,0.0041648505980919175
AART 2017-5,2019-07-31,20,60+,0.004153738364528075
AART 2017-5,2019-08-31,21,60+,0.004286083139684998
AART 2017-5,2019-09-30,22,60+,0.0050045253686844485
AART 2017-5,2019-10-31,23,60+,0.004610824459325941
AART 2017-5,2019-11-30,24,60+,0.004169014084507042
AART 2017-5,2019-12-31,25,60+,0.00464873031553257
AART 2017-5,2020-01-31,26,60+,0.004902253841095236
AART 2017-5,2020-02-29,27,60+,0.004868729200049304
AART 2017-5,2020-03-31,28,60+,0.004505647924863561
AART 2017-5,2020-04-30,29,60+,0.0028205969170219743
AART 2017-5,2020-05-31,30,60+,0.002648377020236317
AART 2017-5,2020-06-30,31,60+,0.0020467217164231773
AART 2017-5,2020-07-31,32,60+,0.0028771670970121725
AART 2017-5,2020-08-31,33,60+,0.003781155953391465
AART 2017-5,2020-09-30,34,60+,0.004832474226804124
AART 2017-5,2020-10-31,35,60+,0.006135484955454698
AART 2017-5,2020-11-30,36,60+,0.006107669487828287
AART 2017-5,2020-12-31,37,60+,0.0057251908396946565
AART 2017-5,2021-01-31,38,60+,0.006387035271687321
AART 2017-5,2021-02-28,39,60+,0.005245966544590716
AART 2017-5,2021-03-31,40,60+,0.004191993292810731
AART 2017-5,2021-04-30,41,60+,0.004301786896095301
AART 2017-5,2021-05-31,42,60+,0.00409213141587747
AART 2017-5,2021-06-30,43,60+,0.0029600394671928957
AART 2018-1,2018-02-28,0,60+,0.0009582623509369676
AART 2018-1,2018-03-31,1,60+,0.0010543126036869931
AART 2018-1,2018-04-30,2,60+,0.0015367553865652725
AART 2018-1,2018-05-31,3,60+,0.0014911584031638491
AART 2018-1,2018-06-30,4,60+,0.0017925906254149515
AART 2018-1,2018-07-31,5,60+,0.002181768596168269
AART 2018-1,2018-08-31,6,60+,0.0029226972820665395
AART 2018-1,2018-09-30,7,60+,0.0032107047407221394
AART 2018-1,2018-10-31,8,60+,0.0031768899724792673
AART 2018-1,2018-11-30,9,60+,0.004040442362046399
AART 2018-1,2018-12-31,10,60+,0.003972581398971803
AART 2018-1,2019-01-31,11,60+,0.003982309739648996
AART 2018-1,2019-02-28,12,60+,0.00309794427803537
AART 2018-1,2019-03-31,13,60+,0.0028705306260289588
AART 2018-1,2019-04-30,14,60+,0.003192529047670757
AART 2018-1,2019-05-31,15,60+,0.0032830087546900123
AART 2018-1,2019-06-30,16,60+,0.004149092242802127
AART 2018-1,2019-07-31,17,60+,0.003943422512928286
AART 2018-1,2019-08-31,18,60+,0.005010946241790318
AART 2018-1,2019-09-30,19,60+,0.005581558331038971
AART 2018-1,2019-10-31,20,60+,0.004125625290083028
AART 2018-1,2019-11-30,21,60+,0.0046063429872399
AART 2018-1,2019-12-31,22,60+,0.00591248433327884
AART 2018-1,2020-01-31,23,60+,0.005356892441452812
AART 2018-1,2020-02-29,24,60+,0.005540805725499249
AART 2018-1,2020-03-31,25,60+,0.004548697823760257
AART 2018-1,2020-04-30,26,60+,0.002762685330140897
AART 2018-1,2020-05-31,27,60+,0.0019029495718363464
AART 2018-1,2020-06-30,28,60+,0.001939832319579155
AART 2018-1,2020-07-31,29,60+,0.0024972632731253422
AART 2018-1,2020-08-31,30,60+,0.0037709000355745288
AART 2018-1,2020-09-30,31,60+,0.004304746353954058
AART 2018-1,2020-10-31,32,60+,0.005286921622351715
AART 2018-1,2020-11-30,33,60+,0.0054095207565314956
AART 2018-1,2020-12-31,34,60+,0.006035882279482163
AART 2018-1,2021-01-31,35,60+,0.0058581037101323495
AART 2018-1,2021-02-28,36,60+,0.005311009091727428
AART 2018-1,2021-03-31,37,60+,0.003625608243488217
AART 2018-1,2021-04-30,38,60+,0.0032016008004002003
AART 2018-1,2021-05-31,39,60+,0.0033046579941250526
AART 2018-1,2021-06-30,40,60+,0.003683747525841214
AART 2018-1,2021-07-31,41,60+,0.004258992805755396
AART 2018-1,2021-08-31,42,60+,0.004362578768783325
AART 2018-1,2021-09-30,43,60+,0.004731457800511509
AART 2018-2,2018-05-31,0,60+,0.0008956757947287277
AART 2018-2,2018-06-30,1,60+,0.0017648818426562968
AART 2018-2,2018-07-31,2,60+,0.0017410427929991754
AART 2018-2,2018-08-31,3,60+,0.0022990662975648666
AART 2018-2,2018-09-30,4,60+,0.002595197283052721
AART 2018-2,2018-10-31,5,60+,0.002503046471033824
AART 2018-2,2018-11-30,6,60+,0.003339492464952281
AART 2018-2,2018-12-31,7,60+,0.004111641520610474
AART 2018-2,2019-01-31,8,60+,0.004348998113038008
AART 2018-2,2019-02-28,9,60+,0.003644638496262858
AART 2018-2,2019-03-31,10,60+,0.0029219105093291065
AART 2018-2,2019-04-30,11,60+,0.00346388506199567
AART 2018-2,2019-05-31,12,60+,0.003404738260746205
AART 2018-2,2019-06-30,13,60+,0.004124656278643446
AART 2018-2,2019-07-31,14,60+,0.004455349648091948
AART 2018-2,2019-08-31,15,60+,0.005083805083805084
AART 2018-2,2019-09-30,16,60+,0.004666056724611162
AART 2018-2,2019-10-31,17,60+,0.004366606084924588
AART 2018-2,2019-11-30,18,60+,0.005267373837900818
AART 2018-2,2019-12-31,19,60+,0.00579077987515981
AART 2018-2,2020-01-31,20,60+,0.005961905745109172
AART 2018-2,2020-02-29,21,60+,0.004793991530614963
AART 2018-2,2020-03-31,22,60+,0.004187077529350593
AART 2018-2,2020-04-30,23,60+,0.003333145020055364
AART 2018-2,2020-05-31,24,60+,0.0024732309124767225
AART 2018-2,2020-06-30,25,60+,0.0021704398155126155
AART 2018-2,2020-07-31,26,60+,0.0023453624366752144
AART 2018-2,2020-08-31,27,60+,0.0038237200259235255
AART 2018-2,2020-09-30,28,60+,0.004842615012106538
AART 2018-2,2020-10-31,29,60+,0.005091010530720413
AART 2018-2,2020-11-30,30,60+,0.005669712180852985
AART 2018-2,2020-12-31,31,60+,0.0057445370578959225
AART 2018-2,2021-01-31,32,60+,0.00484677923702314
AART 2018-2,2021-02-28,33,60+,0.004429273842903003
AART 2018-2,2021-03-31,34,60+,0.0029899196992995043
AART 2018-2,2021-04-30,35,60+,0.0029482712409541678
AART 2018-2,2021-05-31,36,60+,0.002886002886002886
AART 2018-2,2021-06-30,37,60+,0.0030541012216404886
AART 2018-2,2021-07-31,38,60+,0.004206365294952361
AART 2018-2,2021-08-31,39,60+,0.004397816987230435
AART 2018-2,2021-09-30,40,60+,0.004926926483613817
AART 2018-2,2021-10-31,41,60+,0.005539526832083093
AART 2018-2,2021-11-30,42,60+,0.0065729964421395405
AART 2018-2,2021-12-31,43,60+,0.006162251445270313
AART 2018-3,2018-06-30,0,60+,8.721564067156044e-05
AART 2018-3,2018-07-31,1,60+,0.0011823126034523528
AART 2018-3,2018-08-31,2,60+,0.0019132268755649292
AART 2018-3,2018-09-30,3,60+,0.0021330796145110796
AART 2018-3,2018-10-31,4,60+,0.002155341944212828
AART 2018-3,2018-11-30,5,60+,0.00281826233996296
AART 2018-3,2018-12-31,6,60+,0.003290888043658012
AART 2018-3,2019-01-31,7,60+,0.0034209854480469746
AART 2018-3,2019-02-28,8,60+,0.002834695270258447
AART 2018-3,2019-03-31,9,60+,0.0022349590858296384
AART 2018-3,2019-04-30,10,60+,0.0028252262969089793
AART 2018-3,2019-05-31,11,60+,0.002735794911038837
AART 2018-3,2019-06-30,12,60+,0.0034986339603357117
AART 2018-3,2019-07-31,13,60+,0.00395722142175863
AART 2018-3,2019-08-31,14,60+,0.004498943271464145
AART 2018-3,2019-09-30,15,60+,0.004399491039271927
AART 2018-3,2019-10-31,16,60+,0.004560825843196583
AART 2018-3,2019-11-30,17,60+,0.004756786424863357
AART 2018-3,2019-12-31,18,60+,0.005117562436620051
AART 2018-3,2020-01-31,19,60+,0.006077401789187087
AART 2018-3,2020-02-29,20,60+,0.004738979990973372
AART 2018-3,2020-03-31,21,60+,0.0036843325689846188
AART 2018-3,2020-04-30,22,60+,0.0024431048676208937
AART 2018-3,2020-05-31,23,60+,0.002240682041753197
AART 2018-3,2020-06-30,24,60+,0.002207193185998472
AART 2018-3,2020-07-31,25,60+,0.0025789813023855577
AART 2018-3,2020-08-31,26,60+,0.0035777090534230794
AART 2018-3,2020-09-30,27,60+,0.0047169811320754715
AART 2018-3,2020-10-31,28,60+,0.005153462278613132
AART 2018-3,2020-11-30,29,60+,0.005914160189253126
AART 2018-3,2020-12-31,30,60+,0.006199866895512978
AART 2018-3,2021-01-31,31,60+,0.004845702626880897
AART 2018-3,2021-02-28,32,60+,0.004612825166364186
AART 2018-3,2021-03-31,33,60+,0.0030282503884926483
AART 2018-3,2021-04-30,34,60+,0.003090931874190719
AART 2018-3,2021-05-31,35,60+,0.0035251109757159023
AART 2018-3,2021-06-30,36,60+,0.004680116321337695
AART 2018-3,2021-07-31,37,60+,0.00417219798975915
AART 2018-3,2021-08-31,38,60+,0.004257214989356962
AART 2018-3,2021-09-30,39,60+,0.004176549448282974
AART 2018-3,2021-10-31,40,60+,0.004262666594722926
AART 2018-3,2021-11-30,41,60+,0.005239731815876951
AART 2018-3,2021-12-31,42,60+,0.005596465390279823
AART 2018-3,2022-01-31,43,60+,0.00605723468693986
AART 2018-3,2022-02-28,44,60+,0.005652654148528361
AART 2019-1,2019-03-31,0,60+,0.0013940139401394014
AART 2019-1,2019-04-30,1,60+,0.001202726179339837
AART 2019-1,2019-05-31,2,60+,0.0014658258053519687
AART 2019-1,2019-06-30,3,60+,0.0020820681877331483
AART 2019-1,2019-07-31,4,60+,0.002432096573761761
AART 2019-1,2019-08-31,5,60+,0.002834147848046073
AART 2019-1,2019-09-30,6,60+,0.002581771578223964
AART 2019-1,2019-10-31,7,60+,0.00285284999714715
AART 2019-1,2019-11-30,8,60+,0.0034739068837696743
AART 2019-1,2019-12-31,9,60+,0.003934582596427081
AART 2019-1,2020-01-31,10,60+,0.004163958401039974
AART 2019-1,2020-02-29,11,60+,0.004012140362547813
AART 2019-1,2020-03-31,12,60+,0.003422400782263036
AART 2019-1,2020-04-30,13,60+,0.0020872287689698656
AART 2019-1,2020-05-31,14,60+,0.0015571819455876138
AART 2019-1,2020-06-30,15,60+,0.0018501176309357941
AART 2019-1,2020-07-31,16,60+,0.002019205935526285
AART 2019-1,2020-08-31,17,60+,0.0034519383961763143
AART 2019-1,2020-09-30,18,60+,0.004040654437283094
AART 2019-1,2020-10-31,19,60+,0.004941038636884599
AART 2019-1,2020-11-30,20,60+,0.005115490016964635
AART 2019-1,2020-12-31,21,60+,0.005475628086751128
AART 2019-1,2021-01-31,22,60+,0.005062520748035853
AART 2019-1,2021-02-28,23,60+,0.0042281498297389334
AART 2019-1,2021-03-31,24,60+,0.0025725944763143886
AART 2019-1,2021-04-30,25,60+,0.0027590435315757206
AART 2019-1,2021-05-31,26,60+,0.0030516879649055886
AART 2019-1,2021-06-30,27,60+,0.003626054852320675
AART 2019-1,2021-07-31,28,60+,0.004127016610389167
AART 2019-1,2021-08-31,29,60+,0.0039199067697849345
AART 2019-1,2021-09-30,30,60+,0.003652834599649328
AART 2019-1,2021-10-31,31,60+,0.004079782411604714
AART 2019-1,2021-11-30,32,60+,0.005464694172294
AART 2019-1,2021-12-31,33,60+,0.005039509756490888
AART 2019-1,2022-01-31,34,60+,0.004577230359520639
AART 2019-1,2022-02-28,35,60+,0.004773988215560621
AART 2019-1,2022-03-31,36,60+,0.003495093426535825
AART 2019-1,2022-04-30,37,60+,0.003949630593373914
AART 2019-1,2022-05-31,38,60+,0.0045275021674212506
AART 2019-1,2022-06-30,39,60+,0.005262102836524005
AART 2019-1,2022-07-31,40,60+,0.0053506493506493506
AART 2019-1,2022-08-31,41,60+,0.004710851202079272
AART 2019-1,2022-09-30,42,60+,0.005358452253370185
AART 2019-1,2022-10-31,43,60+,0.00652787579393084
AART 2019-2,2019-05-31,0,60+,0.00019154947563331047
AART 2019-2,2019-06-30,1,60+,0.0012481156695249055
AART 2019-2,2019-07-31,2,60+,0.0023428863700110545
AART 2019-2,2019-08-31,3,60+,0.0024938496276075894
AART 2019-2,2019-09-30,4,60+,0.0023911510209698784
AART 2019-2,2019-10-31,5,60+,0.0025323579065841305
AART 2019-2,2019-11-30,6,60+,0.002836472003303233
AART 2019-2,2019-12-31,7,60+,0.0031227612557174086
AART 2019-2,2020-01-31,8,60+,0.004154760114302903
AART 2019-2,2020-02-29,9,60+,0.0035289353414196733
AART 2019-2,2020-03-31,10,60+,0.0033174700341620424
AART 2019-2,2020-04-30,11,60+,0.002187253174554955
AART 2019-2,2020-05-31,12,60+,0.0011620427050694113
AART 2019-2,2020-06-30,13,60+,0.00136483835195769
AART 2019-2,2020-07-31,14,60+,0.0019091507570770244
AART 2019-2,2020-08-31,15,60+,0.00270947639368692
AART 2019-2,2020-09-30,16,60+,0.003856429318155419
AART 2019-2,2020-10-31,17,60+,0.0046350495759168555
AART 2019-2,2020-11-30,18,60+,0.005412686749938771
AART 2019-2,2020-12-31,19,60+,0.0048791529388093864
AART 2019-2,2021-01-31,20,60+,0.004271623475807078
AART 2019-2,2021-02-28,21,60+,0.0042301859685529575
AART 2019-2,2021-03-31,22,60+,0.0025149932288643837
AART 2019-2,2021-04-30,23,60+,0.002396029436933082
AART 2019-2,2021-05-31,24,60+,0.0028238616307800918
AART 2019-2,2021-06-30,25,60+,0.003586299121660639
AART 2019-2,2021-07-31,26,60+,0.0033540216914300044
AART 2019-2,2021-08-31,27,60+,0.0035641382885655964
AART 2019-2,2021-09-30,28,60+,0.004108216432865732
AART 2019-2,2021-10-31,29,60+,0.004443372829980711
AART 2019-2,2021-11-30,30,60+,0.004364178257167187
AART 2019-2,2021-12-31,31,60+,0.004185636657365252
AART 2019-2,2022-01-31,32,60+,0.004922191511112794
AART 2019-2,2022-02-28,33,60+,0.004342723004694835
AART 2019-2,2022-03-31,34,60+,0.0036208299430431244
AART 2019-2,2022-04-30,35,60+,0.0045362903225806455
AART 2019-2,2022-05-31,36,60+,0.004378929113375244
AART 2019-2,2022-06-30,37,60+,0.005018370821758222
AART 2019-2,2022-07-31,38,60+,0.005642401257977985
AART 2019-2,2022-08-31,39,60+,0.006814473557923025
AART 2019-2,2022-09-30,40,60+,0.006067840445638118
AART 2019-2,2022-10-31,41,60+,0.005758946935417524
AART 2019-2,2022-11-30,42,60+,0.007142095725402409
AART 2019-2,2022-12-31,43,60+,0.007426291287962758
AART 2019-2,2023-01-31,44,60+,0.0062717770034843206
AART 2019-2,2023-02-28,45,60+,0.005576771534218343
AART 2019-2,2023-03-31,46,60+,0.0065055169334779
AART 2019-3,2019-08-31,0,60+,0.0001258356272119544
AART 2019-3,2019-09-30,1,60+,0.0015834426281948755
AART 2019-3,2019-10-31,2,60+,0.0019549386637994232
AART 2019-3,2019-11-30,3,60+,0.0021916716477385933
AART 2019-3,2019-12-31,4,60+,0.002206493881222737
AART 2019-3,2020-01-31,5,60+,0.002932398667406996
AART 2019-3,2020-02-29,6,60+,0.00271700525642847
AART 2019-3,2020-03-31,7,60+,0.002437072602939037
AART 2019-3,2020-04-30,8,60+,0.001883590384364335
AART 2019-3,2020-05-31,9,60+,0.0014143730886850153
AART 2019-3,2020-06-30,10,60+,0.001613696743087671
AART 2019-3,2020-07-31,11,60+,0.0018887467251568878
AART 2019-3,2020-08-31,12,60+,0.0030715867775502528
AART 2019-3,2020-09-30,13,60+,0.003571351735117575
AART 2019-3,2020-10-31,14,60+,0.00398247710075667
AART 2019-3,2020-11-30,15,60+,0.00442578302315025
AART 2019-3,2020-12-31,16,60+,0.004784242339377815
AART 2019-3,2021-01-31,17,60+,0.003575284943011398
AART 2019-3,2021-02-28,18,60+,0.003961711656290755
AART 2019-3,2021-03-31,19,60+,0.002481072232453448
AART 2019-3,2021-04-30,20,60+,0.0022720667881958203
AART 2019-3,2021-05-31,21,60+,0.002508862830651759
AART 2019-3,2021-06-30,22,60+,0.002734474107067347
AART 2019-3,2021-07-31,23,60+,0.0034866490397187436
AART 2019-3,2021-08-31,24,60+,0.0031521119149830385
AART 2019-3,2021-09-30,25,60+,0.0035258095444282932
AART 2019-3,2021-10-31,26,60+,0.004169584314724043
AART 2019-3,2021-11-30,27,60+,0.0038416075650118202
AART 2019-3,2021-12-31,28,60+,0.004305668565229183
AART 2019-3,2022-01-31,29,60+,0.004363763309478094
AART 2019-3,2022-02-28,30,60+,0.003422190201729107
AART 2019-3,2022-03-31,31,60+,0.003440023930601256
AART 2019-3,2022-04-30,32,60+,0.003708998184136306
AART 2019-3,2022-05-31,33,60+,0.0037627091505884236
AART 2019-3,2022-06-30,34,60+,0.004302854778651221
AART 2019-3,2022-07-31,35,60+,0.004772252758958626
AART 2019-3,2022-08-31,36,60+,0.005336979534227241
AART 2019-3,2022-09-30,37,60+,0.005100646689133801
AART 2019-3,2022-10-31,38,60+,0.005359913489115614
AART 2019-3,2022-11-30,39,60+,0.005921467747415425
AART 2019-3,2022-12-31,40,60+,0.00583061070620759
AART 2019-3,2023-01-31,41,60+,0.005886643050635549
AART 2019-3,2023-02-28,42,60+,0.005256312994472743
AART 2019-3,2023-03-31,43,60+,0.005154931173171699
AART 2019-3,2023-04-30,44,60+,0.006152753949003135
AART 2019-3,2023-05-31,45,60+,0.00638878551048257
AART 2019-3,2023-06-30,46,60+,0.006291755853927483
AART 2019-4,2019-12-31,0,60+,0.0013701500717313861
AART 2019-4,2020-01-31,1,60+,0.002629286970239758
AART 2019-4,2020-02-29,2,60+,0.0023187821352958966
AART 2019-4,2020-03-31,3,60+,0.0021829557564715186
AART 2019-4,2020-04-30,4,60+,0.0013634110064452156
AART 2019-4,2020-05-31,5,60+,0.0011495721037169497
AART 2019-4,2020-06-30,6,60+,0.000906378639676725
AART 2019-4,2020-07-31,7,60+,0.0012957691175026994
AART 2019-4,2020-08-31,8,60+,0.002425848537356029
AART 2019-4,2020-09-30,9,60+,0.0026445511667759747
AART 2019-4,2020-10-31,10,60+,0.0034887547997805813
AART 2019-4,2020-11-30,11,60+,0.00355662279410099
AART 2019-4,2020-12-31,12,60+,0.0036852729918783154
AART 2019-4,2021-01-31,13,60+,0.0035773386547259807
AART 2019-4,2021-02-28,14,60+,0.003337766958616709
AART 2019-4,2021-03-31,15,60+,0.002102883579107852
AART 2019-4,2021-04-30,16,60+,0.0019958442694663165
AART 2019-4,2021-05-31,17,60+,0.001870960426352194
AART 2019-4,2021-06-30,18,60+,0.002620035915099061
AART 2019-4,2021-07-31,19,60+,0.0033587786259541984
AART 2019-4,2021-08-31,20,60+,0.003769878983716657
AART 2019-4,2021-09-30,21,60+,0.0033120183636661748
AART 2019-4,2021-10-31,22,60+,0.0033607169529499626
AART 2019-4,2021-11-30,23,60+,0.003197470133520731
AART 2019-4,2021-12-31,24,60+,0.0038646638471634825
AART 2019-4,2022-01-31,25,60+,0.004476713565570687
AART 2019-4,2022-02-28,26,60+,0.004047007549225621
AART 2019-4,2022-03-31,27,60+,0.003199287247398048
AART 2019-4,2022-04-30,28,60+,0.0030634940618574007
AART 2019-4,2022-05-31,29,60+,0.0032539372640895486
AART 2019-4,2022-06-30,30,60+,0.004172836182527931
AART 2019-4,2022-07-31,31,60+,0.004601226993865031
AART 2019-4,2022-08-31,32,60+,0.005267736323216702
AART 2019-4,2022-09-30,33,60+,0.004915483773887746
AART 2019-4,2022-10-31,34,60+,0.005030076747562747
AART 2019-4,2022-11-30,35,60+,0.005480040831676785
AART 2019-4,2022-12-31,36,60+,0.00524582845024834
AART 2019-4,2023-01-31,37,60+,0.0048171793383633196
AART 2019-4,2023-02-28,38,60+,0.004651162790697674
AART 2019-4,2023-03-31,39,60+,0.004755865567533291
AART 2019-4,2023-04-30,40,60+,0.006421714664018537
AART 2019-4,2023-05-31,41,60+,0.005968491914775487
AART 2019-4,2023-06-30,42,60+,0.005165514732630047
AART 2022-1,2022-05-31,0,60+,0.0006100733882399383
AART 2022-1,2022-06-30,1,60+,0.0013368494304655165
AART 2022-1,2022-07-31,2,60+,0.0016642980028423965
AART 2022-1,2022-08-31,3,60+,0.002089643802001457
AART 2022-1,2022-09-30,4,60+,0.002413799870479031
AART 2022-1,2022-10-31,5,60+,0.0029360897719502878
AART 2022-1,2022-11-30,6,60+,0.003112439451715964
AART 2022-1,2022-12-31,7,60+,0.00372108757241321
AART 2022-1,2023-01-31,8,60+,0.0035575609015379944
AART 2022-1,2023-02-28,9,60+,0.003499075085248167
AART 2022-1,2023-03-31,10,60+,0.00309547830872237
AART 2022-1,2023-04-30,11,60+,0.0034329516330033625
AART 2022-1,2023-05-31,12,60+,0.0033849129593810446
AART 2022-1,2023-06-30,13,60+,0.00315873252748346
AART 2022-1,2023-07-31,14,60+,0.003951964508809056
AART 2022-1,2023-08-31,15,60+,0.004698656026879462
AART 2022-1,2023-09-30,16,60+,0.0048407917383821
AART 2022-1,2023-10-31,17,60+,0.004884645104316149
AART 2022-1,2023-11-30,18,60+,0.005092802172928927
AART 2022-1,2023-12-31,19,60+,0.0055660240614581824
AART 2022-1,2024-01-31,20,60+,0.005664371105744865
AART 2022-1,2024-02-29,21,60+,0.005238168172767652
AART 2022-1,2024-03-31,22,60+,0.005002674385677878
AART 2022-1,2024-04-30,23,60+,0.005138978668390433
AART 2022-1,2024-05-31,24,60+,0.005151555437383675
AART 2022-1,2024-06-30,25,60+,0.006114432109308283
AART 2022-1,2024-07-31,26,60+,0.006406871545745767
AART 2022-1,2024-08-31,27,60+,0.00630274930271308
AART 2022-1,2024-09-30,28,60+,0.006624488276888723
AART 2022-1,2024-10-31,29,60+,0.0067920184190330005
AART 2022-1,2024-11-30,30,60+,0.007167465251653269
AART 2022-1,2024-12-31,31,60+,0.008128420880647006
AART 2022-1,2025-01-31,32,60+,0.007717611336032389
AART 2022-1,2025-02-28,33,60+,0.006357500544306553
AART 2022-1,2025-03-31,34,60+,0.0054249547920434
AART 2022-1,2025-04-30,35,60+,0.006557069926467145
AART 2022-1,2025-05-31,36,60+,0.006252423419930205
AART 2022-1,2025-06-30,37,60+,0.007149330379619374
AART 2022-1,2025-07-31,38,60+,0.007303105133189723
AART 2022-1,2025-08-31,39,60+,0.007932600251654905
AART 2022-1,2025-09-30,40,60+,0.007810718358038768
AART 2022-1,2025-10-31,41,60+,0.008284658481344617
AART 2022-1,2025-11-30,42,60+,0.00858636137381782
AART 2022-1,2025-12-31,43,60+,0.00974493132766514
AART 2022-2,2022-10-31,0,60+,0.0014124293785310734
AART 2022-2,2022-11-30,1,60+,0.0024072104349773275
AART 2022-2,2022-12-31,2,60+,0.0023579075472056894
AART 2022-2,2023-01-31,3,60+,0.003008715569617796
AART 2022-2,2023-02-28,4,60+,0.0029495021477918323
AART 2022-2,2023-03-31,5,60+,0.00255775242580488
AART 2022-2,2023-04-30,6,60+,0.003095139177399252
AART 2022-2,2023-05-31,7,60+,0.0034589516387317177
AART 2022-2,2023-06-30,8,60+,0.0036366822941769268
AART 2022-2,2023-07-31,9,60+,0.004369649979832385
AART 2022-2,2023-08-31,10,60+,0.004552980132450331
AART 2022-2,2023-09-30,11,60+,0.005015068751177246
AART 2022-2,2023-10-31,12,60+,0.005268882175226586
AART 2022-2,2023-11-30,13,60+,0.005344285820323131
AART 2022-2,2023-12-31,14,60+,0.00570110981604419
AART 2022-2,2024-01-31,15,60+,0.0058488653201278955
AART 2022-2,2024-02-29,16,60+,0.005222349524393168
AART 2022-2,2024-03-31,17,60+,0.004896195191334555
AART 2022-2,2024-04-30,18,60+,0.00471976401179941
AART 2022-2,2024-05-31,19,60+,0.004959344905138112
AART 2022-2,2024-06-30,20,60+,0.00591261160054396
AART 2022-2,2024-07-31,21,60+,0.0069507679232683785
AART 2022-2,2024-08-31,22,60+,0.007018528916339135
AART 2022-2,2024-09-30,23,60+,0.007135315009759063
AART 2022-2,2024-10-31,24,60+,0.00680249753532698
AART 2022-2,2024-11-30,25,60+,0.007300497914143453
AART 2022-2,2024-12-31,26,60+,0.008537259781556754
AART 2022-2,2025-01-31,27,60+,0.008160792559067745
AART 2022-2,2025-02-28,28,60+,0.00770698766881973
AART 2022-2,2025-03-31,29,60+,0.007552755427356915
AART 2022-2,2025-04-30,30,60+,0.007207489521720396
AART 2022-2,2025-05-31,31,60+,0.007406508013598835
AART 2022-2,2025-06-30,32,60+,0.00740214118434259
AART 2022-2,2025-07-31,33,60+,0.008425624321389793
AART 2022-2,2025-08-31,34,60+,0.008605541788691147
AART 2022-2,2025-09-30,35,60+,0.008517409210033695
AART 2022-2,2025-10-31,36,60+,0.008585564610011642
AART 2022-2,2025-11-30,37,60+,0.009383781613809716
AART 2022-2,2025-12-31,38,60+,0.008918326901011787
AART 2022-3,2022-11-30,0,60+,0.00011957635804578067
AART 2022-3,2022-12-31,1,60+,0.0010937310116143817
AART 2022-3,2023-01-31,2,60+,0.0018729238815463991
AART 2022-3,2023-02-28,3,60+,0.001889168765743073
AART 2022-3,2023-03-31,4,60+,0.0016028002947678702
AART 2022-3,2023-04-30,5,60+,0.002412363362231436
AART 2022-3,2023-05-31,6,60+,0.0025395471464019852
AART 2022-3,2023-06-30,7,60+,0.0026084705601242507
AART 2022-3,2023-07-31,8,60+,0.003128322564815572
AART 2022-3,2023-08-31,9,60+,0.0034348329996839112
AART 2022-3,2023-09-30,10,60+,0.0038346548810607047
AART 2022-3,2023-10-31,11,60+,0.004088015190438959
AART 2022-3,2023-11-30,12,60+,0.004644318756610107
AART 2022-3,2023-12-31,13,60+,0.004809286898839138
AART 2022-3,2024-01-31,14,60+,0.005152247698581301
AART 2022-3,2024-02-29,15,60+,0.004278128696177367
AART 2022-3,2024-03-31,16,60+,0.003947539280612908
AART 2022-3,2024-04-30,17,60+,0.004370441870441871
AART 2022-3,2024-05-31,18,60+,0.00519796505197965
AART 2022-3,2024-06-30,19,60+,0.005861931591827443
AART 2022-3,2024-07-31,20,60+,0.006099527873082901
AART 2022-3,2024-08-31,21,60+,0.007113882666343767
AART 2022-3,2024-09-30,22,60+,0.007080032437153016
AART 2022-3,2024-10-31,23,60+,0.00686853052142788
AART 2022-3,2024-11-30,24,60+,0.00655225171289829
AART 2022-3,2024-12-31,25,60+,0.00729525120440468
AART 2022-3,2025-01-31,26,60+,0.0076572405441983045
AART 2022-3,2025-02-28,27,60+,0.007434123362284705
AART 2022-3,2025-03-31,28,60+,0.007372039724980901
AART 2022-3,2025-04-30,29,60+,0.0064283163366533076
AART 2022-3,2025-05-31,30,60+,0.006540787362705171
AART 2022-3,2025-06-30,31,60+,0.007727117486338798
AART 2022-3,2025-07-31,32,60+,0.008819206271435572
AART 2022-3,2025-08-31,33,60+,0.008784568905414828
AART 2022-3,2025-09-30,34,60+,0.008569768567831896
AART 2022-3,2025-10-31,35,60+,0.009049087508214954
AART 2022-3,2025-11-30,36,60+,0.00903266463606764
AART 2022-3,2025-12-31,37,60+,0.009603775655800681
AART 2023-1,2023-08-31,0,60+,0.0021522733387140166
AART 2023-1,2023-09-30,1,60+,0.002530837456394355
AART 2023-1,2023-10-31,2,60+,0.0033519553072625698
AART 2023-1,2023-11-30,3,60+,0.0038676917236142748
AART 2023-1,2023-12-31,4,60+,0.004308571151937647
AART 2023-1,2024-01-31,5,60+,0.004598951636831174
AART 2023-1,2024-02-29,6,60+,0.004542586750788643
AART 2023-1,2024-03-31,7,60+,0.004081949001472602
AART 2023-1,2024-04-30,8,60+,0.0042858276673986085
AART 2023-1,2024-05-31,9,60+,0.0047215890589384565
AART 2023-1,2024-06-30,10,60+,0.0055077357393927655
AART 2023-1,2024-07-31,11,60+,0.00600294484086533
AART 2023-1,2024-08-31,12,60+,0.006838795676490191
AART 2023-1,2024-09-30,13,60+,0.007069750931787256
AART 2023-1,2024-10-31,14,60+,0.0068070430205118895
AART 2023-1,2024-11-30,15,60+,0.0077255871446229914
AART 2023-1,2024-12-31,16,60+,0.008314890926335756
AART 2023-1,2025-01-31,17,60+,0.007573795960642155
AART 2023-1,2025-02-28,18,60+,0.008005027951440574
AART 2023-1,2025-03-31,19,60+,0.008115449915110356
AART 2023-1,2025-04-30,20,60+,0.007097874117114923
AART 2023-1,2025-05-31,21,60+,0.007098776442050441
AART 2023-1,2025-06-30,22,60+,0.007674316620377138
AART 2023-1,2025-07-31,23,60+,0.008785432701332833
AART 2023-1,2025-08-31,24,60+,0.00898954434970485
AART 2023-1,2025-09-30,25,60+,0.008235014648824136
AART 2023-1,2025-10-31,26,60+,0.009070202554299195
AART 2023-1,2025-11-30,27,60+,0.010701199200532977
AART 2023-1,2025-12-31,28,60+,0.011251818259604689
AART 2024-1,2024-03-31,0,60+,0.0012551282291452014
AART 2024-1,2024-04-30,1,60+,0.0018752391886720245
AART 2024-1,2024-05-31,2,60+,0.0020984918315715153
AART 2024-1,2024-06-30,3,60+,0.0032330615687377003
AART 2024-1,2024-07-31,4,60+,0.0039626029348027985
AART 2024-1,2024-08-31,5,60+,0.00419050860436919
AART 2024-1,2024-09-30,6,60+,0.004187861778635327
AART 2024-1,2024-10-31,7,60+,0.00487053439956505
AART 2024-1,2024-11-30,8,60+,0.005682083898423982
AART 2024-1,2024-12-31,9,60+,0.0063789687333881025
AART 2024-1,2025-01-31,10,60+,0.006069422150882825
AART 2024-1,2025-02-28,11,60+,0.005725685268666771
AART 2024-1,2025-03-31,12,60+,0.0055073476076619296
AART 2024-1,2025-04-30,13,60+,0.006132062324051621
AART 2024-1,2025-05-31,14,60+,0.006244037811117856
AART 2024-1,2025-06-30,15,60+,0.006619541125022464
AART 2024-1,2025-07-31,16,60+,0.007428446580729736
AART 2024-1,2025-08-31,17,60+,0.00797536067433944
AART 2024-1,2025-09-30,18,60+,0.007807767382378677
AART 2024-1,2025-10-31,19,60+,0.007342143906020558
AART 2024-1,2025-11-30,20,60+,0.008412159722723663
AART 2024-1,2025-12-31,21,60+,0.008764373197498034
AART 2024-2,2024-09-30,0,60+,0.0016146899232083512
AART 2024-2,2024-10-31,1,60+,0.002151694459386767
AART 2024-2,2024-11-30,2,60+,0.0027142913339365093
AART 2024-2,2024-12-31,3,60+,0.0034522439585730723
AART 2024-2,2025-01-31,4,60+,0.004245930982808142
AART 2024-2,2025-02-28,5,60+,0.004487867726003865
AART 2024-2,2025-03-31,6,60+,0.004056433458889607
AART 2024-2,2025-04-30,7,60+,0.00439083009798484
AART 2024-2,2025-05-31,8,60+,0.004301437016388715
AART 2024-2,2025-06-30,9,60+,0.004720043953848459
AART 2024-2,2025-07-31,10,60+,0.00525589987770926
AART 2024-2,2025-08-31,11,60+,0.005760493292946776
AART 2024-2,2025-09-30,12,60+,0.005811015664477008
AART 2024-2,2025-10-31,13,60+,0.006445779618503179
AART 2024-2,2025-11-30,14,60+,0.0074223818000784475
AART 2024-2,2025-12-31,15,60+,0.00793227778648691
AART 2025-1,2025-09-30,0,60+,0.0001899335232668566
AART 2025-1,2025-10-31,1,60+,0.0018646931996969874
AART 2025-1,2025-11-30,2,60+,0.0032701759949262726
AART 2025-1,2025-12-31,3,60+,0.0035511363636363635
AART 2017-1,2017-02-28,0,30-59,0.004943266510510145
AART 2017-1,2017-03-31,1,30-59,0.005301257110969882
AART 2017-1,2017-04-30,2,30-59,0.005362183985995237
AART 2017-1,2017-05-31,3,30-59,0.00694422066832082
AART 2017-1,2017-06-30,4,30-59,0.006540793462501648
AART 2017-1,2017-07-31,5,30-59,0.008086389595512054
AART 2017-1,2017-08-31,6,30-59,0.007831637053648439
AART 2017-1,2017-09-30,7,30-59,0.00947089947089947
AART 2017-1,2017-10-31,8,30-59,0.00984740148073059
AART 2017-1,2017-11-30,9,30-59,0.010152566910427261
AART 2017-1,2017-12-31,10,30-59,0.012606240374194284
AART 2017-1,2018-01-31,11,30-59,0.011738739794523223
AART 2017-1,2018-02-28,12,30-59,0.010370993252848019
AART 2017-1,2018-03-31,13,30-59,0.010406792235090468
AART 2017-1,2018-04-30,14,30-59,0.008977725078343355
AART 2017-1,2018-05-31,15,30-59,0.010489206128133704
AART 2017-1,2018-06-30,16,30-59,0.010940919037199124
AART 2017-1,2018-07-31,17,30-59,0.013017126589834244
AART 2017-1,2018-08-31,18,30-59,0.012516531267712072
AART 2017-1,2018-09-30,19,30-59,0.01387308427959228
AART 2017-1,2018-10-31,20,30-59,0.01523145843703335
AART 2017-1,2018-11-30,21,30-59,0.01295720042850584
AART 2017-1,2018-12-31,22,30-59,0.016474162541578272
AART 2017-1,2019-01-31,23,30-59,0.014963935838088062
AART 2017-1,2019-02-28,24,30-59,0.012737973529330496
AART 2017-1,2019-03-31,25,30-59,0.013499273773246376
AART 2017-1,2019-04-30,26,30-59,0.012383445598141012
AART 2017-1,2019-05-31,27,30-59,0.013674539886601377
AART 2017-1,2019-06-30,28,30-59,0.015509693558474046
AART 2017-1,2019-07-31,29,30-59,0.016966714156197382
AART 2017-1,2019-08-31,30,30-59,0.017117207650822364
AART 2017-1,2019-09-30,31,30-59,0.016903266113637152
AART 2017-1,2019-10-31,32,30-59,0.017991812109459167
AART 2017-1,2019-11-30,33,30-59,0.017958972080278458
AART 2017-1,2019-12-31,34,30-59,0.019639432297660145
AART 2017-1,2020-01-31,35,30-59,0.018281754092484167
AART 2017-1,2020-02-29,36,30-59,0.017914770376499793
AART 2017-1,2020-03-31,37,30-59,0.01399293894773099
AART 2017-1,2020-04-30,38,30-59,0.006640642527033697
AART 2017-1,2020-05-31,39,30-59,0.006103572937696605
AART 2017-1,2020-06-30,40,30-59,0.006885278383197939
AART 2017-1,2020-07-31,41,30-59,0.0101328293169528
AART 2017-1,2020-08-31,42,30-59,0.012604108828428651
AART 2017-1,2020-09-30,43,30-59,0.013665031534688158
AART 2017-2,2017-03-31,0,30-59,0.00372607948969578
AART 2017-2,2017-04-30,1,30-59,0.004530099475380233
AART 2017-2,2017-05-31,2,30-59,0.005362610861666852
AART 2017-2,2017-06-30,3,30-59,0.00597609561752988
AART 2017-2,2017-07-31,4,30-59,0.007272607064346044
AART 2017-2,2017-08-31,5,30-59,0.007082945013979497
AART 2017-2,2017-09-30,6,30-59,0.008234090869693345
AART 2017-2,2017-10-31,7,30-59,0.0090082070819462
AART 2017-2,2017-11-30,8,30-59,0.009373340900353331
AART 2017-2,2017-12-31,9,30-59,0.011998267126254921
AART 2017-2,2018-01-31,10,30-59,0.010716573802636433
AART 2017-2,2018-02-28,11,30-59,0.008803377947737412
AART 2017-2,2018-03-31,12,30-59,0.009543790365708174
AART 2017-2,2018-04-30,13,30-59,0.008862128182839697
AART 2017-2,2018-05-31,14,30-59,0.01079191698525396
AART 2017-2,2018-06-30,15,30-59,0.010773002271551627
AART 2017-2,2018-07-31,16,30-59,0.012981303221029248
AART 2017-2,2018-08-31,17,30-59,0.012748111611504277
AART 2017-2,2018-09-30,18,30-59,0.013189771197846568
AART 2017-2,2018-10-31,19,30-59,0.01302438285627745
AART 2017-2,2018-11-30,20,30-59,0.013706438657857235
AART 2017-2,2018-12-31,21,30-59,0.01590388406414833
AART 2017-2,2019-01-31,22,30-59,0.015413729738624832
AART 2017-2,2019-02-28,23,30-59,0.012626476142160593
AART 2017-2,2019-03-31,24,30-59,0.012409333216813773
AART 2017-2,2019-04-30,25,30-59,0.013052631578947368
AART 2017-2,2019-05-31,26,30-59,0.01375890920359467
AART 2017-2,2019-06-30,27,30-59,0.015946058223883935
AART 2017-2,2019-07-31,28,30-59,0.01655464688938185
AART 2017-2,2019-08-31,29,30-59,0.0161804531898118
AART 2017-2,2019-09-30,30,30-59,0.01579040538148345
AART 2017-2,2019-10-31,31,30-59,0.016273004444770967
AART 2017-2,2019-11-30,32,30-59,0.017928211348216656
AART 2017-2,2019-12-31,33,30-59,0.02009261439447453
AART 2017-2,2020-01-31,34,30-59,0.016820687418936445
AART 2017-2,2020-02-29,35,30-59,0.016454843868361248
AART 2017-2,2020-03-31,36,30-59,0.014192759509148872
AART 2017-2,2020-04-30,37,30-59,0.0070380965354402214
AART 2017-2,2020-05-31,38,30-59,0.0064035670240015176
AART 2017-2,2020-06-30,39,30-59,0.006778309409888357
AART 2017-2,2020-07-31,40,30-59,0.00907279211243969
AART 2017-2,2020-08-31,41,30-59,0.012891851688612198
AART 2017-2,2020-09-30,42,30-59,0.014085323440760491
AART 2017-2,2020-10-31,43,30-59,0.015565864973751679
AART 2017-2,2020-11-30,44,30-59,0.014608829371435894
AART 2017-3,2017-06-30,0,30-59,0.005573198829316894
AART 2017-3,2017-07-31,1,30-59,0.00637094090239148
AART 2017-3,2017-08-31,2,30-59,0.0076522358118164754
AART 2017-3,2017-09-30,3,30-59,0.008609720225406112
AART 2017-3,2017-10-31,4,30-59,0.00853383904231362
AART 2017-3,2017-11-30,5,30-59,0.009628586822392548
AART 2017-3,2017-12-31,6,30-59,0.01205830862124406
AART 2017-3,2018-01-31,7,30-59,0.011358832503170548
AART 2017-3,2018-02-28,8,30-59,0.009469375436213758
AART 2017-3,2018-03-31,9,30-59,0.010139934995426324
AART 2017-3,2018-04-30,10,30-59,0.009347481595891922
AART 2017-3,2018-05-31,11,30-59,0.010940149729081357
AART 2017-3,2018-06-30,12,30-59,0.011420535657213475
AART 2017-3,2018-07-31,13,30-59,0.01202835883140543
AART 2017-3,2018-08-31,14,30-59,0.01188996134632338
AART 2017-3,2018-09-30,15,30-59,0.013897911832946636
AART 2017-3,2018-10-31,16,30-59,0.013492537313432836
AART 2017-3,2018-11-30,17,30-59,0.012793804073429572
AART 2017-3,2018-12-31,18,30-59,0.01582708469629108
AART 2017-3,2019-01-31,19,30-59,0.013995964195167382
AART 2017-3,2019-02-28,20,30-59,0.011322861015867953
AART 2017-3,2019-03-31,21,30-59,0.013482407102926669
AART 2017-3,2019-04-30,22,30-59,0.011920942349076905
AART 2017-3,2019-05-31,23,30-59,0.013104013104013105
AART 2017-3,2019-06-30,24,30-59,0.015322095123419626
AART 2017-3,2019-07-31,25,30-59,0.016581473631716744
AART 2017-3,2019-08-31,26,30-59,0.015875060376750925
AART 2017-3,2019-09-30,27,30-59,0.014944747703368393
AART 2017-3,2019-10-31,28,30-59,0.01566543597529416
AART 2017-3,2019-11-30,29,30-59,0.015729537366548044
AART 2017-3,2019-12-31,30,30-59,0.017781384882133766
AART 2017-3,2020-01-31,31,30-59,0.016868941302190674
AART 2017-3,2020-02-29,32,30-59,0.016465466059766475
AART 2017-3,2020-03-31,33,30-59,0.01344592932688366
AART 2017-3,2020-04-30,34,30-59,0.006854272212525012
AART 2017-3,2020-05-31,35,30-59,0.0059118993643596926
AART 2017-3,2020-06-30,36,30-59,0.006090473755172254
AART 2017-3,2020-07-31,37,30-59,0.007558763288793524
AART 2017-3,2020-08-31,38,30-59,0.011756287057861378
AART 2017-3,2020-09-30,39,30-59,0.013437550190053
AART 2017-3,2020-10-31,40,30-59,0.012844346797363529
AART 2017-3,2020-11-30,41,30-59,0.013787798094561808
AART 2017-3,2020-12-31,42,30-59,0.01571366215626364
AART 2017-4,2017-08-31,0,30-59,0.005012903034437754
AART 2017-4,2017-09-30,1,30-59,0.00623475196530225
AART 2017-4,2017-10-31,2,30-59,0.007433975567511228
AART 2017-4,2017-11-30,3,30-59,0.007421759035015078
AART 2017-4,2017-12-31,4,30-59,0.010185377050225545
AART 2017-4,2018-01-31,5,30-59,0.00953547228345171
AART 2017-4,2018-02-28,6,30-59,0.00798209872420012
AART 2017-4,2018-04-30,7,30-59,0.008039153326972685
AART 2017-4,2018-05-31,8,30-59,0.00979661571457133
AART 2017-4,2018-06-30,9,30-59,0.01001379927647037
AART 2017-4,2018-07-31,10,30-59,0.01057187727429425
AART 2017-4,2018-08-31,11,30-59,0.01022977651872836
AART 2017-4,2018-09-30,12,30-59,0.012247446769937352
AART 2017-4,2018-10-31,13,30-59,0.012792163508235343
AART 2017-4,2018-11-30,14,30-59,0.012374928606181118
AART 2017-4,2018-12-31,15,30-59,0.014935726517959724
AART 2017-4,2019-01-31,16,30-59,0.013502691640343463
AART 2017-4,2019-02-28,17,30-59,0.011580987119571413
AART 2017-4,2019-03-31,18,30-59,0.011454673225579762
AART 2017-4,2019-04-30,19,30-59,0.010961214165261383
AART 2017-4,2019-05-31,20,30-59,0.011498810467882634
AART 2017-4,2019-06-30,21,30-59,0.015643680207564927
AART 2017-4,2019-07-31,22,30-59,0.015006821282401092
AART 2017-4,2019-08-31,23,30-59,0.015233096133553397
AART 2017-4,2019-09-30,24,30-59,0.015060660995677032
AART 2017-4,2019-10-31,25,30-59,0.015494293845402018
AART 2017-4,2019-11-30,26,30-59,0.015088310996716073
AART 2017-4,2019-12-31,27,30-59,0.016863200342151892
AART 2017-4,2020-01-31,28,30-59,0.017061402125579488
AART 2017-4,2020-02-29,29,30-59,0.014898669529293126
AART 2017-4,2020-03-31,30,30-59,0.011872330407291562
AART 2017-4,2020-04-30,31,30-59,0.00679111234937661
AART 2017-4,2020-05-31,32,30-59,0.005889579418991184
AART 2017-4,2020-06-30,33,30-59,0.005976994210961582
AART 2017-4,2020-07-31,34,30-59,0.008480565371024734
AART 2017-4,2020-08-31,35,30-59,0.01135385498216994
AART 2017-4,2020-09-30,36,30-59,0.012270991547603725
AART 2017-4,2020-10-31,37,30-59,0.013630453302246335
AART 2017-4,2020-11-30,38,30-59,0.014166822517299421
AART 2017-4,2020-12-31,39,30-59,0.01496625256773941
AART 2017-4,2021-01-31,40,30-59,0.012142416135007203
AART 2017-4,2021-02-28,41,30-59,0.012349673731327185
AART 2017-4,2021-03-31,42,30-59,0.011326206298757585
AART 2017-4,2021-04-30,43,30-59,0.009469118455617325
AART 2017-5,2017-11-30,0,30-59,0.006900690069006901
AART 2017-5,2017-12-31,1,30-59,0.009971640289086085
AART 2017-5,2018-01-31,2,30-59,0.009326618168252192
AART 2017-5,2018-02-28,3,30-59,0.007733020631952588
AART 2017-5,2018-03-31,4,30-59,0.007505604834779218
AART 2017-5,2018-04-30,5,30-59,0.007571967043597185
AART 2017-5,2018-05-31,6,30-59,0.008977521929824562
AART 2017-5,2018-06-30,7,30-59,0.011714627453739534
AART 2017-5,2018-07-31,8,30-59,0.011061307113938693
AART 2017-5,2018-08-31,9,30-59,0.010870779196604743
AART 2017-5,2018-09-30,10,30-59,0.012318840579710146
AART 2017-5,2018-10-31,11,30-59,0.012604713066624912
AART 2017-5,2018-11-30,12,30-59,0.011706691256063826
AART 2017-5,2018-12-31,13,30-59,0.013782353665039583
AART 2017-5,2019-01-31,14,30-59,0.01311074575270857
AART 2017-5,2019-02-28,15,30-59,0.010584067738033524
AART 2017-5,2019-03-31,16,30-59,0.012096415547451748
AART 2017-5,2019-04-30,17,30-59,0.010534994503481129
AART 2017-5,2019-05-31,18,30-59,0.010857763300760043
AART 2017-5,2019-06-30,19,30-59,0.013559978691462056
AART 2017-5,2019-07-31,20,30-59,0.013762386147532779
AART 2017-5,2019-08-31,21,30-59,0.016473018332042344
AART 2017-5,2019-09-30,22,30-59,0.014747377948144598
AART 2017-5,2019-10-31,23,30-59,0.0157536502360303
AART 2017-5,2019-11-30,24,30-59,0.016169014084507043
AART 2017-5,2019-12-31,25,30-59,0.01818815735952118
AART 2017-5,2020-01-31,26,30-59,0.016201351108985473
AART 2017-5,2020-02-29,27,30-59,0.014544558116602983
AART 2017-5,2020-03-31,28,30-59,0.011105470237339763
AART 2017-5,2020-04-30,29,30-59,0.0064283371597245
AART 2017-5,2020-05-31,30,30-59,0.005500475349721581
AART 2017-5,2020-06-30,31,30-59,0.007763427200225845
AART 2017-5,2020-07-31,32,30-59,0.008483954260420508
AART 2017-5,2020-08-31,33,30-59,0.011420634308202794
AART 2017-5,2020-09-30,34,30-59,0.01401417525773196
AART 2017-5,2020-10-31,35,30-59,0.012102874432677761
AART 2017-5,2020-11-30,36,30-59,0.01413489224325975
AART 2017-5,2020-12-31,37,30-59,0.015903307888040712
AART 2017-5,2021-01-31,38,30-59,0.01553860819828408
AART 2017-5,2021-02-28,39,30-59,0.014451153122834801
AART 2017-5,2021-03-31,40,30-59,0.010899182561307902
AART 2017-5,2021-04-30,41,30-59,0.009816898301345687
AART 2017-5,2021-05-31,42,30-59,0.011925640126271484
AART 2017-5,2021-06-30,43,30-59,0.0123334977799704
AART 2018-1,2018-02-28,0,30-59,0.00603857386225359
AART 2018-1,2018-03-31,1,30-59,0.006697985952835016
AART 2018-1,2018-04-30,2,30-59,0.006875792141951838
AART 2018-1,2018-05-31,3,30-59,0.00787720634714816
AART 2018-1,2018-06-30,4,30-59,0.00883016863630328
AART 2018-1,2018-07-31,5,30-59,0.010073634690120679
AART 2018-1,2018-08-31,6,30-59,0.00941563555539999
AART 2018-1,2018-09-30,7,30-59,0.011067066061595307
AART 2018-1,2018-10-31,8,30-59,0.01172863449142055
AART 2018-1,2018-11-30,9,30-59,0.010736574539522356
AART 2018-1,2018-12-31,10,30-59,0.012755102040816327
AART 2018-1,2019-01-31,11,30-59,0.011846871185287466
AART 2018-1,2019-02-28,12,30-59,0.010504287883139797
AART 2018-1,2019-03-31,13,30-59,0.01141880197560049
AART 2018-1,2019-04-30,14,30-59,0.009816483874470627
AART 2018-1,2019-05-31,15,30-59,0.010943362515633374
AART 2018-1,2019-06-30,16,30-59,0.01285989363653035
AART 2018-1,2019-07-31,17,30-59,0.014262438310231646
AART 2018-1,2019-08-31,18,30-59,0.014594989053758209
AART 2018-1,2019-09-30,19,30-59,0.013540910569919656
AART 2018-1,2019-10-31,20,30-59,0.014491258831416637
AART 2018-1,2019-11-30,21,30-59,0.016333986339810452
AART 2018-1,2019-12-31,22,30-59,0.016756580022887036
AART 2018-1,2020-01-31,23,30-59,0.015930444537932967
AART 2018-1,2020-02-29,24,30-59,0.014371464850513679
AART 2018-1,2020-03-31,25,30-59,0.011802830300868117
AART 2018-1,2020-04-30,26,30-59,0.006262086748319367
AART 2018-1,2020-05-31,27,30-59,0.005708848715509039
AART 2018-1,2020-06-30,28,30-59,0.005983889528193326
AART 2018-1,2020-07-31,29,30-59,0.008175971538040503
AART 2018-1,2020-08-31,30,30-59,0.010032017075773746
AART 2018-1,2020-09-30,31,30-59,0.012543140238245445
AART 2018-1,2020-10-31,32,30-59,0.012349014008412765
AART 2018-1,2020-11-30,33,30-59,0.012822567719185766
AART 2018-1,2020-12-31,34,30-59,0.012737792948424427
AART 2018-1,2021-01-31,35,30-59,0.012540681275764808
AART 2018-1,2021-02-28,36,30-59,0.011657214870825458
AART 2018-1,2021-03-31,37,30-59,0.009636485068218681
AART 2018-1,2021-04-30,38,30-59,0.0080040020010005
AART 2018-1,2021-05-31,39,30-59,0.011067981535879144
AART 2018-1,2021-06-30,40,30-59,0.010941279964811965
AART 2018-1,2021-07-31,41,30-59,0.012892086330935252
AART 2018-1,2021-08-31,42,30-59,0.014844886088221038
AART 2018-1,2021-09-30,43,30-59,0.013618925831202047
AART 2018-2,2018-05-31,0,30-59,0.006504661919095514
AART 2018-2,2018-06-30,1,30-59,0.00707448399641041
AART 2018-2,2018-07-31,2,30-59,0.008659397049390635
AART 2018-2,2018-08-31,3,30-59,0.008633228545957865
AART 2018-2,2018-09-30,4,30-59,0.00954776284382359
AART 2018-2,2018-10-31,5,30-59,0.011461318051575931
AART 2018-2,2018-11-30,6,30-59,0.01062873997728467
AART 2018-2,2018-12-31,7,30-59,0.012996968535489041
AART 2018-2,2019-01-31,8,30-59,0.012112498876808339
AART 2018-2,2019-02-28,9,30-59,0.010082883149559683
AART 2018-2,2019-03-31,10,30-59,0.0115348624028417
AART 2018-2,2019-04-30,11,30-59,0.009938988388112576
AART 2018-2,2019-05-31,12,30-59,0.011693654621729527
AART 2018-2,2019-06-30,13,30-59,0.013373885509540872
AART 2018-2,2019-07-31,14,30-59,0.014334603215600181
AART 2018-2,2019-08-31,15,30-59,0.014141414141414142
AART 2018-2,2019-09-30,16,30-59,0.014615736505032022
AART 2018-2,2019-10-31,17,30-59,0.015507352420515968
AART 2018-2,2019-11-30,18,30-59,0.015365196494890404
AART 2018-2,2019-12-31,19,30-59,0.01702138326940914
AART 2018-2,2020-01-31,20,30-59,0.01576936974139266
AART 2018-2,2020-02-29,21,30-59,0.014674940740938024
AART 2018-2,2020-03-31,22,30-59,0.012397033469253716
AART 2018-2,2020-04-30,23,30-59,0.006468561098243037
AART 2018-2,2020-05-31,24,30-59,0.005470204841713222
AART 2018-2,2020-06-30,25,30-59,0.005938564495222018
AART 2018-2,2020-07-31,26,30-59,0.008161861279629746
AART 2018-2,2020-08-31,27,30-59,0.010142579390797149
AART 2018-2,2020-09-30,28,30-59,0.010425073984396018
AART 2018-2,2020-10-31,29,30-59,0.011262989050840366
AART 2018-2,2020-11-30,30,30-59,0.011086634646636092
AART 2018-2,2020-12-31,31,30-59,0.013366373807914696
AART 2018-2,2021-01-31,32,30-59,0.013211382113821139
AART 2018-2,2021-02-28,33,30-59,0.011662399934983136
AART 2018-2,2021-03-31,34,30-59,0.00999487442337263
AART 2018-2,2021-04-30,35,30-59,0.008085410524434915
AART 2018-2,2021-05-31,36,30-59,0.010845785039333427
AART 2018-2,2021-06-30,37,30-59,0.010955982160170642
AART 2018-2,2021-07-31,38,30-59,0.010591931887289682
AART 2018-2,2021-08-31,39,30-59,0.012133736025009273
AART 2018-2,2021-09-30,40,30-59,0.013396811337466785
AART 2018-2,2021-10-31,41,30-59,0.014079630698211195
AART 2018-2,2021-11-30,42,30-59,0.013688717361152987
AART 2018-2,2021-12-31,43,30-59,0.015564449526713677
AART 2018-3,2018-06-30,0,30-59,0.005625408823315648
AART 2018-3,2018-07-31,1,30-59,0.0072121068810593525
AART 2018-3,2018-08-31,2,30-59,0.007336547152756855
AART 2018-3,2018-09-30,3,30-59,0.009299613283408018
AART 2018-3,2018-10-31,4,30-59,0.009958623727640293
AART 2018-3,2018-11-30,5,30-59,0.010049118286496498
AART 2018-3,2018-12-31,6,30-59,0.011691747974202084
AART 2018-3,2019-01-31,7,30-59,0.01077355118713301
AART 2018-3,2019-02-28,8,30-59,0.0095539729479081
AART 2018-3,2019-03-31,9,30-59,0.010435817021736779
AART 2018-3,2019-04-30,10,30-59,0.009181985464954183
AART 2018-3,2019-05-31,11,30-59,0.011172756839487277
AART 2018-3,2019-06-30,12,30-59,0.011773492933938715
AART 2018-3,2019-07-31,13,30-59,0.012926923311078191
AART 2018-3,2019-08-31,14,30-59,0.012429638619766054
AART 2018-3,2019-09-30,15,30-59,0.01350039897345209
AART 2018-3,2019-10-31,16,30-59,0.013904956839013972
AART 2018-3,2019-11-30,17,30-59,0.013538545978457247
AART 2018-3,2019-12-31,18,30-59,0.015659269391316653
AART 2018-3,2020-01-31,19,30-59,0.01354045118630883
AART 2018-3,2020-02-29,20,30-59,0.014066496163682864
AART 2018-3,2020-03-31,21,30-59,0.011465230721665422
AART 2018-3,2020-04-30,22,30-59,0.006213984119818361
AART 2018-3,2020-05-31,23,30-59,0.0056563558858891685
AART 2018-3,2020-06-30,24,30-59,0.005433090919380854
AART 2018-3,2020-07-31,25,30-59,0.007209425004395991
AART 2018-3,2020-08-31,26,30-59,0.011582075071250985
AART 2018-3,2020-09-30,27,30-59,0.010911949685534592
AART 2018-3,2020-10-31,28,30-59,0.011481131152353306
AART 2018-3,2020-11-30,29,30-59,0.01307874281851977
AART 2018-3,2020-12-31,30,30-59,0.013835861151003537
AART 2018-3,2021-01-31,31,30-59,0.012569679746420374
AART 2018-3,2021-02-28,32,30-59,0.01206140350877193
AART 2018-3,2021-03-31,33,30-59,0.010359803960632744
AART 2018-3,2021-04-30,34,30-59,0.009481642370828287
AART 2018-3,2021-05-31,35,30-59,0.010879972147271303
AART 2018-3,2021-06-30,36,30-59,0.011632133769538349
AART 2018-3,2021-07-31,37,30-59,0.012706239332448322
AART 2018-3,2021-08-31,38,30-59,0.01227661996930845
AART 2018-3,2021-09-30,39,30-59,0.012065587295039704
AART 2018-3,2021-10-31,40,30-59,0.01456860734905304
AART 2018-3,2021-11-30,41,30-59,0.014085300580314384
AART 2018-3,2021-12-31,42,30-59,0.014491899852724595
AART 2018-3,2022-01-31,43,30-59,0.015575746337845356
AART 2018-3,2022-02-28,44,30-59,0.013969202780845949
AART 2019-1,2019-03-31,0,30-59,0.005198851988519885
AART 2019-1,2019-04-30,1,30-59,0.005044768141119872
AART 2019-1,2019-05-31,2,30-59,0.006050792568604056
AART 2019-1,2019-06-30,3,30-59,0.007790405135768196
AART 2019-1,2019-07-31,4,30-59,0.008361441505414522
AART 2019-1,2019-08-31,5,30-59,0.00913831004850753
AART 2019-1,2019-09-30,6,30-59,0.009769869425509389
AART 2019-1,2019-10-31,7,30-59,0.010935924989064075
AART 2019-1,2019-11-30,8,30-59,0.010557571758495546
AART 2019-1,2019-12-31,9,30-59,0.01136657194523379
AART 2019-1,2020-01-31,10,30-59,0.011191907702307442
AART 2019-1,2020-02-29,11,30-59,0.011350407450523865
AART 2019-1,2020-03-31,12,30-59,0.00901303063154986
AART 2019-1,2020-04-30,13,30-59,0.004674522763838762
AART 2019-1,2020-05-31,14,30-59,0.004471336729473005
AART 2019-1,2020-06-30,15,30-59,0.00481944222379571
AART 2019-1,2020-07-31,16,30-59,0.00770115752154211
AART 2019-1,2020-08-31,17,30-59,0.008714333993144401
AART 2019-1,2020-09-30,18,30-59,0.009866137828458106
AART 2019-1,2020-10-31,19,30-59,0.01044240124290044
AART 2019-1,2020-11-30,20,30-59,0.01023098003392927
AART 2019-1,2020-12-31,21,30-59,0.011327034571612627
AART 2019-1,2021-01-31,22,30-59,0.010374017926302976
AART 2019-1,2021-02-28,23,30-59,0.01047105561861521
AART 2019-1,2021-03-31,24,30-59,0.008190904252173399
AART 2019-1,2021-04-30,25,30-59,0.007081545064377683
AART 2019-1,2021-05-31,26,30-59,0.009027910229512366
AART 2019-1,2021-06-30,27,30-59,0.009790348101265823
AART 2019-1,2021-07-31,28,30-59,0.009959411985401958
AART 2019-1,2021-08-31,29,30-59,0.010453084719426494
AART 2019-1,2021-09-30,30,30-59,0.010885447106954996
AART 2019-1,2021-10-31,31,30-59,0.012466001813236628
AART 2019-1,2021-11-30,32,30-59,0.0113977907022132
AART 2019-1,2021-12-31,33,30-59,0.01269956458635704
AART 2019-1,2022-01-31,34,30-59,0.014022969374167776
AART 2019-1,2022-02-28,35,30-59,0.011698421573265666
AART 2019-1,2022-03-31,36,30-59,0.014025182596227091
AART 2019-1,2022-04-30,37,30-59,0.011848891780121742
AART 2019-1,2022-05-31,38,30-59,0.014208650419034775
AART 2019-1,2022-06-30,39,30-59,0.013781697905181918
AART 2019-1,2022-07-31,40,30-59,0.015844155844155845
AART 2019-1,2022-08-31,41,30-59,0.017327268789257094
AART 2019-1,2022-09-30,42,30-59,0.016188166281234137
AART 2019-1,2022-10-31,43,30-59,0.015466948953187485
AART 2019-2,2019-05-31,0,30-59,0.0049164365412549685
AART 2019-2,2019-06-30,1,30-59,0.0071320895401423175
AART 2019-2,2019-07-31,2,30-59,0.0075071359039086604
AART 2019-2,2019-08-31,3,30-59,0.008442017996158124
AART 2019-2,2019-09-30,4,30-59,0.007792743974815503
AART 2019-2,2019-10-31,5,30-59,0.009267726505346088
AART 2019-2,2019-11-30,6,30-59,0.009694271403694594
AART 2019-2,2019-12-31,7,30-59,0.011058248682011058
AART 2019-2,2020-01-31,8,30-59,0.011223492254474356
AART 2019-2,2020-02-29,9,30-59,0.011068901016256244
AART 2019-2,2020-03-31,10,30-59,0.009103295748504176
AART 2019-2,2020-04-30,11,30-59,0.004273244628065698
AART 2019-2,2020-05-31,12,30-59,0.00419165404328609
AART 2019-2,2020-06-30,13,30-59,0.004563678239358526
AART 2019-2,2020-07-31,14,30-59,0.006100504718016239
AART 2019-2,2020-08-31,15,30-59,0.008986430039061619
AART 2019-2,2020-09-30,16,30-59,0.009222906260889766
AART 2019-2,2020-10-31,17,30-59,0.010512483574244415
AART 2019-2,2020-11-30,18,30-59,0.009919177075679648
AART 2019-2,2020-12-31,19,30-59,0.011217021704685496
AART 2019-2,2021-01-31,20,30-59,0.009112796748388432
AART 2019-2,2021-02-28,21,30-59,0.008460371937105915
AART 2019-2,2021-03-31,22,30-59,0.006964596633778294
AART 2019-2,2021-04-30,23,30-59,0.006360887671858064
AART 2019-2,2021-05-31,24,30-59,0.008324508765737145
AART 2019-2,2021-06-30,25,30-59,0.007719660821201714
AART 2019-2,2021-07-31,26,30-59,0.00902764716945646
AART 2019-2,2021-08-31,27,30-59,0.010141593493827561
AART 2019-2,2021-09-30,28,30-59,0.01068804275217101
AART 2019-2,2021-10-31,29,30-59,0.010884541195921742
AART 2019-2,2021-11-30,30,30-59,0.011318478569401078
AART 2019-2,2021-12-31,31,30-59,0.011492142752239682
AART 2019-2,2022-01-31,32,30-59,0.013062739010260876
AART 2019-2,2022-02-28,33,30-59,0.012089201877934273
AART 2019-2,2022-03-31,34,30-59,0.011350691619202604
AART 2019-2,2022-04-30,35,30-59,0.010500672043010752
AART 2019-2,2022-05-31,36,30-59,0.012052893995230868
AART 2019-2,2022-06-30,37,30-59,0.014651850524240524
AART 2019-2,2022-07-31,38,30-59,0.01516973452964573
AART 2019-2,2022-08-31,39,30-59,0.013820904117477686
AART 2019-2,2022-09-30,40,30-59,0.014025663980901224
AART 2019-2,2022-10-31,41,30-59,0.017688194158782394
AART 2019-2,2022-11-30,42,30-59,0.016309561880396548
AART 2019-2,2022-12-31,43,30-59,0.017346486366659277
AART 2019-2,2023-01-31,44,30-59,0.016724738675958188
AART 2019-2,2023-02-28,45,30-59,0.018063890404315937
AART 2019-2,2023-03-31,46,30-59,0.017794502200395433
AART 2019-3,2019-08-31,0,30-59,0.006244593000393236
AART 2019-3,2019-09-30,1,30-59,0.006125843703016538
AART 2019-3,2019-10-31,2,30-59,0.00770571656647606
AART 2019-3,2019-11-30,3,30-59,0.00816895795975294
AART 2019-3,2019-12-31,4,30-59,0.009182409151857697
AART 2019-3,2020-01-31,5,30-59,0.009907690172126596
AART 2019-3,2020-02-29,6,30-59,0.009447364682483307
AART 2019-3,2020-03-31,7,30-59,0.007875018187108977
AART 2019-3,2020-04-30,8,30-59,0.004140168963652301
AART 2019-3,2020-05-31,9,30-59,0.0037652905198776758
AART 2019-3,2020-06-30,10,30-59,0.004349109514907016
AART 2019-3,2020-07-31,11,30-59,0.0061130404760454116
AART 2019-3,2020-08-31,12,30-59,0.008002841740147938
AART 2019-3,2020-09-30,13,30-59,0.00826144015834427
AART 2019-3,2020-10-31,14,30-59,0.009049072967830436
AART 2019-3,2020-11-30,15,30-59,0.009305492510213346
AART 2019-3,2020-12-31,16,30-59,0.00968517351630143
AART 2019-3,2021-01-31,17,30-59,0.008494301139772046
AART 2019-3,2021-02-28,18,30-59,0.007824995693791678
AART 2019-3,2021-03-31,19,30-59,0.006701452834049519
AART 2019-3,2021-04-30,20,30-59,0.005733005733005733
AART 2019-3,2021-05-31,21,30-59,0.007908371966184892
AART 2019-3,2021-06-30,22,30-59,0.007893327319369661
AART 2019-3,2021-07-31,23,30-59,0.009036232094604411
AART 2019-3,2021-08-31,24,30-59,0.008645792681096335
AART 2019-3,2021-09-30,25,30-59,0.009185661707852658
AART 2019-3,2021-10-31,26,30-59,0.00970781080909033
AART 2019-3,2021-11-30,27,30-59,0.009850275807722617
AART 2019-3,2021-12-31,28,30-59,0.010815025766205588
AART 2019-3,2022-01-31,29,30-59,0.010473031942747426
AART 2019-3,2022-02-28,30,30-59,0.01005043227665706
AART 2019-3,2022-03-31,31,30-59,0.009833981453784026
AART 2019-3,2022-04-30,32,30-59,0.01047019279063478
AART 2019-3,2022-05-31,33,30-59,0.012088703866784085
AART 2019-3,2022-06-30,34,30-59,0.012122465866776996
AART 2019-3,2022-07-31,35,30-59,0.014231539477608761
AART 2019-3,2022-08-31,36,30-59,0.014158433309809457
AART 2019-3,2022-09-30,37,30-59,0.01480098369614719
AART 2019-3,2022-10-31,38,30-59,0.01518642155249424
AART 2019-3,2022-11-30,39,30-59,0.01456098626413629
AART 2019-3,2022-12-31,40,30-59,0.01593365167127419
AART 2019-3,2023-01-31,41,30-59,0.015263596582621379
AART 2019-3,2023-02-28,42,30-59,0.014576785520754308
AART 2019-3,2023-03-31,43,30-59,0.014898317566419305
AART 2019-3,2023-04-30,44,30-59,0.014257824054901497
AART 2019-3,2023-05-31,45,30-59,0.014762436422280114
AART 2019-3,2023-06-30,46,30-59,0.01576182136602452
AART 2019-4,2019-12-31,0,30-59,0.00805970630430227
AART 2019-4,2020-01-31,1,30-59,0.008939575698815178
AART 2019-4,2020-02-29,2,30-59,0.00868703162281144
AART 2019-4,2020-03-31,3,30-59,0.007545807693629895
AART 2019-4,2020-04-30,4,30-59,0.004125646292230328
AART 2019-4,2020-05-31,5,30-59,0.0034487163111508496
AART 2019-4,2020-06-30,6,30-59,0.0042108840968314515
AART 2019-4,2020-07-31,7,30-59,0.005457936585844704
AART 2019-4,2020-08-31,8,30-59,0.007868718785037204
AART 2019-4,2020-09-30,9,30-59,0.007552838132312184
AART 2019-4,2020-10-31,10,30-59,0.007942951179374658
AART 2019-4,2020-11-30,11,30-59,0.00901615205128786
AART 2019-4,2020-12-31,12,30-59,0.009929111309328201
AART 2019-4,2021-01-31,13,30-59,0.008176774067945099
AART 2019-4,2021-02-28,14,30-59,0.008055813486586192
AART 2019-4,2021-03-31,15,30-59,0.006413794916278947
AART 2019-4,2021-04-30,16,30-59,0.005194663167104112
AART 2019-4,2021-05-31,17,30-59,0.007540537475904298
AART 2019-4,2021-06-30,18,30-59,0.008183932408961111
AART 2019-4,2021-07-31,19,30-59,0.008366412213740458
AART 2019-4,2021-08-31,20,30-59,0.0076031172780840145
AART 2019-4,2021-09-30,21,30-59,0.008230857517625841
AART 2019-4,2021-10-31,22,30-59,0.009572951320524136
AART 2019-4,2021-11-30,23,30-59,0.008749121574139143
AART 2019-4,2021-12-31,24,30-59,0.009734577803704243
AART 2019-4,2022-01-31,25,30-59,0.009517718757053645
AART 2019-4,2022-02-28,26,30-59,0.009144680519884816
AART 2019-4,2022-03-31,27,30-59,0.009111894059045073
AART 2019-4,2022-04-30,28,30-59,0.008602962776448864
AART 2019-4,2022-05-31,29,30-59,0.010239055924335112
AART 2019-4,2022-06-30,30,30-59,0.010319917440660475
AART 2019-4,2022-07-31,31,30-59,0.012920617215095742
AART 2019-4,2022-08-31,32,30-59,0.011888652619369805
AART 2019-4,2022-09-30,33,30-59,0.011385865476250189
AART 2019-4,2022-10-31,34,30-59,0.013482679941920763
AART 2019-4,2022-11-30,35,30-59,0.013485198517165422
AART 2019-4,2022-12-31,36,30-59,0.014732965009208104
AART 2019-4,2023-01-31,37,30-59,0.014451538015089959
AART 2019-4,2023-02-28,38,30-59,0.014315916641498037
AART 2019-4,2023-03-31,39,30-59,0.013823715916296766
AART 2019-4,2023-04-30,40,30-59,0.012711022840119166
AART 2019-4,2023-05-31,41,30-59,0.01394961482406829
AART 2019-4,2023-06-30,42,30-59,0.012877409967260823
AART 2022-1,2022-05-31,0,30-59,0.0040910803681972335
AART 2022-1,2022-06-30,1,30-59,0.005677031828004248
AART 2022-1,2022-07-31,2,30-59,0.006713291944049667
AART 2022-1,2022-08-31,3,30-59,0.007323338829032629
AART 2022-1,2022-09-30,4,30-59,0.007005906941146457
AART 2022-1,2022-10-31,5,30-59,0.007541326469050396
AART 2022-1,2022-11-30,6,30-59,0.008615891992167371
AART 2022-1,2022-12-31,7,30-59,0.008309019408854496
AART 2022-1,2023-01-31,8,30-59,0.008828824920280266
AART 2022-1,2023-02-28,9,30-59,0.008067931088279212
AART 2022-1,2023-03-31,10,30-59,0.008552691919655141
AART 2022-1,2023-04-30,11,30-59,0.008699945919255096
AART 2022-1,2023-05-31,12,30-59,0.008945841392649903
AART 2022-1,2023-06-30,13,30-59,0.009874148137093966
AART 2022-1,2023-07-31,14,30-59,0.011192983350755973
AART 2022-1,2023-08-31,15,30-59,0.010342293154136917
AART 2022-1,2023-09-30,16,30-59,0.010622848537005163
AART 2022-1,2023-10-31,17,30-59,0.01170107075836185
AART 2022-1,2023-11-30,18,30-59,0.01077976459936623
AART 2022-1,2023-12-31,19,30-59,0.012436585012320625
AART 2022-1,2024-01-31,20,30-59,0.013236740899740631
AART 2022-1,2024-02-29,21,30-59,0.011425945780364528
AART 2022-1,2024-03-31,22,30-59,0.012050467230909606
AART 2022-1,2024-04-30,23,30-59,0.010892049127343244
AART 2022-1,2024-05-31,24,30-59,0.012097846317468759
AART 2022-1,2024-06-30,25,30-59,0.013697694278394535
AART 2022-1,2024-07-31,26,30-59,0.014538670046115395
AART 2022-1,2024-08-31,27,30-59,0.014959973919658058
AART 2022-1,2024-09-30,28,30-59,0.014774841831038332
AART 2022-1,2024-10-31,29,30-59,0.01454336147352264
AART 2022-1,2024-11-30,30,30-59,0.014176533481170555
AART 2022-1,2024-12-31,31,30-59,0.01597091740870844
AART 2022-1,2025-01-31,32,30-59,0.014760458839406208
AART 2022-1,2025-02-28,33,30-59,0.015197038972349227
AART 2022-1,2025-03-31,34,30-59,0.015325497287522603
AART 2022-1,2025-04-30,35,30-59,0.014753407334551076
AART 2022-1,2025-05-31,36,30-59,0.01730321830166731
AART 2022-1,2025-06-30,37,30-59,0.018175410331285873
AART 2022-1,2025-07-31,38,30-59,0.01880943624231598
AART 2022-1,2025-08-31,39,30-59,0.01865528748837464
AART 2022-1,2025-09-30,40,30-59,0.018015963511972634
AART 2022-1,2025-10-31,41,30-59,0.017463344856359517
AART 2022-1,2025-11-30,42,30-59,0.017297162767546042
AART 2022-1,2025-12-31,43,30-59,0.020863309352517987
AART 2022-2,2022-10-31,0,30-59,0.006640252402964267
AART 2022-2,2022-11-30,1,30-59,0.006456548918621359
AART 2022-2,2022-12-31,2,30-59,0.008119568731103463
AART 2022-2,2023-01-31,3,30-59,0.007861482617388435
AART 2022-2,2023-02-28,4,30-59,0.007680582774115644
AART 2022-2,2023-03-31,5,30-59,0.007795055011976778
AART 2022-2,2023-04-30,6,30-59,0.009451599501454092
AART 2022-2,2023-05-31,7,30-59,0.009181167929966904
AART 2022-2,2023-06-30,8,30-59,0.009529860228716646
AART 2022-2,2023-07-31,9,30-59,0.009904539954286739
AART 2022-2,2023-08-31,10,30-59,0.010853568800588667
AART 2022-2,2023-09-30,11,30-59,0.010406856281785648
AART 2022-2,2023-10-31,12,30-59,0.010561933534743202
AART 2022-2,2023-11-30,13,30-59,0.01081228196056115
AART 2022-2,2023-12-31,14,30-59,0.012821162519637157
AART 2022-2,2024-01-31,15,30-59,0.012009670123995946
AART 2022-2,2024-02-29,16,30-59,0.011537129306440009
AART 2022-2,2024-03-31,17,30-59,0.011980634043600755
AART 2022-2,2024-04-30,18,30-59,0.01146228402865571
AART 2022-2,2024-05-31,19,30-59,0.013176864079349518
AART 2022-2,2024-06-30,20,30-59,0.013628569739253828
AART 2022-2,2024-07-31,21,30-59,0.014630000607053967
AART 2022-2,2024-08-31,22,30-59,0.01388109052342629
AART 2022-2,2024-09-30,23,30-59,0.014846574728826032
AART 2022-2,2024-10-31,24,30-59,0.016365428853105487
AART 2022-2,2024-11-30,25,30-59,0.015610281254205357
AART 2022-2,2024-12-31,26,30-59,0.016936264343978984
AART 2022-2,2025-01-31,27,30-59,0.01621467517194683
AART 2022-2,2025-02-28,28,30-59,0.015157075748678802
AART 2022-2,2025-03-31,29,30-59,0.015409139213602551
AART 2022-2,2025-04-30,30,30-59,0.01492420384660582
AART 2022-2,2025-05-31,31,30-59,0.016593815768172253
AART 2022-2,2025-06-30,32,30-59,0.017773502843760454
AART 2022-2,2025-07-31,33,30-59,0.01776330076004343
AART 2022-2,2025-08-31,34,30-59,0.01730119396260419
AART 2022-2,2025-09-30,35,30-59,0.01652002995132909
AART 2022-2,2025-10-31,36,30-59,0.019014357780364765
AART 2022-2,2025-11-30,37,30-59,0.018968285828984344
AART 2022-2,2025-12-31,38,30-59,0.022791279858141233
AART 2022-3,2022-11-30,0,30-59,0.004697642637512812
AART 2022-3,2022-12-31,1,30-59,0.0061283658269821704
AART 2022-3,2023-01-31,2,30-59,0.006025160788748322
AART 2022-3,2023-02-28,3,30-59,0.006693055055775459
AART 2022-3,2023-03-31,4,30-59,0.007148120854826824
AART 2022-3,2023-04-30,5,30-59,0.007180550320392009
AART 2022-3,2023-05-31,6,30-59,0.008219602977667493
AART 2022-3,2023-06-30,7,30-59,0.007646203779295514
AART 2022-3,2023-07-31,8,30-59,0.009466753905291567
AART 2022-3,2023-08-31,9,30-59,0.009419450005268148
AART 2022-3,2023-09-30,10,30-59,0.009554140127388535
AART 2022-3,2023-10-31,11,30-59,0.010208868535686363
AART 2022-3,2023-11-30,12,30-59,0.01027727962477583
AART 2022-3,2023-12-31,13,30-59,0.01212982705520019
AART 2022-3,2024-01-31,14,30-59,0.012111444826996802
AART 2022-3,2024-02-29,15,30-59,0.011425120165085437
AART 2022-3,2024-03-31,16,30-59,0.011063498246980911
AART 2022-3,2024-04-30,17,30-59,0.011904761904761904
AART 2022-3,2024-05-31,18,30-59,0.012331342623313426
AART 2022-3,2024-06-30,19,30-59,0.013431221899721131
AART 2022-3,2024-07-31,20,30-59,0.014896923843875547
AART 2022-3,2024-08-31,21,30-59,0.013985590603620512
AART 2022-3,2024-09-30,22,30-59,0.014846235418875928
AART 2022-3,2024-10-31,23,30-59,0.013962787398020057
AART 2022-3,2024-11-30,24,30-59,0.014567950508880463
AART 2022-3,2024-12-31,25,30-59,0.016276668960770818
AART 2022-3,2025-01-31,26,30-59,0.015278866016098012
AART 2022-3,2025-02-28,27,30-59,0.015052259679081408
AART 2022-3,2025-03-31,28,30-59,0.014782276546982429
AART 2022-3,2025-04-30,29,30-59,0.01618983373675648
AART 2022-3,2025-05-31,30,30-59,0.016043440700974947
AART 2022-3,2025-06-30,31,30-59,0.016478825136612023
AART 2022-3,2025-07-31,32,30-59,0.01674758362656452
AART 2022-3,2025-08-31,33,30-59,0.01570996978851964
AART 2022-3,2025-09-30,34,30-59,0.01709112036409412
AART 2022-3,2025-10-31,35,30-59,0.017137657347960165
AART 2022-3,2025-11-30,36,30-59,0.01890557714525785
AART 2022-3,2025-12-31,37,30-59,0.02036000439029744
AART 2023-1,2023-08-31,0,30-59,0.007465698143664245
AART 2023-1,2023-09-30,1,30-59,0.00811692013041793
AART 2023-1,2023-10-31,2,30-59,0.0087756052141527
AART 2023-1,2023-11-30,3,30-59,0.008518413059984815
AART 2023-1,2023-12-31,4,30-59,0.010916660615302689
AART 2023-1,2024-01-31,5,30-59,0.010854514884778954
AART 2023-1,2024-02-29,6,30-59,0.009917981072555204
AART 2023-1,2024-03-31,7,30-59,0.010695739788668716
AART 2023-1,2024-04-30,8,30-59,0.01015899891531522
AART 2023-1,2024-05-31,9,30-59,0.011993921632475849
AART 2023-1,2024-06-30,10,30-59,0.012537709999723229
AART 2023-1,2024-07-31,11,30-59,0.01381809944501076
AART 2023-1,2024-08-31,12,30-59,0.013387811875163
AART 2023-1,2024-09-30,13,30-59,0.012482991184996746
AART 2023-1,2024-10-31,14,30-59,0.015459551037695892
AART 2023-1,2024-11-30,15,30-59,0.014400494437577255
AART 2023-1,2024-12-31,16,30-59,0.015112235219728105
AART 2023-1,2025-01-31,17,30-59,0.01585965820818229
AART 2023-1,2025-02-28,18,30-59,0.015613112368098972
AART 2023-1,2025-03-31,19,30-59,0.015823429541595924
AART 2023-1,2025-04-30,20,30-59,0.014856824745137609
AART 2023-1,2025-05-31,21,30-59,0.016658937680590732
AART 2023-1,2025-06-30,22,30-59,0.016262242362227744
AART 2023-1,2025-07-31,23,30-59,0.017570865402665666
AART 2023-1,2025-08-31,24,30-59,0.01713029052046761
AART 2023-1,2025-09-30,25,30-59,0.01841000871011165
AART 2023-1,2025-10-31,26,30-59,0.020906206784348815
AART 2023-1,2025-11-30,27,30-59,0.020278147901399066
AART 2023-1,2025-12-31,28,30-59,0.021476854624796784
AART 2024-1,2024-03-31,0,30-59,0.007118637717539949
AART 2024-1,2024-04-30,1,30-59,0.007137389973210869
AART 2024-1,2024-05-31,2,30-59,0.008433191472670576
AART 2024-1,2024-06-30,3,30-59,0.009819671472749909
AART 2024-1,2024-07-31,4,30-59,0.011227374981941263
AART 2024-1,2024-08-31,5,30-59,0.011146327455276425
AART 2024-1,2024-09-30,6,30-59,0.011511138396772496
AART 2024-1,2024-10-31,7,30-59,0.01209704822961738
AART 2024-1,2024-11-30,8,30-59,0.012159191881401113
AART 2024-1,2024-12-31,9,30-59,0.014570144493306915
AART 2024-1,2025-01-31,10,30-59,0.013091894060995184
AART 2024-1,2025-02-28,11,30-59,0.01272086636613296
AART 2024-1,2025-03-31,12,30-59,0.014668350213577626
AART 2024-1,2025-04-30,13,30-59,0.013211807007274855
AART 2024-1,2025-05-31,14,30-59,0.014453791229439482
AART 2024-1,2025-06-30,15,30-59,0.014257473192356077
AART 2024-1,2025-07-31,16,30-59,0.016885670588969694
AART 2024-1,2025-08-31,17,30-59,0.016015561679364566
AART 2024-1,2025-09-30,18,30-59,0.015884768122770412
AART 2024-1,2025-10-31,19,30-59,0.017795958324592687
AART 2024-1,2025-11-30,20,30-59,0.016860423135244423
AART 2024-1,2025-12-31,21,30-59,0.01910183902018802
AART 2024-2,2024-09-30,0,30-59,0.007303655582884287
AART 2024-2,2024-10-31,1,30-59,0.008664412510566356
AART 2024-2,2024-11-30,2,30-59,0.009185319224263404
AART 2024-2,2024-12-31,3,30-59,0.011345971372620273
AART 2024-2,2025-01-31,4,30-59,0.010968655038921034
AART 2024-2,2025-02-28,5,30-59,0.009813184453510844
AART 2024-2,2025-03-31,6,30-59,0.011121759868054472
AART 2024-2,2025-04-30,7,30-59,0.010145128489554447
AART 2024-2,2025-05-31,8,30-59,0.012303551689335319
AART 2024-2,2025-06-30,9,30-59,0.012312072324059738
AART 2024-2,2025-07-31,10,30-59,0.01329586553222491
AART 2024-2,2025-08-31,11,30-59,0.013278883600173085
AART 2024-2,2025-09-30,12,30-59,0.01361518162933019
AART 2024-2,2025-10-31,13,30-59,0.015283205973283556
AART 2024-2,2025-11-30,14,30-59,0.01587062124732221
AART 2024-2,2025-12-31,15,30-59,0.0171813763912839
AART 2025-1,2025-09-30,0,30-59,0.006533713200379867
AART 2025-1,2025-10-31,1,30-59,0.008779597148573315
AART 2025-1,2025-11-30,2,30-59,0.009810527984778817
AART 2025-1,2025-12-31,3,30-59,0.011323051948051948
