series_label,reporting_date,vintage_month,bucket,dq_rate
FCAOT 2017-A,2020-08-31,0,60+,0.004170957775489186
FCAOT 2017-A,2020-09-30,1,60+,0.004068958132562373
FCAOT 2017-A,2020-10-31,2,60+,0.003909304143862392
FCAOT 2017-B,2020-08-31,0,60+,0.0032075269966855553
FCAOT 2017-B,2020-09-30,1,60+,0.003268335918457789
FCAOT 2017-B,2020-10-31,2,60+,0.0027551371828722303
FCAOT 2017-B,2020-11-30,3,60+,0.002610811131549279
FCAOT 2017-B,2020-12-31,4,60+,0.0033312769895126465
FCAOT 2017-B,2021-01-31,5,60+,0.002758886179905043
FCAOT 2017-B,2021-02-28,6,60+,0.003125623462126754
FCAOT 2017-B,2021-03-31,7,60+,0.002893232658245713
FCAOT 2017-C,2020-08-31,0,60+,0.002924573216350405
FCAOT 2017-C,2020-09-30,1,60+,0.0032303370786516852
FCAOT 2017-C,2020-10-31,2,60+,0.0029397887707327697
FCAOT 2017-C,2020-11-30,3,60+,0.00373566438791139
FCAOT 2017-C,2020-12-31,4,60+,0.0033240568954854667
FCAOT 2017-C,2021-01-31,5,60+,0.0035655622771523575
FCAOT 2017-C,2021-02-28,6,60+,0.0028939970233173473
FCAOT 2017-C,2021-03-31,7,60+,0.00274390243902439
FCAOT 2017-C,2021-04-30,8,60+,0.002964517011766852
FCAOT 2017-C,2021-05-31,9,60+,0.0031907800742927896
FCAOT 2017-C,2021-06-30,10,60+,0.002999400119976005
FCAOT 2017-C,2021-07-31,11,60+,0.0034665686223015915
FCAOT 2018-A,2020-08-31,0,60+,0.002587551396568836
FCAOT 2018-A,2020-09-30,1,60+,0.0020745377784248072
FCAOT 2018-A,2020-10-31,2,60+,0.0022836178496555854
FCAOT 2018-A,2020-11-30,3,60+,0.003147792706333973
FCAOT 2018-A,2020-12-31,4,60+,0.0028080999841797183
FCAOT 2018-A,2021-01-31,5,60+,0.0027345822619484917
FCAOT 2018-A,2021-02-28,6,60+,0.0029779380924419094
FCAOT 2018-A,2021-03-31,7,60+,0.0024105890603085553
FCAOT 2018-A,2021-04-30,8,60+,0.002638522427440633
FCAOT 2018-A,2021-05-31,9,60+,0.002348961758902565
FCAOT 2018-A,2021-06-30,10,60+,0.0030724213606437454
FCAOT 2018-A,2021-07-31,11,60+,0.0027341772151898733
FCAOT 2018-A,2021-08-31,12,60+,0.0036842105263157894
FCAOT 2018-A,2021-09-30,13,60+,0.0030671486471683645
FCAOT 2018-A,2021-10-31,14,60+,0.003227084866670441
FCAOT 2018-A,2021-11-30,15,60+,0.00411087620389946
FCAOT 2018-A,2021-12-31,16,60+,0.003907681035535474
FCAOT 2018-A,2022-01-31,17,60+,0.0044950933839822725
FCAOT 2018-B,2020-08-31,0,60+,0.0023781212841854932
FCAOT 2018-B,2020-09-30,1,60+,0.002201198950917947
FCAOT 2018-B,2020-10-31,2,60+,0.0019662382505275275
FCAOT 2018-B,2020-11-30,3,60+,0.002596257470363476
FCAOT 2018-B,2020-12-31,4,60+,0.002556390977443609
FCAOT 2018-B,2021-01-31,5,60+,0.0022584950210450673
FCAOT 2018-B,2021-02-28,6,60+,0.0023083783641991503
FCAOT 2018-B,2021-03-31,7,60+,0.0022800065143043268
FCAOT 2018-B,2021-04-30,8,60+,0.00212861304055568
FCAOT 2018-B,2021-05-31,9,60+,0.0020121881108428196
FCAOT 2018-B,2021-06-30,10,60+,0.002378545519414878
FCAOT 2018-B,2021-07-31,11,60+,0.002698062300711307
FCAOT 2018-B,2021-08-31,12,60+,0.0026560424966799467
FCAOT 2018-B,2021-09-30,13,60+,0.0022184523032754795
FCAOT 2018-B,2021-10-31,14,60+,0.002278667649621339
FCAOT 2018-B,2021-11-30,15,60+,0.0023462839003519425
FCAOT 2018-B,2021-12-31,16,60+,0.00290821393105405
FCAOT 2018-B,2022-01-31,17,60+,0.002847338833321165
FCAOT 2018-B,2022-02-28,18,60+,0.0029220049449314453
FCAOT 2018-B,2022-03-31,19,60+,0.002789400278940028
FCAOT 2018-B,2022-04-30,20,60+,0.0031187524990004
FCAOT 2018-B,2022-05-31,21,60+,0.003719930561296189
FCAOT 2018-B,2022-06-30,22,60+,0.0029064797401265174
FCAOT 2018-B,2022-07-31,23,60+,0.002646669607410675
FCAOT 2018-B,2022-08-31,24,60+,0.003586866550170146
FCAOT 2019-A,2019-02-28,0,60+,0.0
FCAOT 2019-A,2020-08-31,18,60+,0.0022327179046801203
FCAOT 2019-A,2020-09-30,19,60+,0.0019924988279418658
FCAOT 2019-A,2020-10-31,20,60+,0.0017965685540617421
FCAOT 2019-A,2020-11-30,21,60+,0.0017702896560144064
FCAOT 2019-A,2020-12-31,22,60+,0.0019965683980658244
FCAOT 2019-A,2021-01-31,23,60+,0.0018487234246007715
FCAOT 2019-A,2021-02-28,24,60+,0.001980712407052635
FCAOT 2019-A,2021-03-31,25,60+,0.0019052075673507587
FCAOT 2019-A,2021-04-30,26,60+,0.0018188057652711051
FCAOT 2019-A,2021-05-31,27,60+,0.0015838935623526099
FCAOT 2019-A,2021-06-30,28,60+,0.001812842173960335
FCAOT 2019-A,2021-07-31,29,60+,0.0019022043191227482
FCAOT 2019-A,2021-08-31,30,60+,0.0018761007734129718
FCAOT 2019-A,2021-09-30,31,60+,0.0018905080740448995
FCAOT 2019-A,2021-10-31,32,60+,0.0021422797089733227
FCAOT 2019-A,2021-11-30,33,60+,0.0019118869492934332
FCAOT 2019-A,2021-12-31,34,60+,0.0019695996574609293
FCAOT 2019-A,2022-01-31,35,60+,0.0027732535105867854
FCAOT 2019-A,2022-02-28,36,60+,0.002395155459146782
FCAOT 2019-A,2022-03-31,37,60+,0.002094289570437939
FCAOT 2019-A,2022-04-30,38,60+,0.0024406584992343033
FCAOT 2019-A,2022-05-31,39,60+,0.002555156994742273
FCAOT 2019-A,2022-06-30,40,60+,0.0025322866548493288
FCAOT 2019-A,2022-07-31,41,60+,0.0026518302828618967
FCAOT 2019-A,2022-08-31,42,60+,0.002839387120968606
FCAOT 2019-A,2022-09-30,43,60+,0.002486462592551663
FCAOT 2019-A,2022-10-31,44,60+,0.0031271321355469638
FCAOT 2019-A,2022-11-30,45,60+,0.0026969981238273923
FCAOT 2019-A,2022-12-31,46,60+,0.0027816411682892906
FCAOT 2019-A,2023-01-31,47,60+,0.0029513343799058085
FCAOT 2019-B,2019-05-31,0,60+,0.0
FCAOT 2019-B,2020-08-31,15,60+,0.0018789928598271326
FCAOT 2019-B,2020-09-30,16,60+,0.0017968683152220417
FCAOT 2019-B,2020-10-31,17,60+,0.0020568927789934356
FCAOT 2019-B,2020-11-30,18,60+,0.0021426658334077315
FCAOT 2019-B,2020-12-31,19,60+,0.0024685714285714285
FCAOT 2019-B,2021-01-31,20,60+,0.002152550304164717
FCAOT 2019-B,2021-02-28,21,60+,0.00186219739292365
FCAOT 2019-B,2021-03-31,22,60+,0.001529429177561794
FCAOT 2019-B,2021-04-30,23,60+,0.0019271731412922202
FCAOT 2019-B,2021-05-31,24,60+,0.0017721255081830502
FCAOT 2019-B,2021-06-30,25,60+,0.0020973379940844314
FCAOT 2019-B,2021-07-31,26,60+,0.0018817799424396724
FCAOT 2019-B,2021-08-31,27,60+,0.0023886708752772563
FCAOT 2019-B,2021-09-30,28,60+,0.0024646440936564756
FCAOT 2019-B,2021-10-31,29,60+,0.0018076644974692696
FCAOT 2019-B,2021-11-30,30,60+,0.0021686597682632133
FCAOT 2019-B,2021-12-31,31,60+,0.0026756705102885902
FCAOT 2019-B,2022-01-31,32,60+,0.002742230347349177
FCAOT 2019-B,2022-02-28,33,60+,0.002216252518468771
FCAOT 2019-B,2022-03-31,34,60+,0.0022807381297947336
FCAOT 2019-B,2022-04-30,35,60+,0.002274665908444697
FCAOT 2019-B,2022-05-31,36,60+,0.003291398478642481
FCAOT 2019-B,2022-06-30,37,60+,0.0029274883651103437
FCAOT 2019-B,2022-07-31,38,60+,0.002008032128514056
FCAOT 2019-B,2022-08-31,39,60+,0.002554482318192704
FCAOT 2019-B,2022-09-30,40,60+,0.0028782894736842104
FCAOT 2019-B,2022-10-31,41,60+,0.0033932813030200203
FCAOT 2019-B,2022-11-30,42,60+,0.003484927687750479
FCAOT 2019-B,2022-12-31,43,60+,0.0033327328409295622
FCAOT 2019-B,2023-01-31,44,60+,0.0037460198539052258
FCAOT 2019-B,2023-02-28,45,60+,0.0035985216883874733
FCAOT 2019-B,2023-03-31,46,60+,0.0025393600812595226
FCAOT 2019-C,2019-10-31,0,60+,0.0
FCAOT 2019-C,2020-08-31,10,60+,0.0011842523323994107
FCAOT 2019-C,2020-09-30,11,60+,0.0011862748005575493
FCAOT 2019-C,2020-10-31,12,60+,0.0010296477998849218
FCAOT 2019-C,2020-11-30,13,60+,0.0010510046367851623
FCAOT 2019-C,2020-12-31,14,60+,0.00130034887408817
FCAOT 2019-C,2021-01-31,15,60+,0.0012667272963492269
FCAOT 2019-C,2021-02-28,16,60+,0.0009609967856314412
FCAOT 2019-C,2021-03-31,17,60+,0.0007170172084130019
FCAOT 2019-C,2021-04-30,18,60+,0.0010178295661940194
FCAOT 2019-C,2021-05-31,19,60+,0.0008642419877565718
FCAOT 2019-C,2021-06-30,20,60+,0.0010783876245723635
FCAOT 2019-C,2021-07-31,21,60+,0.0009589934404848671
FCAOT 2019-C,2021-08-31,22,60+,0.00107053645771381
FCAOT 2019-C,2021-09-30,23,60+,0.0011456159731598544
FCAOT 2019-C,2021-10-31,24,60+,0.001091382277630861
FCAOT 2019-C,2021-11-30,25,60+,0.001292156609381057
FCAOT 2019-C,2021-12-31,26,60+,0.0015018994610831345
FCAOT 2019-C,2022-01-31,27,60+,0.0019473755717585254
FCAOT 2019-C,2022-02-28,28,60+,0.001810837163950411
FCAOT 2019-C,2022-03-31,29,60+,0.0015728516276631238
FCAOT 2019-C,2022-04-30,30,60+,0.0018611941029534212
FCAOT 2019-C,2022-05-31,31,60+,0.002211388651555511
FCAOT 2019-C,2022-06-30,32,60+,0.001961391555693197
FCAOT 2019-C,2022-07-31,33,60+,0.0021201038850903694
FCAOT 2019-C,2022-08-31,34,60+,0.0014201441992571554
FCAOT 2019-C,2022-09-30,35,60+,0.0018004838800427614
FCAOT 2019-C,2022-10-31,36,60+,0.0026029615918556222
FCAOT 2019-C,2022-11-30,37,60+,0.0027815588566017634
FCAOT 2019-C,2022-12-31,38,60+,0.0024299860275803415
FCAOT 2019-C,2023-01-31,39,60+,0.002937132858392701
FCAOT 2019-C,2023-02-28,40,60+,0.0020552344251766217
FCAOT 2019-C,2023-03-31,41,60+,0.0023243458626643647
FCAOT 2019-C,2023-04-30,42,60+,0.0022553307818480046
FCAOT 2019-C,2023-05-31,43,60+,0.003320616080259997
FCAOT 2019-C,2023-06-30,44,60+,0.002349313559944204
FCAOT 2019-C,2023-07-31,45,60+,0.0035850495804729213
FCAOT 2019-C,2023-08-31,46,60+,0.004048261628829973
FCAOT 2020-A,2020-08-31,0,60+,0.0005714052487653565
FCAOT 2020-A,2020-09-30,1,60+,0.0008378016085790885
FCAOT 2020-A,2020-10-31,2,60+,0.0006856359273225917
FCAOT 2020-A,2020-11-30,3,60+,0.0007881600840704089
FCAOT 2020-A,2020-12-31,4,60+,0.000942253331538565
FCAOT 2020-A,2021-01-31,5,60+,0.0005063524212852145
FCAOT 2020-A,2021-02-28,6,60+,0.0005650249552688577
FCAOT 2020-A,2021-03-31,7,60+,0.0005852516582130316
FCAOT 2020-A,2021-04-30,8,60+,0.00045219313671305834
FCAOT 2020-A,2021-05-31,9,60+,0.0005667765869744435
FCAOT 2020-A,2021-06-30,10,60+,0.0009591303884478073
FCAOT 2020-A,2021-07-31,11,60+,0.0007161350740924365
FCAOT 2020-A,2021-08-31,12,60+,0.0009727626459143969
FCAOT 2020-A,2021-09-30,13,60+,0.00047559598121395876
FCAOT 2020-A,2021-10-31,14,60+,0.0005491488193300384
FCAOT 2020-A,2021-11-30,15,60+,0.000815814245371823
FCAOT 2020-A,2021-12-31,16,60+,0.0014802419873857638
FCAOT 2020-A,2022-01-31,17,60+,0.001121593982978162
FCAOT 2020-A,2022-02-28,18,60+,0.001014267360876327
FCAOT 2020-A,2022-03-31,19,60+,0.0007667108106224297
FCAOT 2020-A,2022-04-30,20,60+,0.0012147195426938193
FCAOT 2020-A,2022-05-31,21,60+,0.0015384615384615385
FCAOT 2020-A,2022-06-30,22,60+,0.0018846588767433095
FCAOT 2020-A,2022-07-31,23,60+,0.0016246325235958533
FCAOT 2020-A,2022-08-31,24,60+,0.0011142061281337048
FCAOT 2020-A,2022-09-30,25,60+,0.0013948145717098785
FCAOT 2020-A,2022-10-31,26,60+,0.0014289316634445658
FCAOT 2020-A,2022-11-30,27,60+,0.0016342680199552726
FCAOT 2020-A,2022-12-31,28,60+,0.0020310844224655598
FCAOT 2020-A,2023-01-31,29,60+,0.0015475648611743287
FCAOT 2020-A,2023-02-28,30,60+,0.001786721835621591
FCAOT 2020-A,2023-03-31,31,60+,0.0017470639619528293
FCAOT 2020-A,2023-04-30,32,60+,0.002090800477897252
FCAOT 2020-A,2023-05-31,33,60+,0.0025704297758585236
FCAOT 2020-A,2023-06-30,34,60+,0.0013801889797218389
FCAOT 2020-A,2023-07-31,35,60+,0.002188662727073758
FCAOT 2020-A,2023-08-31,36,60+,0.0020459195271652648
FCAOT 2020-A,2023-09-30,37,60+,0.001295184269398328
FCAOT 2020-A,2023-10-31,38,60+,0.0017121193591781826
FCAOT 2020-A,2023-11-30,39,60+,0.0026748184944593045
FCAOT 2020-A,2023-12-31,40,60+,0.003050397877984085
FCAOT 2020-B,2020-05-31,0,60+,0.0
FCAOT 2020-B,2020-06-30,1,60+,1.5866216066130387e-05
FCAOT 2020-B,2020-07-31,2,60+,0.00016351625351559946
FCAOT 2020-B,2020-08-31,3,60+,0.0003530420456264815
FCAOT 2020-B,2020-09-30,4,60+,0.0004317491019618679
FCAOT 2020-B,2020-10-31,5,60+,0.0005310580446442796
FCAOT 2020-B,2020-11-30,6,60+,0.0007776752934367823
FCAOT 2020-B,2020-12-31,7,60+,0.0006486646774283226
FCAOT 2020-B,2021-01-31,8,60+,0.0006073258682862023
FCAOT 2020-B,2021-02-28,9,60+,0.0008722451590393673
FCAOT 2020-B,2021-03-31,10,60+,0.0005401620486145844
FCAOT 2020-B,2021-04-30,11,60+,0.0006376501563271351
FCAOT 2020-B,2021-05-31,12,60+,0.0006329380986539516
FCAOT 2020-B,2021-06-30,13,60+,0.0008048902521264331
FCAOT 2020-B,2021-07-31,14,60+,0.0008736167734420501
FCAOT 2020-B,2021-08-31,15,60+,0.0009035307200444815
FCAOT 2020-B,2021-09-30,16,60+,0.0010553836559449282
FCAOT 2020-B,2021-10-31,17,60+,0.0011560693641618498
FCAOT 2020-B,2021-11-30,18,60+,0.0013877324451845685
FCAOT 2020-B,2021-12-31,19,60+,0.0012186268409043767
FCAOT 2020-B,2022-01-31,20,60+,0.0014323607427055704
FCAOT 2020-B,2022-02-28,21,60+,0.0012760296473271252
FCAOT 2020-B,2022-03-31,22,60+,0.0009761267291387774
FCAOT 2020-B,2022-04-30,23,60+,0.001226503893436778
FCAOT 2020-B,2022-05-31,24,60+,0.0015461361183231716
FCAOT 2020-B,2022-06-30,25,60+,0.0016761448668063453
FCAOT 2020-B,2022-07-31,26,60+,0.001499663340882659
FCAOT 2020-B,2022-08-31,27,60+,0.0015740594994490791
FCAOT 2020-B,2022-09-30,28,60+,0.0019052539800432718
FCAOT 2020-B,2022-10-31,29,60+,0.0018867924528301887
FCAOT 2020-B,2022-11-30,30,60+,0.002440347071583514
FCAOT 2020-B,2022-12-31,31,60+,0.002323887482223995
FCAOT 2020-B,2023-01-31,32,60+,0.00249500998003992
FCAOT 2020-B,2023-02-28,33,60+,0.0019412497252948501
FCAOT 2020-B,2023-03-31,34,60+,0.0016287878787878789
FCAOT 2020-B,2023-04-30,35,60+,0.0022962559352377987
FCAOT 2020-B,2023-05-31,36,60+,0.0024892600473762397
FCAOT 2020-B,2023-06-30,37,60+,0.0025274497617567846
FCAOT 2020-B,2023-07-31,38,60+,0.0026474230325803836
FCAOT 2020-B,2023-08-31,39,60+,0.0024277201500772457
FCAOT 2020-B,2023-09-30,40,60+,0.002645140694121403
FCAOT 2020-B,2023-10-31,41,60+,0.00311115301216178
FCAOT 2020-B,2023-11-30,42,60+,0.0034043380994066724
FCAOT 2020-B,2023-12-31,43,60+,0.003478874659675305
FCAOT 2020-B,2024-01-31,44,60+,0.003462204270051933
FCAOT 2020-B,2024-02-29,45,60+,0.0023897458179448186
FCAOT 2020-C,2020-11-30,0,60+,0.00011179429849077697
FCAOT 2020-C,2020-12-31,1,60+,0.00034160783420633114
FCAOT 2020-C,2021-01-31,2,60+,0.0005798950389979414
FCAOT 2020-C,2021-02-28,3,60+,0.0006486231499498791
FCAOT 2020-C,2021-03-31,4,60+,0.00042280744141096884
FCAOT 2020-C,2021-04-30,5,60+,0.0004320054309254174
FCAOT 2020-C,2021-05-31,6,60+,0.00031446540880503143
FCAOT 2020-C,2021-06-30,7,60+,0.0007427501130271912
FCAOT 2020-C,2021-07-31,8,60+,0.0004301359891473381
FCAOT 2020-C,2021-08-31,9,60+,0.0006116000135911114
FCAOT 2020-C,2021-09-30,10,60+,0.000453974018717698
FCAOT 2020-C,2021-10-31,11,60+,0.0006060606060606061
FCAOT 2020-C,2021-11-30,12,60+,0.0008019538512011082
FCAOT 2020-C,2021-12-31,13,60+,0.0008929568032146445
FCAOT 2020-C,2022-01-31,14,60+,0.0010622154779969652
FCAOT 2020-C,2022-02-28,15,60+,0.0009659969088098918
FCAOT 2020-C,2022-03-31,16,60+,0.0007108723984044864
FCAOT 2020-C,2022-04-30,17,60+,0.0014517299782240503
FCAOT 2020-C,2022-05-31,18,60+,0.000989405120171497
FCAOT 2020-C,2022-06-30,19,60+,0.0011373209772535804
FCAOT 2020-C,2022-07-31,20,60+,0.0011610406364222748
FCAOT 2020-C,2022-08-31,21,60+,0.0015855538427659106
FCAOT 2020-C,2022-09-30,22,60+,0.0014387195396097473
FCAOT 2020-C,2022-10-31,23,60+,0.0014633923263364889
FCAOT 2020-C,2022-11-30,24,60+,0.0016272258124506022
FCAOT 2020-C,2022-12-31,25,60+,0.0020312721432283057
FCAOT 2020-C,2023-01-31,26,60+,0.0020665128796616685
FCAOT 2020-C,2023-02-28,27,60+,0.001959919643294625
FCAOT 2020-C,2023-03-31,28,60+,0.0019565544574323985
FCAOT 2020-C,2023-04-30,29,60+,0.0014811031664964248
FCAOT 2020-C,2023-05-31,30,60+,0.002141439465162436
FCAOT 2020-C,2023-06-30,31,60+,0.0021373230029388193
FCAOT 2020-C,2023-07-31,32,60+,0.0022448532632501094
FCAOT 2020-C,2023-08-31,33,60+,0.002584560062928419
FCAOT 2020-C,2023-09-30,34,60+,0.0029415157457607565
FCAOT 2020-C,2023-10-31,35,60+,0.0029547334830398297
FCAOT 2020-C,2023-11-30,36,60+,0.0030856727976766697
FCAOT 2020-C,2023-12-31,37,60+,0.0034619188921859545
FCAOT 2020-C,2024-01-31,38,60+,0.0034847620857885067
FCAOT 2020-C,2024-02-29,39,60+,0.0032358270774009838
FCAOT 2020-C,2024-03-31,40,60+,0.003250630224227146
FCAOT 2020-C,2024-04-30,41,60+,0.0033362837883842856
FCAOT 2020-C,2024-05-31,42,60+,0.002724414949353825
FCAOT 2020-C,2024-06-30,43,60+,0.00381294964028777
FCAOT 2020-C,2024-07-31,44,60+,0.004309384055278995
FCAOT 2020-C,2024-08-31,45,60+,0.003926096997690531
FCAOT 2020-C,2024-09-30,46,60+,0.004939451880178458
FCAOT 2020-C,2024-10-31,47,60+,0.004533465215957797
FCAOT 2020-C,2024-11-30,48,60+,0.005081731176420768
FCAOT 2020-C,2024-12-31,49,60+,0.004917456972251493
FCAOT 2021-A,2021-02-28,0,60+,0.0
FCAOT 2021-A,2021-03-31,1,60+,0.0002300304790384726
FCAOT 2021-A,2021-04-30,2,60+,0.00029433406916850625
FCAOT 2021-A,2021-05-31,3,60+,0.00033068783068783067
FCAOT 2021-A,2021-06-30,4,60+,0.00037040466709880546
FCAOT 2021-A,2021-07-31,5,60+,0.0003796026825256232
FCAOT 2021-A,2021-08-31,6,60+,0.0007146337502030209
FCAOT 2021-A,2021-09-30,7,60+,0.0006364093116730865
FCAOT 2021-A,2021-10-31,8,60+,0.0007193505292364608
FCAOT 2021-A,2021-11-30,9,60+,0.0009821115398105928
FCAOT 2021-A,2021-12-31,10,60+,0.0007180039490217197
FCAOT 2021-A,2022-01-31,11,60+,0.001247523299332208
FCAOT 2021-A,2022-02-28,12,60+,0.0007117171111777046
FCAOT 2021-A,2022-03-31,13,60+,0.0009601720628336597
FCAOT 2021-A,2022-04-30,14,60+,0.001138281587314048
FCAOT 2021-A,2022-05-31,15,60+,0.0014043816708129364
FCAOT 2021-A,2022-06-30,16,60+,0.0015998687287196948
FCAOT 2021-A,2022-07-31,17,60+,0.001719077568134172
FCAOT 2021-A,2022-08-31,18,60+,0.0016387080081072922
FCAOT 2021-A,2022-09-30,19,60+,0.0012398157987956076
FCAOT 2021-A,2022-10-31,20,60+,0.0014011299435028248
FCAOT 2021-A,2022-11-30,21,60+,0.0016544877981524886
FCAOT 2021-A,2022-12-31,22,60+,0.0017748715553479683
FCAOT 2021-A,2023-01-31,23,60+,0.0019482988025090286
FCAOT 2021-A,2023-02-28,24,60+,0.001690984636196734
FCAOT 2021-A,2023-03-31,25,60+,0.00207131232430833
FCAOT 2021-A,2023-04-30,26,60+,0.0020566842237271133
FCAOT 2021-A,2023-05-31,27,60+,0.002152852529601722
FCAOT 2021-A,2023-06-30,28,60+,0.0024162201911965544
FCAOT 2021-A,2023-07-31,29,60+,0.002361021678471775
FCAOT 2021-A,2023-08-31,30,60+,0.002695566068874464
FCAOT 2021-A,2023-09-30,31,60+,0.0023688663282571912
FCAOT 2021-A,2023-10-31,32,60+,0.0026001040041601664
FCAOT 2021-A,2023-11-30,33,60+,0.0034272883058559358
FCAOT 2021-A,2023-12-31,34,60+,0.0032041593615863614
FCAOT 2021-A,2024-01-31,35,60+,0.003783649671256668
FCAOT 2021-A,2024-02-29,36,60+,0.002913420735955412
FCAOT 2021-A,2024-03-31,37,60+,0.002908479834539814
FCAOT 2021-A,2024-04-30,38,60+,0.0029783572705010257
FCAOT 2021-A,2024-05-31,39,60+,0.003257771141577304
FCAOT 2021-A,2024-06-30,40,60+,0.003536509257333056
FCAOT 2021-A,2024-07-31,41,60+,0.0037174721189591076
FCAOT 2021-A,2024-08-31,42,60+,0.003907978174310573
FCAOT 2021-A,2024-09-30,43,60+,0.004637020144431775
FCAOT 2021-A,2024-10-31,44,60+,0.004017962656582368
FCAOT 2021-A,2024-11-30,45,60+,0.004301948051948052
FCAOT 2021-A,2024-12-31,46,60+,0.0044515370401478245
FCAOT 2021-A,2025-01-31,47,60+,0.005044355540093929
FCAOT 2021-A,2025-02-28,48,60+,0.004205063970654022
FCAOT 2022-A,2022-01-31,0,60+,3.423250718882651e-05
FCAOT 2022-A,2022-02-28,1,60+,0.00017451397856968343
FCAOT 2022-A,2022-03-31,2,60+,0.00014270424545130217
FCAOT 2022-A,2022-04-30,3,60+,0.0006188118811881188
FCAOT 2022-A,2022-05-31,4,60+,0.0006331706953704049
FCAOT 2022-A,2022-06-30,5,60+,0.00076309664619024
FCAOT 2022-A,2022-07-31,6,60+,0.000740827387218778
FCAOT 2022-A,2022-08-31,7,60+,0.0010391686650679456
FCAOT 2022-A,2022-09-30,8,60+,0.0009015654454552905
FCAOT 2022-A,2022-10-31,9,60+,0.0008368550985396879
FCAOT 2022-A,2022-11-30,10,60+,0.0013635588886995057
FCAOT 2022-A,2022-12-31,11,60+,0.0014719889167893324
FCAOT 2022-A,2023-01-31,12,60+,0.0018951079770824152
FCAOT 2022-A,2023-02-28,13,60+,0.0011691698893785412
FCAOT 2022-A,2023-03-31,14,60+,0.0010586881472957421
FCAOT 2022-A,2023-04-30,15,60+,0.0015471167369901547
FCAOT 2022-A,2023-05-31,16,60+,0.0016722408026755853
FCAOT 2022-A,2023-06-30,17,60+,0.0014136687140489422
FCAOT 2022-A,2023-07-31,18,60+,0.0018428130291861739
FCAOT 2022-A,2023-08-31,19,60+,0.0017886345053147997
FCAOT 2022-A,2023-09-30,20,60+,0.0022976501305483027
FCAOT 2022-A,2023-10-31,21,60+,0.0016014519831313724
FCAOT 2022-A,2023-11-30,22,60+,0.001633453119895459
FCAOT 2022-A,2023-12-31,23,60+,0.002441460437243369
FCAOT 2022-A,2024-01-31,24,60+,0.0023812223608118835
FCAOT 2022-A,2024-02-29,25,60+,0.0022574670062514473
FCAOT 2022-A,2024-03-31,26,60+,0.0016577856719952634
FCAOT 2022-A,2024-04-30,27,60+,0.0014576374126935925
FCAOT 2022-A,2024-05-31,28,60+,0.0014939309056956115
FCAOT 2022-A,2024-06-30,29,60+,0.0017844624306927537
FCAOT 2022-A,2024-07-31,30,60+,0.0019023878247179217
FCAOT 2022-A,2024-08-31,31,60+,0.0018249408583981075
FCAOT 2022-A,2024-09-30,32,60+,0.002586869887436202
FCAOT 2022-A,2024-10-31,33,60+,0.0026073730716303324
FCAOT 2022-A,2024-11-30,34,60+,0.0034312994181709684
FCAOT 2022-A,2024-12-31,35,60+,0.0033122785395162534
FCAOT 2022-A,2025-01-31,36,60+,0.003328842038519458
FCAOT 2022-A,2025-02-28,37,60+,0.0029223151229807614
FCAOT 2022-A,2025-03-31,38,60+,0.0029227557411273487
FCAOT 2022-A,2025-04-30,39,60+,0.003271068262029784
FCAOT 2022-A,2025-05-31,40,60+,0.002313784818011925
FCAOT 2022-A,2025-06-30,41,60+,0.0034057437407952872
FCAOT 2022-A,2025-07-31,42,60+,0.0032520325203252032
FCAOT 2022-A,2025-08-31,43,60+,0.0031545741324921135
FCAOT 2022-A,2025-09-30,44,60+,0.003179161111680853
FCAOT 2022-A,2025-10-31,45,60+,0.0028898640693567376
FCAOT 2022-A,2025-11-30,46,60+,0.004015616285554936
FCAOT 2022-B,2022-06-30,0,60+,0.00010063737001006373
FCAOT 2022-B,2022-07-31,1,60+,0.00013701914842599252
FCAOT 2022-B,2022-08-31,2,60+,0.0003513950383020592
FCAOT 2022-B,2022-09-30,3,60+,0.0002517895039746772
FCAOT 2022-B,2022-10-31,4,60+,0.0006238074269778365
FCAOT 2022-B,2022-11-30,5,60+,0.0011216630524190532
FCAOT 2022-B,2022-12-31,6,60+,0.0008379356313083222
FCAOT 2022-B,2023-01-31,7,60+,0.0009343975082733112
FCAOT 2022-B,2023-02-28,8,60+,0.000795291872117067
FCAOT 2022-B,2023-03-31,9,60+,0.0005711954304365566
FCAOT 2022-B,2023-04-30,10,60+,0.001041493084485919
FCAOT 2022-B,2023-05-31,11,60+,0.0013211165565736203
FCAOT 2022-B,2023-06-30,12,60+,0.0010462531060639086
FCAOT 2022-B,2023-07-31,13,60+,0.001694310683074728
FCAOT 2022-B,2023-08-31,14,60+,0.0016911966358899352
FCAOT 2022-B,2023-09-30,15,60+,0.0015444376842794964
FCAOT 2022-B,2023-10-31,16,60+,0.0015793251974156497
FCAOT 2022-B,2023-11-30,17,60+,0.001664626682986536
FCAOT 2022-B,2023-12-31,18,60+,0.001801441152922338
FCAOT 2022-B,2024-01-31,19,60+,0.0022014027543132133
FCAOT 2022-B,2024-02-29,20,60+,0.0023552810635402493
FCAOT 2022-B,2024-03-31,21,60+,0.0017167381974248926
FCAOT 2022-B,2024-04-30,22,60+,0.0019779133014669525
FCAOT 2022-B,2024-05-31,23,60+,0.00219483369913895
FCAOT 2022-B,2024-06-30,24,60+,0.001670699389330568
FCAOT 2022-B,2024-07-31,25,60+,0.002139418791228383
FCAOT 2022-B,2024-08-31,26,60+,0.0019017238206245016
FCAOT 2022-B,2024-09-30,27,60+,0.003286770747740345
FCAOT 2022-B,2024-10-31,28,60+,0.0031350009796878063
FCAOT 2022-B,2024-11-30,29,60+,0.0026887141224709284
FCAOT 2022-B,2024-12-31,30,60+,0.002771234585007621
FCAOT 2022-B,2025-01-31,31,60+,0.003288768141846
FCAOT 2022-B,2025-02-28,32,60+,0.002881844380403458
FCAOT 2022-B,2025-03-31,33,60+,0.002674409719569038
FCAOT 2022-B,2025-04-30,34,60+,0.002864417568427753
FCAOT 2022-B,2025-05-31,35,60+,0.002149648615130219
FCAOT 2022-B,2025-06-30,36,60+,0.002983547864632171
FCAOT 2022-B,2025-07-31,37,60+,0.0034388501895776385
FCAOT 2022-B,2025-08-31,38,60+,0.0039183524694733005
FCAOT 2022-B,2025-09-30,39,60+,0.003874137768118681
FCAOT 2022-B,2025-10-31,40,60+,0.0030407062285434036
FCAOT 2022-B,2025-11-30,41,60+,0.003353317752260949
FCAOT 2022-B,2025-12-31,42,60+,0.004768464554413479
FCAOT 2022-B,2026-01-31,43,60+,0.0041965764770844835
FCAOT 2022-B,2026-02-28,44,60+,0.0036790066681995862
FCAOT 2022-C,2022-09-30,0,60+,2.2859755400617213e-05
FCAOT 2022-C,2022-10-31,1,60+,0.0004432934369240102
FCAOT 2022-C,2022-11-30,2,60+,0.0007593915375305536
FCAOT 2022-C,2022-12-31,3,60+,0.0008213750785137943
FCAOT 2022-C,2023-01-31,4,60+,0.0011822951304219316
FCAOT 2022-C,2023-02-28,5,60+,0.0007781319812244284
FCAOT 2022-C,2023-03-31,6,60+,0.0007707129094412332
FCAOT 2022-C,2023-04-30,7,60+,0.0009689922480620155
FCAOT 2022-C,2023-05-31,8,60+,0.0011225144323284157
FCAOT 2022-C,2023-06-30,9,60+,0.001340042662582727
FCAOT 2022-C,2023-07-31,10,60+,0.0013122260379149567
FCAOT 2022-C,2023-08-31,11,60+,0.0013996400925476305
FCAOT 2022-C,2023-09-30,12,60+,0.001488746825466328
FCAOT 2022-C,2023-10-31,13,60+,0.0016952177016416846
FCAOT 2022-C,2023-11-30,14,60+,0.002032273719970881
FCAOT 2022-C,2023-12-31,15,60+,0.0022619527158925417
FCAOT 2022-C,2024-01-31,16,60+,0.0025366224871583485
FCAOT 2022-C,2024-02-29,17,60+,0.0018114184053048682
FCAOT 2022-C,2024-03-31,18,60+,0.002082025182590304
FCAOT 2022-C,2024-04-30,19,60+,0.0021683889547687617
FCAOT 2022-C,2024-05-31,20,60+,0.0024622854170279177
FCAOT 2022-C,2024-06-30,21,60+,0.0024116896013618955
FCAOT 2022-C,2024-07-31,22,60+,0.002481480129912783
FCAOT 2022-C,2024-08-31,23,60+,0.0025148262142481795
FCAOT 2022-C,2024-09-30,24,60+,0.0025493452817799064
FCAOT 2022-C,2024-10-31,25,60+,0.002350597609561753
FCAOT 2022-C,2024-11-30,26,60+,0.0029850746268656717
FCAOT 2022-C,2024-12-31,27,60+,0.0034076567101388303
FCAOT 2022-C,2025-01-31,28,60+,0.0029896013864818024
FCAOT 2022-C,2025-02-28,29,60+,0.0025460067893514383
FCAOT 2022-C,2025-03-31,30,60+,0.002682701202590194
FCAOT 2022-C,2025-04-30,31,60+,0.003127104782064851
FCAOT 2022-C,2025-05-31,32,60+,0.0030976767424431674
FCAOT 2022-C,2025-06-30,33,60+,0.003900358833012637
FCAOT 2022-C,2025-07-31,34,60+,0.0043952466221715775
FCAOT 2022-C,2025-08-31,35,60+,0.0036661026508742244
FCAOT 2022-C,2025-09-30,36,60+,0.0034989503149055285
FCAOT 2022-C,2025-10-31,37,60+,0.0036201279111861954
FCAOT 2022-C,2025-11-30,38,60+,0.003796838043072327
FCAOT 2022-C,2025-12-31,39,60+,0.004010868158882132
FCAOT 2022-C,2026-01-31,40,60+,0.003947016323253947
FCAOT 2022-C,2026-02-28,41,60+,0.0035411748368282185
FCAOT 2022-D,2022-11-30,0,60+,5.453454763592736e-05
FCAOT 2022-D,2022-12-31,1,60+,0.00030609121518212427
FCAOT 2022-D,2023-01-31,2,60+,0.0006821088532044905
FCAOT 2022-D,2023-02-28,3,60+,0.000725689404934688
FCAOT 2022-D,2023-03-31,4,60+,0.0005945479948868872
FCAOT 2022-D,2023-04-30,5,60+,0.0007288187063467963
FCAOT 2022-D,2023-05-31,6,60+,0.0009328938366813857
FCAOT 2022-D,2023-06-30,7,60+,0.0008908119114278443
FCAOT 2022-D,2023-07-31,8,60+,0.0010750936634631048
FCAOT 2022-D,2023-08-31,9,60+,0.0015701733872314837
FCAOT 2022-D,2023-09-30,10,60+,0.0015045306890066677
FCAOT 2022-D,2023-10-31,11,60+,0.0017451397856968344
FCAOT 2022-D,2023-11-30,12,60+,0.002248474249616332
FCAOT 2022-D,2023-12-31,13,60+,0.0020426028596440037
FCAOT 2022-D,2024-01-31,14,60+,0.002203054404241813
FCAOT 2022-D,2024-02-29,15,60+,0.0016800305460099275
FCAOT 2022-D,2024-03-31,16,60+,0.0014466687519549578
FCAOT 2022-D,2024-04-30,17,60+,0.0022474615724204358
FCAOT 2022-D,2024-05-31,18,60+,0.002138333744551361
FCAOT 2022-D,2024-06-30,19,60+,0.0024805549716207694
FCAOT 2022-D,2024-07-31,20,60+,0.0027699632114260983
FCAOT 2022-D,2024-08-31,21,60+,0.0025955428264566364
FCAOT 2022-D,2024-09-30,22,60+,0.0029542097488921715
FCAOT 2022-D,2024-10-31,23,60+,0.0033249418135182633
FCAOT 2022-D,2024-11-30,24,60+,0.0042422469280280865
FCAOT 2022-D,2024-12-31,25,60+,0.0034548367714800723
FCAOT 2022-D,2025-01-31,26,60+,0.0034472113603622144
FCAOT 2022-D,2025-02-28,27,60+,0.003065215093541909
FCAOT 2022-D,2025-03-31,28,60+,0.0031692257253701983
FCAOT 2022-D,2025-04-30,29,60+,0.003957932828225715
FCAOT 2022-D,2025-05-31,30,60+,0.0037464145641866184
FCAOT 2022-D,2025-06-30,31,60+,0.0041863851474335636
FCAOT 2022-D,2025-07-31,32,60+,0.003979533826037522
FCAOT 2022-D,2025-08-31,33,60+,0.004341248437808328
FCAOT 2022-D,2025-09-30,34,60+,0.004127115146512587
FCAOT 2022-D,2025-10-31,35,60+,0.004236983842010772
FCAOT 2022-D,2025-11-30,36,60+,0.004138338752586462
FCAOT 2022-D,2025-12-31,37,60+,0.005
FCAOT 2022-D,2026-01-31,38,60+,0.005324221233312143
FCAOT 2022-D,2026-02-28,39,60+,0.004348182787759456
FCAOT 2023-A,2023-03-31,0,60+,7.647598654022637e-05
FCAOT 2023-A,2023-04-30,1,60+,0.0006490134994807892
FCAOT 2023-A,2023-05-31,2,60+,0.0007690267833465924
FCAOT 2023-A,2023-06-30,3,60+,0.0005958507123124424
FCAOT 2023-A,2023-07-31,4,60+,0.0009401874844454277
FCAOT 2023-A,2023-08-31,5,60+,0.0012458942122550686
FCAOT 2023-A,2023-09-30,6,60+,0.0008969647868985272
FCAOT 2023-A,2023-10-31,7,60+,0.000945291267871913
FCAOT 2023-A,2023-11-30,8,60+,0.0015662178850034637
FCAOT 2023-A,2023-12-31,9,60+,0.0018129301868239922
FCAOT 2023-A,2024-01-31,10,60+,0.0022645069979556533
FCAOT 2023-A,2024-02-29,11,60+,0.0016362936344969199
FCAOT 2023-A,2024-03-31,12,60+,0.0020007871949619524
FCAOT 2023-A,2024-04-30,13,60+,0.0019438300154165828
FCAOT 2023-A,2024-05-31,14,60+,0.001816063596491228
FCAOT 2023-A,2024-06-30,15,60+,0.001748740906547286
FCAOT 2023-A,2024-07-31,16,60+,0.002152389151958674
FCAOT 2023-A,2024-08-31,17,60+,0.002290781452059856
FCAOT 2023-A,2024-09-30,18,60+,0.002660484208125879
FCAOT 2023-A,2024-10-31,19,60+,0.00265625
FCAOT 2023-A,2024-11-30,20,60+,0.0023992322456813818
FCAOT 2023-A,2024-12-31,21,60+,0.002504310698743739
FCAOT 2023-A,2025-01-31,22,60+,0.0026974626991486134
FCAOT 2023-A,2025-02-28,23,60+,0.0019451048195374973
FCAOT 2023-A,2025-03-31,24,60+,0.001554243083618278
FCAOT 2023-A,2025-04-30,25,60+,0.002101320177241789
FCAOT 2023-A,2025-05-31,26,60+,0.002584100732944935
FCAOT 2023-A,2025-06-30,27,60+,0.0029985007496251873
FCAOT 2023-A,2025-07-31,28,60+,0.0031009302790837253
FCAOT 2023-A,2025-08-31,29,60+,0.0023301574150787078
FCAOT 2023-A,2025-09-30,30,60+,0.002300080235357047
FCAOT 2023-A,2025-10-31,31,60+,0.0032159689492653174
FCAOT 2023-A,2025-11-30,32,60+,0.003670987725134794
FCAOT 2023-A,2025-12-31,33,60+,0.003595397890699904
FCAOT 2023-A,2026-01-31,34,60+,0.004146770545363157
FCAOT 2023-A,2026-02-28,35,60+,0.0036445563580942285
FCAOT 2023-B,2023-05-31,0,60+,0.0
FCAOT 2023-B,2023-06-30,1,60+,5.08931752252023e-05
FCAOT 2023-B,2023-07-31,2,60+,0.00038925652004671076
FCAOT 2023-B,2023-08-31,3,60+,0.0007426464737554041
FCAOT 2023-B,2023-09-30,4,60+,0.0008659883091578263
FCAOT 2023-B,2023-10-31,5,60+,0.0007739082365948038
FCAOT 2023-B,2023-11-30,6,60+,0.0012108923995381713
FCAOT 2023-B,2023-12-31,7,60+,0.0014673303219495354
FCAOT 2023-B,2024-01-31,8,60+,0.0020029455081001474
FCAOT 2023-B,2024-02-29,9,60+,0.0016840585811806453
FCAOT 2023-B,2024-03-31,10,60+,0.0015358152107138468
FCAOT 2023-B,2024-04-30,11,60+,0.0016949684547537588
FCAOT 2023-B,2024-05-31,12,60+,0.0019588953114964675
FCAOT 2023-B,2024-06-30,13,60+,0.0018699560396299455
FCAOT 2023-B,2024-07-31,14,60+,0.0018908698001080498
FCAOT 2023-B,2024-08-31,15,60+,0.0018119098226419038
FCAOT 2023-B,2024-09-30,16,60+,0.0019721036967980205
FCAOT 2023-B,2024-10-31,17,60+,0.0019933554817275745
FCAOT 2023-B,2024-11-30,18,60+,0.0021165620984201377
FCAOT 2023-B,2024-12-31,19,60+,0.0020241339042428963
FCAOT 2023-B,2025-01-31,20,60+,0.0024770275669196962
FCAOT 2023-B,2025-02-28,21,60+,0.002084951555537386
FCAOT 2023-B,2025-03-31,22,60+,0.0019335042663191962
FCAOT 2023-B,2025-04-30,23,60+,0.0019926359107645657
FCAOT 2023-B,2025-05-31,24,60+,0.0023657545864393162
FCAOT 2023-B,2025-06-30,25,60+,0.0035415325177076628
FCAOT 2023-B,2025-07-31,26,60+,0.0033273124821751117
FCAOT 2023-B,2025-08-31,27,60+,0.0026517383618149676
FCAOT 2023-B,2025-09-30,28,60+,0.0026448298662326434
FCAOT 2023-B,2025-10-31,29,60+,0.003108371529424161
FCAOT 2023-B,2025-11-30,30,60+,0.002930641484858352
FCAOT 2023-B,2025-12-31,31,60+,0.0033276931754089114
FCAOT 2023-B,2026-01-31,32,60+,0.0036930652441526466
FCAOT 2023-B,2026-02-28,33,60+,0.0026988897748880573
FCAOT 2023-C,2023-11-30,0,60+,2.9766334275933918e-05
FCAOT 2023-C,2023-12-31,1,60+,0.00039448928809856165
FCAOT 2023-C,2024-01-31,2,60+,0.0005889098967857918
FCAOT 2023-C,2024-02-29,3,60+,0.000536633100792323
FCAOT 2023-C,2024-03-31,4,60+,0.0007083749235277071
FCAOT 2023-C,2024-04-30,5,60+,0.0007558578987150416
FCAOT 2023-C,2024-05-31,6,60+,0.0010736093404012615
FCAOT 2023-C,2024-06-30,7,60+,0.0011293248006570616
FCAOT 2023-C,2024-07-31,8,60+,0.0012629806342969408
FCAOT 2023-C,2024-08-31,9,60+,0.0011147069399496585
FCAOT 2023-C,2024-09-30,10,60+,0.0014736764543344509
FCAOT 2023-C,2024-10-31,11,60+,0.0015085800490288515
FCAOT 2023-C,2024-11-30,12,60+,0.0016964182442071173
FCAOT 2023-C,2024-12-31,13,60+,0.001418495606603885
FCAOT 2023-C,2025-01-31,14,60+,0.002055042914131442
FCAOT 2023-C,2025-02-28,15,60+,0.0016469716309136576
FCAOT 2023-C,2025-03-31,16,60+,0.0014355683161628103
FCAOT 2023-C,2025-04-30,17,60+,0.0017751223102567433
FCAOT 2023-C,2025-05-31,18,60+,0.0014666014843784721
FCAOT 2023-C,2025-06-30,19,60+,0.00196078431372549
FCAOT 2023-C,2025-07-31,20,60+,0.0019277788226443483
FCAOT 2023-C,2025-08-31,21,60+,0.0018410852713178294
FCAOT 2023-C,2025-09-30,22,60+,0.001946884984025559
FCAOT 2023-C,2025-10-31,23,60+,0.0017471736896197327
FCAOT 2023-C,2025-11-30,24,60+,0.002897939828231203
FCAOT 2023-C,2025-12-31,25,60+,0.00261238706868401
FCAOT 2023-C,2026-01-31,26,60+,0.0025781863019840824
FCAOT 2023-C,2026-02-28,27,60+,0.003251088534107402
FCAOT 2024-A,2024-03-31,0,60+,0.0
FCAOT 2024-A,2024-04-30,1,60+,0.0003476214669625906
FCAOT 2024-A,2024-05-31,2,60+,0.0004910385465259023
FCAOT 2024-A,2024-06-30,3,60+,0.000693442804837457
FCAOT 2024-A,2024-07-31,4,60+,0.0007940784436062505
FCAOT 2024-A,2024-08-31,5,60+,0.0008135278052181998
FCAOT 2024-A,2024-09-30,6,60+,0.0008622740247383444
FCAOT 2024-A,2024-10-31,7,60+,0.0012159533073929961
FCAOT 2024-A,2024-11-30,8,60+,0.001209940123475941
FCAOT 2024-A,2024-12-31,9,60+,0.0012048574780430578
FCAOT 2024-A,2025-01-31,10,60+,0.0019073481395273657
FCAOT 2024-A,2025-02-28,11,60+,0.0012516056783373408
FCAOT 2024-A,2025-03-31,12,60+,0.0010433846050284406
FCAOT 2024-A,2025-04-30,13,60+,0.0014792390519109703
FCAOT 2024-A,2025-05-31,14,60+,0.0014447302582895802
FCAOT 2024-A,2025-06-30,15,60+,0.0019114252740911714
FCAOT 2024-A,2025-07-31,16,60+,0.0017386157659157325
FCAOT 2024-A,2025-08-31,17,60+,0.001632746051032807
FCAOT 2024-A,2025-09-30,18,60+,0.001872147899684075
FCAOT 2024-A,2025-10-31,19,60+,0.0016409189145921716
FCAOT 2024-A,2025-11-30,20,60+,0.0018422991893883567
FCAOT 2024-A,2025-12-31,21,60+,0.002528018875874273
FCAOT 2024-A,2026-01-31,22,60+,0.002592576589033401
FCAOT 2024-A,2026-02-28,23,60+,0.0017291832934291035
FCAOT 2024-B,2024-06-30,0,60+,0.0
FCAOT 2024-B,2024-07-31,1,60+,0.0003508854008280895
FCAOT 2024-B,2024-08-31,2,60+,0.0005501076297536474
FCAOT 2024-B,2024-09-30,3,60+,0.0005617154300786402
FCAOT 2024-B,2024-10-31,4,60+,0.0008477323160545541
FCAOT 2024-B,2024-11-30,5,60+,0.001167127597493213
FCAOT 2024-B,2024-12-31,6,60+,0.0013456860410951813
FCAOT 2024-B,2025-01-31,7,60+,0.001294139397300795
FCAOT 2024-B,2025-02-28,8,60+,0.0012640864957908608
FCAOT 2024-B,2025-03-31,9,60+,0.0009351449474668574
FCAOT 2024-B,2025-04-30,10,60+,0.0012921711284024833
FCAOT 2024-B,2025-05-31,11,60+,0.001405783796190039
FCAOT 2024-B,2025-06-30,12,60+,0.0017907468294974167
FCAOT 2024-B,2025-07-31,13,60+,0.0016549814942978364
FCAOT 2024-B,2025-08-31,14,60+,0.001171285022963351
FCAOT 2024-B,2025-09-30,15,60+,0.001390688706975568
FCAOT 2024-B,2025-10-31,16,60+,0.0012312477724135697
FCAOT 2024-B,2025-11-30,17,60+,0.0014600962336153973
FCAOT 2024-B,2025-12-31,18,60+,0.001977092991546223
FCAOT 2024-B,2026-01-31,19,60+,0.002066115702479339
FCAOT 2024-B,2026-02-28,20,60+,0.0016513497989661115
FCAOT 2024-C,2024-09-30,0,60+,2.8914269191846177e-05
FCAOT 2024-C,2024-10-31,1,60+,0.0003241682138331418
FCAOT 2024-C,2024-11-30,2,60+,0.0005986052497680404
FCAOT 2024-C,2024-12-31,3,60+,0.0006690590596679034
FCAOT 2024-C,2025-01-31,4,60+,0.0011144475745286815
FCAOT 2024-C,2025-02-28,5,60+,0.0010069542779823153
FCAOT 2024-C,2025-03-31,6,60+,0.0008660785886126704
FCAOT 2024-C,2025-04-30,7,60+,0.0008490627653321141
FCAOT 2024-C,2025-05-31,8,60+,0.0007332355685908546
FCAOT 2024-C,2025-06-30,9,60+,0.001191813940817925
FCAOT 2024-C,2025-07-31,10,60+,0.0014589412255106293
FCAOT 2024-C,2025-08-31,11,60+,0.0010633395952220608
FCAOT 2024-C,2025-09-30,12,60+,0.0014844853180781346
FCAOT 2024-C,2025-10-31,13,60+,0.0016269782576541932
FCAOT 2024-C,2025-11-30,14,60+,0.001506194223745152
FCAOT 2024-C,2025-12-31,15,60+,0.001350829795445774
FCAOT 2024-C,2026-01-31,16,60+,0.001775848460931334
FCAOT 2024-C,2026-02-28,17,60+,0.0015732784702892411
FCAOT 2024-D,2024-11-30,0,60+,0.0
FCAOT 2024-D,2024-12-31,1,60+,0.00033404190707561496
FCAOT 2024-D,2025-01-31,2,60+,0.0006788866259334691
FCAOT 2024-D,2025-02-28,3,60+,0.0008155071827363402
FCAOT 2024-D,2025-03-31,4,60+,0.0009897828863346106
FCAOT 2024-D,2025-04-30,5,60+,0.0011381373569198752
FCAOT 2024-D,2025-05-31,6,60+,0.0008949880668257757
FCAOT 2024-D,2025-06-30,7,60+,0.001180080245456691
FCAOT 2024-D,2025-07-31,8,60+,0.0012716961677264134
FCAOT 2024-D,2025-08-31,9,60+,0.0014717219146401289
FCAOT 2024-D,2025-09-30,10,60+,0.0016452662827712006
FCAOT 2024-D,2025-10-31,11,60+,0.0015315052508751458
FCAOT 2024-D,2025-11-30,12,60+,0.0018966158423205652
FCAOT 2024-D,2025-12-31,13,60+,0.0022441993153290225
FCAOT 2024-D,2026-01-31,14,60+,0.0019029126213592233
FCAOT 2024-D,2026-02-28,15,60+,0.001425234569856289
FCAOT 2025-A,2025-03-31,0,60+,5.6377730796335446e-05
FCAOT 2025-A,2025-04-30,1,60+,0.0003166287671627184
FCAOT 2025-A,2025-05-31,2,60+,0.0004998676820841542
FCAOT 2025-A,2025-06-30,3,60+,0.0004506940688660537
FCAOT 2025-A,2025-07-31,4,60+,0.0008308970610863209
FCAOT 2025-A,2025-08-31,5,60+,0.0008500456505997544
FCAOT 2025-A,2025-09-30,6,60+,0.0007425343018563357
FCAOT 2025-A,2025-10-31,7,60+,0.0011234469997356594
FCAOT 2025-A,2025-11-30,8,60+,0.001012692411558196
FCAOT 2025-A,2025-12-31,9,60+,0.001349574365007959
FCAOT 2025-A,2026-01-31,10,60+,0.0013109410430839003
FCAOT 2025-A,2026-02-28,11,60+,0.001413453174833285
FCAOT 2025-B,2025-09-30,0,60+,2.852090582396897e-05
FCAOT 2025-B,2025-10-31,1,60+,0.0002623218397505028
FCAOT 2025-B,2025-11-30,2,60+,0.0004456857618255289
FCAOT 2025-B,2025-12-31,3,60+,0.0011531225344419494
FCAOT 2025-B,2026-01-31,4,60+,0.001022970333860318
FCAOT 2025-B,2026-02-28,5,60+,0.0008842012189345375
FCAOT 2025-C,2025-11-30,0,60+,4.299965600275198e-05
FCAOT 2025-C,2025-12-31,1,60+,0.000219896208989357
FCAOT 2025-C,2026-01-31,2,60+,0.0005392773683264426
FCAOT 2025-C,2026-02-28,3,60+,0.0005041477611256245
FCAOT 2017-A,2020-08-31,0,30-59,0.010401647785787848
FCAOT 2017-A,2020-09-30,1,30-59,0.009797622871827819
FCAOT 2017-A,2020-10-31,2,30-59,0.0109460516028147
FCAOT 2017-B,2020-08-31,0,30-59,0.010798674222174703
FCAOT 2017-B,2020-09-30,1,30-59,0.010691336140039885
FCAOT 2017-B,2020-10-31,2,30-59,0.01107794742279876
FCAOT 2017-B,2020-11-30,3,30-59,0.011748650091971756
FCAOT 2017-B,2020-12-31,4,30-59,0.014558914250462678
FCAOT 2017-B,2021-01-31,5,30-59,0.010073142563839343
FCAOT 2017-B,2021-02-28,6,30-59,0.010307907162332913
FCAOT 2017-B,2021-03-31,7,30-59,0.00867969797473714
FCAOT 2017-C,2020-08-31,0,30-59,0.009691899612324015
FCAOT 2017-C,2020-09-30,1,30-59,0.009129213483146067
FCAOT 2017-C,2020-10-31,2,30-59,0.00947265270569448
FCAOT 2017-C,2020-11-30,3,30-59,0.01109492323209683
FCAOT 2017-C,2020-12-31,4,30-59,0.012213976499690785
FCAOT 2017-C,2021-01-31,5,30-59,0.0076519370217539365
FCAOT 2017-C,2021-02-28,6,30-59,0.010046303952373077
FCAOT 2017-C,2021-03-31,7,30-59,0.007796167247386759
FCAOT 2017-C,2021-04-30,8,30-59,0.007114840828240445
FCAOT 2017-C,2021-05-31,9,30-59,0.008476997809315172
FCAOT 2017-C,2021-06-30,10,30-59,0.009698060387922416
FCAOT 2017-C,2021-07-31,11,30-59,0.009454278060822522
FCAOT 2018-A,2020-08-31,0,30-59,0.008223451013753012
FCAOT 2018-A,2020-09-30,1,30-59,0.009171640704614936
FCAOT 2018-A,2020-10-31,2,30-59,0.010182689427972447
FCAOT 2018-A,2020-11-30,3,30-59,0.010019193857965451
FCAOT 2018-A,2020-12-31,4,30-59,0.012023414016769499
FCAOT 2018-A,2021-01-31,5,30-59,0.008489449410228153
FCAOT 2018-A,2021-02-28,6,30-59,0.009562956127841624
FCAOT 2018-A,2021-03-31,7,30-59,0.008020687237026649
FCAOT 2018-A,2021-04-30,8,30-59,0.00609589664270767
FCAOT 2018-A,2021-05-31,9,30-59,0.00869115850793949
FCAOT 2018-A,2021-06-30,10,30-59,0.00902218970982687
FCAOT 2018-A,2021-07-31,11,30-59,0.008860759493670886
FCAOT 2018-A,2021-08-31,12,30-59,0.009842105263157895
FCAOT 2018-A,2021-09-30,13,30-59,0.009530069010844562
FCAOT 2018-A,2021-10-31,14,30-59,0.009568023552057974
FCAOT 2018-A,2021-11-30,15,30-59,0.0102184637068358
FCAOT 2018-A,2021-12-31,16,30-59,0.011539870558065699
FCAOT 2018-A,2022-01-31,17,30-59,0.011079455523899969
FCAOT 2018-B,2020-08-31,0,30-59,0.0070428976493185766
FCAOT 2018-B,2020-09-30,1,30-59,0.00805545147995504
FCAOT 2018-B,2020-10-31,2,30-59,0.008488394398618837
FCAOT 2018-B,2020-11-30,3,30-59,0.009062408151268736
FCAOT 2018-B,2020-12-31,4,30-59,0.010977443609022556
FCAOT 2018-B,2021-01-31,5,30-59,0.007442767682989426
FCAOT 2018-B,2021-02-28,6,30-59,0.00928597660143749
FCAOT 2018-B,2021-03-31,7,30-59,0.006894305412301178
FCAOT 2018-B,2021-04-30,8,30-59,0.005153484203450594
FCAOT 2018-B,2021-05-31,9,30-59,0.006094055421409682
FCAOT 2018-B,2021-06-30,10,30-59,0.007492418386156865
FCAOT 2018-B,2021-07-31,11,30-59,0.00772626931567329
FCAOT 2018-B,2021-08-31,12,30-59,0.008537279453614115
FCAOT 2018-B,2021-09-30,13,30-59,0.009265300796032886
FCAOT 2018-B,2021-10-31,14,30-59,0.00891361168822465
FCAOT 2018-B,2021-11-30,15,30-59,0.008902077151335312
FCAOT 2018-B,2021-12-31,16,30-59,0.009363030217052063
FCAOT 2018-B,2022-01-31,17,30-59,0.010075198948674893
FCAOT 2018-B,2022-02-28,18,30-59,0.008915861242226718
FCAOT 2018-B,2022-03-31,19,30-59,0.010692701069270108
FCAOT 2018-B,2022-04-30,20,30-59,0.00855657736905238
FCAOT 2018-B,2022-05-31,21,30-59,0.008349177482020336
FCAOT 2018-B,2022-06-30,22,30-59,0.009574286202769703
FCAOT 2018-B,2022-07-31,23,30-59,0.009175121305690339
FCAOT 2018-B,2022-08-31,24,30-59,0.011680309022348939
FCAOT 2019-A,2019-02-28,0,30-59,0.0
FCAOT 2019-A,2020-08-31,18,30-59,0.007728638900815801
FCAOT 2019-A,2020-09-30,19,30-59,0.007120253164556962
FCAOT 2019-A,2020-10-31,20,30-59,0.0070066173608407945
FCAOT 2019-A,2020-11-30,21,30-59,0.00897353722186613
FCAOT 2019-A,2020-12-31,22,30-59,0.00960848541569178
FCAOT 2019-A,2021-01-31,23,30-59,0.006725528320530393
FCAOT 2019-A,2021-02-28,24,30-59,0.008604734227359807
FCAOT 2019-A,2021-03-31,25,30-59,0.006150143726184905
FCAOT 2019-A,2021-04-30,26,30-59,0.005525051475634866
FCAOT 2019-A,2021-05-31,27,30-59,0.007356305656259899
FCAOT 2019-A,2021-06-30,28,30-59,0.0068162865740908594
FCAOT 2019-A,2021-07-31,29,30-59,0.007944500391630301
FCAOT 2019-A,2021-08-31,30,30-59,0.008385021824029405
FCAOT 2019-A,2021-09-30,31,30-59,0.009137455691217015
FCAOT 2019-A,2021-10-31,32,30-59,0.007922392886014552
FCAOT 2019-A,2021-11-30,33,30-59,0.009226932668329177
FCAOT 2019-A,2021-12-31,34,30-59,0.01014771997430957
FCAOT 2019-A,2022-01-31,35,30-59,0.009948496720517674
FCAOT 2019-A,2022-02-28,36,30-59,0.009761388286334056
FCAOT 2019-A,2022-03-31,37,30-59,0.012193419276772002
FCAOT 2019-A,2022-04-30,38,30-59,0.00847052067381317
FCAOT 2019-A,2022-05-31,39,30-59,0.01041717851702619
FCAOT 2019-A,2022-06-30,40,30-59,0.00962268928842745
FCAOT 2019-A,2022-07-31,41,30-59,0.010919301164725458
FCAOT 2019-A,2022-08-31,42,30-59,0.009643201542912247
FCAOT 2019-A,2022-09-30,43,30-59,0.01049839761299591
FCAOT 2019-A,2022-10-31,44,30-59,0.011200818740050035
FCAOT 2019-A,2022-11-30,45,30-59,0.011843339587242025
FCAOT 2019-A,2022-12-31,46,30-59,0.013666324000725646
FCAOT 2019-A,2023-01-31,47,30-59,0.012872841444270016
FCAOT 2019-B,2019-05-31,0,30-59,0.00031017369727047146
FCAOT 2019-B,2020-08-31,15,30-59,0.007181928264228151
FCAOT 2019-B,2020-09-30,16,30-59,0.0073158209976897405
FCAOT 2019-B,2020-10-31,17,30-59,0.007396061269146608
FCAOT 2019-B,2020-11-30,18,30-59,0.008347468975984287
FCAOT 2019-B,2020-12-31,19,30-59,0.008548571428571428
FCAOT 2019-B,2021-01-31,20,30-59,0.006738418343472157
FCAOT 2019-B,2021-02-28,21,30-59,0.007783030129398845
FCAOT 2019-B,2021-03-31,22,30-59,0.006216389560412453
FCAOT 2019-B,2021-04-30,23,30-59,0.005578659093214322
FCAOT 2019-B,2021-05-31,24,30-59,0.0060460752632127595
FCAOT 2019-B,2021-06-30,25,30-59,0.0060769023931164295
FCAOT 2019-B,2021-07-31,26,30-59,0.008025237989816249
FCAOT 2019-B,2021-08-31,27,30-59,0.007677870670534039
FCAOT 2019-B,2021-09-30,28,30-59,0.007569978287659175
FCAOT 2019-B,2021-10-31,29,30-59,0.008255001205109665
FCAOT 2019-B,2021-11-30,30,30-59,0.009542102980358139
FCAOT 2019-B,2021-12-31,31,30-59,0.009747085430337006
FCAOT 2019-B,2022-01-31,32,30-59,0.009140767824497258
FCAOT 2019-B,2022-02-28,33,30-59,0.009469442578912022
FCAOT 2019-B,2022-03-31,34,30-59,0.00939940562582072
FCAOT 2019-B,2022-04-30,35,30-59,0.008529997156667614
FCAOT 2019-B,2022-05-31,36,30-59,0.00994733762434172
FCAOT 2019-B,2022-06-30,37,30-59,0.00938297552919982
FCAOT 2019-B,2022-07-31,38,30-59,0.010658016682113068
FCAOT 2019-B,2022-08-31,39,30-59,0.011574998004310688
FCAOT 2019-B,2022-09-30,40,30-59,0.010855263157894738
FCAOT 2019-B,2022-10-31,41,30-59,0.011028164234815067
FCAOT 2019-B,2022-11-30,42,30-59,0.011151768600801533
FCAOT 2019-B,2022-12-31,43,30-59,0.012340118897495946
FCAOT 2019-B,2023-01-31,44,30-59,0.010863457576325154
FCAOT 2019-B,2023-02-28,45,30-59,0.008461388834857031
FCAOT 2019-B,2023-03-31,46,30-59,0.011985779583544947
FCAOT 2019-C,2019-10-31,0,30-59,0.00043051489581539523
FCAOT 2019-C,2020-08-31,10,30-59,0.004996967158660929
FCAOT 2019-C,2020-09-30,11,30-59,0.005071324772383523
FCAOT 2019-C,2020-10-31,12,30-59,0.005390509069985766
FCAOT 2019-C,2020-11-30,13,30-59,0.0068006182380216385
FCAOT 2019-C,2020-12-31,14,30-59,0.007358071677767206
FCAOT 2019-C,2021-01-31,15,30-59,0.004742107314538131
FCAOT 2019-C,2021-02-28,16,30-59,0.006461874937866587
FCAOT 2019-C,2021-03-31,17,30-59,0.005087407812073204
FCAOT 2019-C,2021-04-30,18,30-59,0.004352098834760634
FCAOT 2019-C,2021-05-31,19,30-59,0.004645300684191574
FCAOT 2019-C,2021-06-30,20,30-59,0.005726610144280827
FCAOT 2019-C,2021-07-31,21,30-59,0.006789673558632859
FCAOT 2019-C,2021-08-31,22,30-59,0.007810951191467428
FCAOT 2019-C,2021-09-30,23,30-59,0.0058099095781678324
FCAOT 2019-C,2021-10-31,24,30-59,0.0070939848046005964
FCAOT 2019-C,2021-11-30,25,30-59,0.00749450833441013
FCAOT 2019-C,2021-12-31,26,30-59,0.008525488117324852
FCAOT 2019-C,2022-01-31,27,30-59,0.009283999818848783
FCAOT 2019-C,2022-02-28,28,30-59,0.008264846543158285
FCAOT 2019-C,2022-03-31,29,30-59,0.009484771936513989
FCAOT 2019-C,2022-04-30,30,30-59,0.006906009697800852
FCAOT 2019-C,2022-05-31,31,30-59,0.008443483942302859
FCAOT 2019-C,2022-06-30,32,30-59,0.00887787756787447
FCAOT 2019-C,2022-07-31,33,30-59,0.00895743891450681
FCAOT 2019-C,2022-08-31,34,30-59,0.00939480008739349
FCAOT 2019-C,2022-09-30,35,30-59,0.008777358915208462
FCAOT 2019-C,2022-10-31,36,30-59,0.009891254049051366
FCAOT 2019-C,2022-11-30,37,30-59,0.010238503876427768
FCAOT 2019-C,2022-12-31,38,30-59,0.011299435028248588
FCAOT 2019-C,2023-01-31,39,30-59,0.010248718910136232
FCAOT 2019-C,2023-02-28,40,30-59,0.0100834938985228
FCAOT 2019-C,2023-03-31,41,30-59,0.010027892150351972
FCAOT 2019-C,2023-04-30,42,30-59,0.008952979770366321
FCAOT 2019-C,2023-05-31,43,30-59,0.010950967924261692
FCAOT 2019-C,2023-06-30,44,30-59,0.009397254239776815
FCAOT 2019-C,2023-07-31,45,30-59,0.012128146453089244
FCAOT 2019-C,2023-08-31,46,30-59,0.011747896491506588
FCAOT 2020-A,2020-08-31,0,30-59,0.00420391004448798
FCAOT 2020-A,2020-09-30,1,30-59,0.005361930294906166
FCAOT 2020-A,2020-10-31,2,30-59,0.005313678436750085
FCAOT 2020-A,2020-11-30,3,30-59,0.005736053945179087
FCAOT 2020-A,2020-12-31,4,30-59,0.005967604433077579
FCAOT 2020-A,2021-01-31,5,30-59,0.0045571717915669305
FCAOT 2020-A,2021-02-28,6,30-59,0.004943968358602505
FCAOT 2020-A,2021-03-31,7,30-59,0.003999219664455716
FCAOT 2020-A,2021-04-30,8,30-59,0.0030648645932773956
FCAOT 2020-A,2021-05-31,9,30-59,0.004122011541632316
FCAOT 2020-A,2021-06-30,10,30-59,0.005115362071721639
FCAOT 2020-A,2021-07-31,11,30-59,0.006224866413265025
FCAOT 2020-A,2021-08-31,12,30-59,0.005207141222247654
FCAOT 2020-A,2021-09-30,13,30-59,0.006063848760477974
FCAOT 2020-A,2021-10-31,14,30-59,0.006650802367441577
FCAOT 2020-A,2021-11-30,15,30-59,0.007907122685911516
FCAOT 2020-A,2021-12-31,16,30-59,0.008302226798815806
FCAOT 2020-A,2022-01-31,17,30-59,0.007851157880847134
FCAOT 2020-A,2022-02-28,18,30-59,0.006085604165257962
FCAOT 2020-A,2022-03-31,19,30-59,0.008852024813549872
FCAOT 2020-A,2022-04-30,20,30-59,0.007431225437656306
FCAOT 2020-A,2022-05-31,21,30-59,0.008937728937728939
FCAOT 2020-A,2022-06-30,22,30-59,0.00919713531850735
FCAOT 2020-A,2022-07-31,23,30-59,0.00820052607148383
FCAOT 2020-A,2022-08-31,24,30-59,0.009629924393155591
FCAOT 2020-A,2022-09-30,25,30-59,0.009271414506071546
FCAOT 2020-A,2022-10-31,26,30-59,0.010086576447843994
FCAOT 2020-A,2022-11-30,27,30-59,0.01066574918286599
FCAOT 2020-A,2022-12-31,28,30-59,0.01095019427764041
FCAOT 2020-A,2023-01-31,29,30-59,0.009558488848429678
FCAOT 2020-A,2023-02-28,30,30-59,0.009873989091593004
FCAOT 2020-A,2023-03-31,31,30-59,0.009317674463748423
FCAOT 2020-A,2023-04-30,32,30-59,0.009259259259259259
FCAOT 2020-A,2023-05-31,33,30-59,0.008122558091712934
FCAOT 2020-A,2023-06-30,34,30-59,0.01082917507166366
FCAOT 2020-A,2023-07-31,35,30-59,0.010286714817246662
FCAOT 2020-A,2023-08-31,36,30-59,0.009206637872243692
FCAOT 2020-A,2023-09-30,37,30-59,0.010596962204168139
FCAOT 2020-A,2023-10-31,38,30-59,0.012474012474012475
FCAOT 2020-A,2023-11-30,39,30-59,0.01222774168895682
FCAOT 2020-A,2023-12-31,40,30-59,0.01273209549071618
FCAOT 2020-B,2020-05-31,0,30-59,0.0
FCAOT 2020-B,2020-06-30,1,30-59,0.0020308756564646896
FCAOT 2020-B,2020-07-31,2,30-59,0.002730721433710511
FCAOT 2020-B,2020-08-31,3,30-59,0.0033791167224248944
FCAOT 2020-B,2020-09-30,4,30-59,0.0033676429953025696
FCAOT 2020-B,2020-10-31,5,30-59,0.004106848878582429
FCAOT 2020-B,2020-11-30,6,30-59,0.004250085905991717
FCAOT 2020-B,2020-12-31,7,30-59,0.005022517930945012
FCAOT 2020-B,2021-01-31,8,30-59,0.00411842854431581
FCAOT 2020-B,2021-02-28,9,30-59,0.004903956116376887
FCAOT 2020-B,2021-03-31,10,30-59,0.003621086325897769
FCAOT 2020-B,2021-04-30,11,30-59,0.0034967911798584827
FCAOT 2020-B,2021-05-31,12,30-59,0.004557154310308452
FCAOT 2020-B,2021-06-30,13,30-59,0.004764080140964563
FCAOT 2020-B,2021-07-31,14,30-59,0.005174499350387527
FCAOT 2020-B,2021-08-31,15,30-59,0.005560189046427579
FCAOT 2020-B,2021-09-30,16,30-59,0.00534887625626634
FCAOT 2020-B,2021-10-31,17,30-59,0.006395277333661296
FCAOT 2020-B,2021-11-30,18,30-59,0.0062826432518355915
FCAOT 2020-B,2021-12-31,19,30-59,0.006922837585563162
FCAOT 2020-B,2022-01-31,20,30-59,0.007639257294429708
FCAOT 2020-B,2022-02-28,21,30-59,0.006760242174137322
FCAOT 2020-B,2022-03-31,22,30-59,0.008143685854529228
FCAOT 2020-B,2022-04-30,23,30-59,0.006702986394363787
FCAOT 2020-B,2022-05-31,24,30-59,0.008314128183435923
FCAOT 2020-B,2022-06-30,25,30-59,0.007512720742292727
FCAOT 2020-B,2022-07-31,26,30-59,0.007467711330109567
FCAOT 2020-B,2022-08-31,27,30-59,0.00834251534708012
FCAOT 2020-B,2022-09-30,28,30-59,0.008428326928666
FCAOT 2020-B,2022-10-31,29,30-59,0.008838133068520358
FCAOT 2020-B,2022-11-30,30,30-59,0.009456344902386117
FCAOT 2020-B,2022-12-31,31,30-59,0.0098158232458118
FCAOT 2020-B,2023-01-31,32,30-59,0.009908753920729969
FCAOT 2020-B,2023-02-28,33,30-59,0.008314409200791151
FCAOT 2020-B,2023-03-31,34,30-59,0.00875
FCAOT 2020-B,2023-04-30,35,30-59,0.008601229859111076
FCAOT 2020-B,2023-05-31,36,30-59,0.010438832456739069
FCAOT 2020-B,2023-06-30,37,30-59,0.009239693391340377
FCAOT 2020-B,2023-07-31,38,30-59,0.011657201417652334
FCAOT 2020-B,2023-08-31,39,30-59,0.01063782829397484
FCAOT 2020-B,2023-09-30,40,30-59,0.011219045012997675
FCAOT 2020-B,2023-10-31,41,30-59,0.010653342132553974
FCAOT 2020-B,2023-11-30,42,30-59,0.010310281101060208
FCAOT 2020-B,2023-12-31,43,30-59,0.011041645658969446
FCAOT 2020-B,2024-01-31,44,30-59,0.010701358652887794
FCAOT 2020-B,2024-02-29,45,30-59,0.009178796437106234
FCAOT 2020-C,2020-11-30,0,30-59,0.0030184460592509784
FCAOT 2020-C,2020-12-31,1,30-59,0.0037292188567524484
FCAOT 2020-C,2021-01-31,2,30-59,0.003044448954739192
FCAOT 2020-C,2021-02-28,3,30-59,0.0030957013974880596
FCAOT 2020-C,2021-03-31,4,30-59,0.0034428605943464603
FCAOT 2020-C,2021-04-30,5,30-59,0.0022834572777486344
FCAOT 2020-C,2021-05-31,6,30-59,0.002767295597484277
FCAOT 2020-C,2021-06-30,7,30-59,0.0043273267454627656
FCAOT 2020-C,2021-07-31,8,30-59,0.004532971577937333
FCAOT 2020-C,2021-08-31,9,30-59,0.0048928001087288914
FCAOT 2020-C,2021-09-30,10,30-59,0.005133398519346278
FCAOT 2020-C,2021-10-31,11,30-59,0.006310160427807487
FCAOT 2020-C,2021-11-30,12,30-59,0.0061240112273539165
FCAOT 2020-C,2021-12-31,13,30-59,0.007590132827324478
FCAOT 2020-C,2022-01-31,14,30-59,0.007435508345978756
FCAOT 2020-C,2022-02-28,15,30-59,0.007264296754250386
FCAOT 2020-C,2022-03-31,16,30-59,0.008254018403696536
FCAOT 2020-C,2022-04-30,17,30-59,0.0062908299056375514
FCAOT 2020-C,2022-05-31,18,30-59,0.007915240961371976
FCAOT 2020-C,2022-06-30,19,30-59,0.008424599831508003
FCAOT 2020-C,2022-07-31,20,30-59,0.009589335626746937
FCAOT 2020-C,2022-08-31,21,30-59,0.009425236731997357
FCAOT 2020-C,2022-09-30,22,30-59,0.00966639690675299
FCAOT 2020-C,2022-10-31,23,30-59,0.00919193304980107
FCAOT 2020-C,2022-11-30,24,30-59,0.01064670603003394
FCAOT 2020-C,2022-12-31,25,30-59,0.01199867731116255
FCAOT 2020-C,2023-01-31,26,30-59,0.01052479815455594
FCAOT 2020-C,2023-02-28,27,30-59,0.010387574109461513
FCAOT 2020-C,2023-03-31,28,30-59,0.009983444539206342
FCAOT 2020-C,2023-04-30,29,30-59,0.009346271705822268
FCAOT 2020-C,2023-05-31,30,30-59,0.01201295309725269
FCAOT 2020-C,2023-06-30,31,30-59,0.010526315789473684
FCAOT 2020-C,2023-07-31,32,30-59,0.012209811651335962
FCAOT 2020-C,2023-08-31,33,30-59,0.012360939431396786
FCAOT 2020-C,2023-09-30,34,30-59,0.012285153997000807
FCAOT 2020-C,2023-10-31,35,30-59,0.01335539534334003
FCAOT 2020-C,2023-11-30,36,30-59,0.013310745401742497
FCAOT 2020-C,2023-12-31,37,30-59,0.014342235410484669
FCAOT 2020-C,2024-01-31,38,30-59,0.015523031109421529
FCAOT 2020-C,2024-02-29,39,30-59,0.01190784364483562
FCAOT 2020-C,2024-03-31,40,30-59,0.011078678519304764
FCAOT 2020-C,2024-04-30,41,30-59,0.012800435759515217
FCAOT 2020-C,2024-05-31,42,30-59,0.014111072301781349
FCAOT 2020-C,2024-06-30,43,30-59,0.014820143884892086
FCAOT 2020-C,2024-07-31,44,30-59,0.015900141169477675
FCAOT 2020-C,2024-08-31,45,30-59,0.014087759815242495
FCAOT 2020-C,2024-09-30,46,30-59,0.01410133843212237
FCAOT 2020-C,2024-10-31,47,30-59,0.015990768216287504
FCAOT 2020-C,2024-11-30,48,30-59,0.015075802490048277
FCAOT 2020-C,2024-12-31,49,30-59,0.018703898840885143
FCAOT 2021-A,2021-02-28,0,30-59,0.0022135051835247966
FCAOT 2021-A,2021-03-31,1,30-59,0.002271550980504917
FCAOT 2021-A,2021-04-30,2,30-59,0.0018248712288447388
FCAOT 2021-A,2021-05-31,3,30-59,0.002495189995189995
FCAOT 2021-A,2021-06-30,4,30-59,0.003611445504213353
FCAOT 2021-A,2021-07-31,5,30-59,0.003922561052764773
FCAOT 2021-A,2021-08-31,6,30-59,0.004352769205782037
FCAOT 2021-A,2021-09-30,7,30-59,0.005024284039524368
FCAOT 2021-A,2021-10-31,8,30-59,0.005652039872572192
FCAOT 2021-A,2021-11-30,9,30-59,0.005857593826727464
FCAOT 2021-A,2021-12-31,10,30-59,0.00678513731825525
FCAOT 2021-A,2022-01-31,11,30-59,0.007228296763777794
FCAOT 2021-A,2022-02-28,12,30-59,0.0068924183398261915
FCAOT 2021-A,2022-03-31,13,30-59,0.006951645734915697
FCAOT 2021-A,2022-04-30,14,30-59,0.006515680810142481
FCAOT 2021-A,2022-05-31,15,30-59,0.008025038118931065
FCAOT 2021-A,2022-06-30,16,30-59,0.008368544119456865
FCAOT 2021-A,2022-07-31,17,30-59,0.00779874213836478
FCAOT 2021-A,2022-08-31,18,30-59,0.009314761309241451
FCAOT 2021-A,2022-09-30,19,30-59,0.00836875664187035
FCAOT 2021-A,2022-10-31,20,30-59,0.009717514124293785
FCAOT 2021-A,2022-11-30,21,30-59,0.010386506732846178
FCAOT 2021-A,2022-12-31,22,30-59,0.011957029425502102
FCAOT 2021-A,2023-01-31,23,30-59,0.011167078502185896
FCAOT 2021-A,2023-02-28,24,30-59,0.011305440139143879
FCAOT 2021-A,2023-03-31,25,30-59,0.00956749025990038
FCAOT 2021-A,2023-04-30,26,30-59,0.010032605969400551
FCAOT 2021-A,2023-05-31,27,30-59,0.010815521041570558
FCAOT 2021-A,2023-06-30,28,30-59,0.010452778653219877
FCAOT 2021-A,2023-07-31,29,30-59,0.01330757673320455
FCAOT 2021-A,2023-08-31,30,30-59,0.014743096050170535
FCAOT 2021-A,2023-09-30,31,30-59,0.013705583756345178
FCAOT 2021-A,2023-10-31,32,30-59,0.014098341711446236
FCAOT 2021-A,2023-11-30,33,30-59,0.013118241446552029
FCAOT 2021-A,2023-12-31,34,30-59,0.013723475001511396
FCAOT 2021-A,2024-01-31,35,30-59,0.014266220071951372
FCAOT 2021-A,2024-02-29,36,30-59,0.013110393311799353
FCAOT 2021-A,2024-03-31,37,30-59,0.013766804550155118
FCAOT 2021-A,2024-04-30,38,30-59,0.012840029121715535
FCAOT 2021-A,2024-05-31,39,30-59,0.014727840369214063
FCAOT 2021-A,2024-06-30,40,30-59,0.012551140697593787
FCAOT 2021-A,2024-07-31,41,30-59,0.015441807263368601
FCAOT 2021-A,2024-08-31,42,30-59,0.015631912697242293
FCAOT 2021-A,2024-09-30,43,30-59,0.016419612314709234
FCAOT 2021-A,2024-10-31,44,30-59,0.01630820137083432
FCAOT 2021-A,2024-11-30,45,30-59,0.016964285714285713
FCAOT 2021-A,2024-12-31,46,30-59,0.018982025869309593
FCAOT 2021-A,2025-01-31,47,30-59,0.019133762393459732
FCAOT 2021-A,2025-02-28,48,30-59,0.014494050281828756
FCAOT 2022-A,2022-01-31,0,30-59,0.002807065589483774
FCAOT 2022-A,2022-02-28,1,30-59,0.0033506683885379217
FCAOT 2022-A,2022-03-31,2,30-59,0.004388155547627542
FCAOT 2022-A,2022-04-30,3,30-59,0.003276062900407688
FCAOT 2022-A,2022-05-31,4,30-59,0.004730157547767142
FCAOT 2022-A,2022-06-30,5,30-59,0.004464115380212904
FCAOT 2022-A,2022-07-31,6,30-59,0.005107809880297891
FCAOT 2022-A,2022-08-31,7,30-59,0.005035971223021582
FCAOT 2022-A,2022-09-30,8,30-59,0.005737234652897304
FCAOT 2022-A,2022-10-31,9,30-59,0.006025356709485752
FCAOT 2022-A,2022-11-30,10,30-59,0.006391682290778933
FCAOT 2022-A,2022-12-31,11,30-59,0.0069270066672439175
FCAOT 2022-A,2023-01-31,12,30-59,0.0064345526663728515
FCAOT 2022-A,2023-02-28,13,30-59,0.006250562100908355
FCAOT 2022-A,2023-03-31,14,30-59,0.006582278481012658
FCAOT 2022-A,2023-04-30,15,30-59,0.006329113924050633
FCAOT 2022-A,2023-05-31,16,30-59,0.007501194457716197
FCAOT 2022-A,2023-06-30,17,30-59,0.007312079555425563
FCAOT 2022-A,2023-07-31,18,30-59,0.008466978782747285
FCAOT 2022-A,2023-08-31,19,30-59,0.008329926410466067
FCAOT 2022-A,2023-09-30,20,30-59,0.008302872062663185
FCAOT 2022-A,2023-10-31,21,30-59,0.009235039769390914
FCAOT 2022-A,2023-11-30,22,30-59,0.009909615594032452
FCAOT 2022-A,2023-12-31,23,30-59,0.009155476639662635
FCAOT 2022-A,2024-01-31,24,30-59,0.009468193672752012
FCAOT 2022-A,2024-02-29,25,30-59,0.007930076406575596
FCAOT 2022-A,2024-03-31,26,30-59,0.007756068679692125
FCAOT 2022-A,2024-04-30,27,30-59,0.00850288490737929
FCAOT 2022-A,2024-05-31,28,30-59,0.009399315281668224
FCAOT 2022-A,2024-06-30,29,30-59,0.007392772927155694
FCAOT 2022-A,2024-07-31,30,30-59,0.00990553660456573
FCAOT 2022-A,2024-08-31,31,30-59,0.010814464346062858
FCAOT 2022-A,2024-09-30,32,30-59,0.010347479549744808
FCAOT 2022-A,2024-10-31,33,30-59,0.011081335554428914
FCAOT 2022-A,2024-11-30,34,30-59,0.010965239445024616
FCAOT 2022-A,2024-12-31,35,30-59,0.012555846556770913
FCAOT 2022-A,2025-01-31,36,30-59,0.011175398272172466
FCAOT 2022-A,2025-02-28,37,30-59,0.011608085071840246
FCAOT 2022-A,2025-03-31,38,30-59,0.013361169102296452
FCAOT 2022-A,2025-04-30,39,30-59,0.011448738917104243
FCAOT 2022-A,2025-05-31,40,30-59,0.012725816499065587
FCAOT 2022-A,2025-06-30,41,30-59,0.013346833578792341
FCAOT 2022-A,2025-07-31,42,30-59,0.012816834050693449
FCAOT 2022-A,2025-08-31,43,30-59,0.01212539432176656
FCAOT 2022-A,2025-09-30,44,30-59,0.013844733873448877
FCAOT 2022-A,2025-10-31,45,30-59,0.012629776303114631
FCAOT 2022-A,2025-11-30,46,30-59,0.014612381483547128
FCAOT 2022-B,2022-06-30,0,30-59,0.002616571620261657
FCAOT 2022-B,2022-07-31,1,30-59,0.0036310074332888023
FCAOT 2022-B,2022-08-31,2,30-59,0.0034436713753601797
FCAOT 2022-B,2022-09-30,3,30-59,0.0037768425596201574
FCAOT 2022-B,2022-10-31,4,30-59,0.004586819316013503
FCAOT 2022-B,2022-11-30,5,30-59,0.00482315112540193
FCAOT 2022-B,2022-12-31,6,30-59,0.005751285469434393
FCAOT 2022-B,2023-01-31,7,30-59,0.005606385049639868
FCAOT 2022-B,2023-02-28,8,30-59,0.005686336885637029
FCAOT 2022-B,2023-03-31,9,30-59,0.0048551611587107305
FCAOT 2022-B,2023-04-30,10,30-59,0.005290784869188468
FCAOT 2022-B,2023-05-31,11,30-59,0.006051566162369486
FCAOT 2022-B,2023-06-30,12,30-59,0.006931426827673394
FCAOT 2022-B,2023-07-31,13,30-59,0.008248617799179597
FCAOT 2022-B,2023-08-31,14,30-59,0.007084742663863242
FCAOT 2022-B,2023-09-30,15,30-59,0.008002995273084663
FCAOT 2022-B,2023-10-31,16,30-59,0.008758076094759511
FCAOT 2022-B,2023-11-30,17,30-59,0.009106487148102815
FCAOT 2022-B,2023-12-31,18,30-59,0.008907125700560448
FCAOT 2022-B,2024-01-31,19,30-59,0.009522346797726924
FCAOT 2022-B,2024-02-29,20,30-59,0.00853135140793468
FCAOT 2022-B,2024-03-31,21,30-59,0.008208154506437769
FCAOT 2022-B,2024-04-30,22,30-59,0.008955551892753145
FCAOT 2022-B,2024-05-31,23,30-59,0.008891890370870617
FCAOT 2022-B,2024-06-30,24,30-59,0.009275262126973154
FCAOT 2022-B,2024-07-31,25,30-59,0.010756522255898258
FCAOT 2022-B,2024-08-31,26,30-59,0.009631310962517637
FCAOT 2022-B,2024-09-30,27,30-59,0.011250869098034258
FCAOT 2022-B,2024-10-31,28,30-59,0.011103128469727646
FCAOT 2022-B,2024-11-30,29,30-59,0.01008267795926598
FCAOT 2022-B,2024-12-31,30,30-59,0.012401274767909103
FCAOT 2022-B,2025-01-31,31,30-59,0.011582183456066347
FCAOT 2022-B,2025-02-28,32,30-59,0.010788443065100125
FCAOT 2022-B,2025-03-31,33,30-59,0.011767402766103767
FCAOT 2022-B,2025-04-30,34,30-59,0.01153723742838956
FCAOT 2022-B,2025-05-31,35,30-59,0.011740388590326582
FCAOT 2022-B,2025-06-30,36,30-59,0.012445656806751342
FCAOT 2022-B,2025-07-31,37,30-59,0.014108103341856979
FCAOT 2022-B,2025-08-31,38,30-59,0.0110260616001458
FCAOT 2022-B,2025-09-30,39,30-59,0.012850798450344893
FCAOT 2022-B,2025-10-31,40,30-59,0.012358999509563512
FCAOT 2022-B,2025-11-30,41,30-59,0.015140737729905497
FCAOT 2022-B,2025-12-31,42,30-59,0.015259086574123133
FCAOT 2022-B,2026-01-31,43,30-59,0.01247929320817228
FCAOT 2022-B,2026-02-28,44,30-59,0.014256150839273396
FCAOT 2022-C,2022-09-30,0,30-59,0.0033603840438907306
FCAOT 2022-C,2022-10-31,1,30-59,0.004456265602762418
FCAOT 2022-C,2022-11-30,2,30-59,0.004224115427513705
FCAOT 2022-C,2022-12-31,3,30-59,0.005918732183408224
FCAOT 2022-C,2023-01-31,4,30-59,0.004753811670238183
FCAOT 2022-C,2023-02-28,5,30-59,0.004442882602474962
FCAOT 2022-C,2023-03-31,6,30-59,0.005703275529865126
FCAOT 2022-C,2023-04-30,7,30-59,0.004949717159019484
FCAOT 2022-C,2023-05-31,8,30-59,0.006548000855249091
FCAOT 2022-C,2023-06-30,9,30-59,0.0060438658863425036
FCAOT 2022-C,2023-07-31,10,30-59,0.007342881871736885
FCAOT 2022-C,2023-08-31,11,30-59,0.00651261104287469
FCAOT 2022-C,2023-09-30,12,30-59,0.00817351198295239
FCAOT 2022-C,2023-10-31,13,30-59,0.00823816321674994
FCAOT 2022-C,2023-11-30,14,30-59,0.008584081533608347
FCAOT 2022-C,2023-12-31,15,30-59,0.008521054751649985
FCAOT 2022-C,2024-01-31,16,30-59,0.008719639799606823
FCAOT 2022-C,2024-02-29,17,30-59,0.007569141193595342
FCAOT 2022-C,2024-03-31,18,30-59,0.008757724974387785
FCAOT 2022-C,2024-04-30,19,30-59,0.008402507199728952
FCAOT 2022-C,2024-05-31,20,30-59,0.00967574128663083
FCAOT 2022-C,2024-06-30,21,30-59,0.009292098169953186
FCAOT 2022-C,2024-07-31,22,30-59,0.010692259971535964
FCAOT 2022-C,2024-08-31,23,30-59,0.01065986037084303
FCAOT 2022-C,2024-09-30,24,30-59,0.009579358028506315
FCAOT 2022-C,2024-10-31,25,30-59,0.01151394422310757
FCAOT 2022-C,2024-11-30,26,30-59,0.010590881210386423
FCAOT 2022-C,2024-12-31,27,30-59,0.012242322254943205
FCAOT 2022-C,2025-01-31,28,30-59,0.011135181975736569
FCAOT 2022-C,2025-02-28,29,30-59,0.009514025370734322
FCAOT 2022-C,2025-03-31,30,30-59,0.011100832562442183
FCAOT 2022-C,2025-04-30,31,30-59,0.010151063215625903
FCAOT 2022-C,2025-05-31,32,30-59,0.012240819385460905
FCAOT 2022-C,2025-06-30,33,30-59,0.013417234385563472
FCAOT 2022-C,2025-07-31,34,30-59,0.013728362906289001
FCAOT 2022-C,2025-08-31,35,30-59,0.011957134799774394
FCAOT 2022-C,2025-09-30,36,30-59,0.01323769535805925
FCAOT 2022-C,2025-10-31,37,30-59,0.014118498853626161
FCAOT 2022-C,2025-11-30,38,30-59,0.015560811651935765
FCAOT 2022-C,2025-12-31,39,30-59,0.01623754690128089
FCAOT 2022-C,2026-01-31,40,30-59,0.01531977522076532
FCAOT 2022-C,2026-02-28,41,30-59,0.013817525343702263
FCAOT 2022-D,2022-11-30,0,30-59,0.002999400119976005
FCAOT 2022-D,2022-12-31,1,30-59,0.004591368227731864
FCAOT 2022-D,2023-01-31,2,30-59,0.004263180332528066
FCAOT 2022-D,2023-02-28,3,30-59,0.00409288824383164
FCAOT 2022-D,2023-03-31,4,30-59,0.004399655162162966
FCAOT 2022-D,2023-04-30,5,30-59,0.005283935621014273
FCAOT 2022-D,2023-05-31,6,30-59,0.005410784252752036
FCAOT 2022-D,2023-06-30,7,30-59,0.00518579791295495
FCAOT 2022-D,2023-07-31,8,30-59,0.007134712493891513
FCAOT 2022-D,2023-08-31,9,30-59,0.00664818093742692
FCAOT 2022-D,2023-09-30,10,30-59,0.00724910241066849
FCAOT 2022-D,2023-10-31,11,30-59,0.007748420648493944
FCAOT 2022-D,2023-11-30,12,30-59,0.008601306256468825
FCAOT 2022-D,2023-12-31,13,30-59,0.008863437408812373
FCAOT 2022-D,2024-01-31,14,30-59,0.009783055151039916
FCAOT 2022-D,2024-02-29,15,30-59,0.008743795341733486
FCAOT 2022-D,2024-03-31,16,30-59,0.009149202377228651
FCAOT 2022-D,2024-04-30,17,30-59,0.008628647108399888
FCAOT 2022-D,2024-05-31,18,30-59,0.009293527428242455
FCAOT 2022-D,2024-06-30,19,30-59,0.010174479714105528
FCAOT 2022-D,2024-07-31,20,30-59,0.010300800692490803
FCAOT 2022-D,2024-08-31,21,30-59,0.009487156538082879
FCAOT 2022-D,2024-09-30,22,30-59,0.011447562776957163
FCAOT 2022-D,2024-10-31,23,30-59,0.01082981047831663
FCAOT 2022-D,2024-11-30,24,30-59,0.011312658474741564
FCAOT 2022-D,2024-12-31,25,30-59,0.012918085319447227
FCAOT 2022-D,2025-01-31,26,30-59,0.010907594155175962
FCAOT 2022-D,2025-02-28,27,30-59,0.009882676249867878
FCAOT 2022-D,2025-03-31,28,30-59,0.01049122998743238
FCAOT 2022-D,2025-04-30,29,30-59,0.011478005201854574
FCAOT 2022-D,2025-05-31,30,30-59,0.012819762336826085
FCAOT 2022-D,2025-06-30,31,30-59,0.012862516684868342
FCAOT 2022-D,2025-07-31,32,30-59,0.012064935885288359
FCAOT 2022-D,2025-08-31,33,30-59,0.012168650924159705
FCAOT 2022-D,2025-09-30,34,30-59,0.013344338973724034
FCAOT 2022-D,2025-10-31,35,30-59,0.01170556552962298
FCAOT 2022-D,2025-11-30,36,30-59,0.014040792196275496
FCAOT 2022-D,2025-12-31,37,30-59,0.015384615384615385
FCAOT 2022-D,2026-01-31,38,30-59,0.014621741894469168
FCAOT 2022-D,2026-02-28,39,30-59,0.01419312494872426
FCAOT 2023-A,2023-03-31,0,30-59,0.003288467421229734
FCAOT 2023-A,2023-04-30,1,30-59,0.003608515057113188
FCAOT 2023-A,2023-05-31,2,30-59,0.004057279236276849
FCAOT 2023-A,2023-06-30,3,30-59,0.004089702616326309
FCAOT 2023-A,2023-07-31,4,30-59,0.0050604208721621545
FCAOT 2023-A,2023-08-31,5,30-59,0.0054366292898402994
FCAOT 2023-A,2023-09-30,6,30-59,0.005092445241746477
FCAOT 2023-A,2023-10-31,7,30-59,0.0068533616920713695
FCAOT 2023-A,2023-11-30,8,30-59,0.006656426011264721
FCAOT 2023-A,2023-12-31,9,30-59,0.007712635201573254
FCAOT 2023-A,2024-01-31,10,30-59,0.007233841799025004
FCAOT 2023-A,2024-02-29,11,30-59,0.007058521560574948
FCAOT 2023-A,2024-03-31,12,30-59,0.006723956966675413
FCAOT 2023-A,2024-04-30,13,30-59,0.007172062470674978
FCAOT 2023-A,2024-05-31,14,30-59,0.007264254385964912
FCAOT 2023-A,2024-06-30,15,30-59,0.008393956351426972
FCAOT 2023-A,2024-07-31,16,30-59,0.009434639116085521
FCAOT 2023-A,2024-08-31,17,30-59,0.00883059301681138
FCAOT 2023-A,2024-09-30,18,30-59,0.0094257154802174
FCAOT 2023-A,2024-10-31,19,30-59,0.0098828125
FCAOT 2023-A,2024-11-30,20,30-59,0.008397312859884837
FCAOT 2023-A,2024-12-31,21,30-59,0.010386731258724033
FCAOT 2023-A,2025-01-31,22,30-59,0.009314675882997555
FCAOT 2023-A,2025-02-28,23,30-59,0.008472012102874432
FCAOT 2023-A,2025-03-31,24,30-59,0.011501398818775257
FCAOT 2023-A,2025-04-30,25,30-59,0.010232515645699146
FCAOT 2023-A,2025-05-31,26,30-59,0.011370043224957715
FCAOT 2023-A,2025-06-30,27,30-59,0.010494752623688156
FCAOT 2023-A,2025-07-31,28,30-59,0.011303391017305191
FCAOT 2023-A,2025-08-31,29,30-59,0.009786661143330572
FCAOT 2023-A,2025-09-30,30,30-59,0.012784166889542658
FCAOT 2023-A,2025-10-31,31,30-59,0.012642084835042972
FCAOT 2023-A,2025-11-30,32,30-59,0.012791097854766549
FCAOT 2023-A,2025-12-31,33,30-59,0.014860977948226271
FCAOT 2023-A,2026-01-31,34,30-59,0.013445589344056295
FCAOT 2023-A,2026-02-28,35,30-59,0.011927638990126565
FCAOT 2023-B,2023-05-31,0,30-59,0.0001750744066228147
FCAOT 2023-B,2023-06-30,1,30-59,0.002697338286935722
FCAOT 2023-B,2023-07-31,2,30-59,0.0036330608537693005
FCAOT 2023-B,2023-08-31,3,30-59,0.0038193247221706495
FCAOT 2023-B,2023-09-30,4,30-59,0.003761636717904308
FCAOT 2023-B,2023-10-31,5,30-59,0.006357103372028745
FCAOT 2023-B,2023-11-30,6,30-59,0.0059136605558840925
FCAOT 2023-B,2023-12-31,7,30-59,0.00681877031964784
FCAOT 2023-B,2024-01-31,8,30-59,0.007334315169366716
FCAOT 2023-B,2024-02-29,9,30-59,0.006134784831443779
FCAOT 2023-B,2024-03-31,10,30-59,0.006542572797640988
FCAOT 2023-B,2024-04-30,11,30-59,0.007250698389779968
FCAOT 2023-B,2024-05-31,12,30-59,0.00802825947334618
FCAOT 2023-B,2024-06-30,13,30-59,0.008070336592087134
FCAOT 2023-B,2024-07-31,14,30-59,0.009285521339816315
FCAOT 2023-B,2024-08-31,15,30-59,0.00829297188055333
FCAOT 2023-B,2024-09-30,16,30-59,0.008426261249955179
FCAOT 2023-B,2024-10-31,17,30-59,0.008637873754152824
FCAOT 2023-B,2024-11-30,18,30-59,0.00861743140071056
FCAOT 2023-B,2024-12-31,19,30-59,0.010665628649279875
FCAOT 2023-B,2025-01-31,20,30-59,0.009388733519776269
FCAOT 2023-B,2025-02-28,21,30-59,0.008544213237398308
FCAOT 2023-B,2025-03-31,22,30-59,0.010045815644571477
FCAOT 2023-B,2025-04-30,23,30-59,0.008187134502923977
FCAOT 2023-B,2025-05-31,24,30-59,0.010311119046556265
FCAOT 2023-B,2025-06-30,25,30-59,0.010992548983534174
FCAOT 2023-B,2025-07-31,26,30-59,0.01012453655290427
FCAOT 2023-B,2025-08-31,27,30-59,0.009526615596150069
FCAOT 2023-B,2025-09-30,28,30-59,0.011850872285234728
FCAOT 2023-B,2025-10-31,29,30-59,0.011011011011011011
FCAOT 2023-B,2025-11-30,30,30-59,0.010962769998914577
FCAOT 2023-B,2025-12-31,31,30-59,0.013423575860124083
FCAOT 2023-B,2026-01-31,32,30-59,0.012661937979951932
FCAOT 2023-B,2026-02-28,33,30-59,0.0124516960068699
FCAOT 2023-C,2023-11-30,0,30-59,0.002619437416282185
FCAOT 2023-C,2023-12-31,1,30-59,0.003155914304788493
FCAOT 2023-C,2024-01-31,2,30-59,0.004277345566128382
FCAOT 2023-C,2024-02-29,3,30-59,0.003851131664509612
FCAOT 2023-C,2024-03-31,4,30-59,0.0034452780371574845
FCAOT 2023-C,2024-04-30,5,30-59,0.003845016267376516
FCAOT 2023-C,2024-05-31,6,30-59,0.004764141448030598
FCAOT 2023-C,2024-06-30,7,30-59,0.005099072584784915
FCAOT 2023-C,2024-07-31,8,30-59,0.005964075217513331
FCAOT 2023-C,2024-08-31,9,30-59,0.005717367853290183
FCAOT 2023-C,2024-09-30,10,30-59,0.006226283019563055
FCAOT 2023-C,2024-10-31,11,30-59,0.006109749198566849
FCAOT 2023-C,2024-11-30,12,30-59,0.005436249373481899
FCAOT 2023-C,2024-12-31,13,30-59,0.007998739115016352
FCAOT 2023-C,2025-01-31,14,30-59,0.006003948905991861
FCAOT 2023-C,2025-02-28,15,30-59,0.005599703545106436
FCAOT 2023-C,2025-03-31,16,30-59,0.007346731970950853
FCAOT 2023-C,2025-04-30,17,30-59,0.006537645581677274
FCAOT 2023-C,2025-05-31,18,30-59,0.007421892360339541
FCAOT 2023-C,2025-06-30,19,30-59,0.008800729594163247
FCAOT 2023-C,2025-07-31,20,30-59,0.008087267255971413
FCAOT 2023-C,2025-08-31,21,30-59,0.007994186046511628
FCAOT 2023-C,2025-09-30,22,30-59,0.009984025559105431
FCAOT 2023-C,2025-10-31,23,30-59,0.008633093525179856
FCAOT 2023-C,2025-11-30,24,30-59,0.008641129669634859
FCAOT 2023-C,2025-12-31,25,30-59,0.010830521388919125
FCAOT 2023-C,2026-01-31,26,30-59,0.008799461943728281
FCAOT 2023-C,2026-02-28,27,30-59,0.007024673439767779
FCAOT 2024-A,2024-03-31,0,30-59,0.0022577511748181987
FCAOT 2024-A,2024-04-30,1,30-59,0.0026205310586410674
FCAOT 2024-A,2024-05-31,2,30-59,0.0036555091796928283
FCAOT 2024-A,2024-06-30,3,30-59,0.0032453123266392987
FCAOT 2024-A,2024-07-31,4,30-59,0.0039703922180312524
FCAOT 2024-A,2024-08-31,5,30-59,0.004067639026090999
FCAOT 2024-A,2024-09-30,6,30-59,0.005084443387250238
FCAOT 2024-A,2024-10-31,7,30-59,0.0048638132295719845
FCAOT 2024-A,2024-11-30,8,30-59,0.004219278379300717
FCAOT 2024-A,2024-12-31,9,30-59,0.006182821268905165
FCAOT 2024-A,2025-01-31,10,30-59,0.00520479746548993
FCAOT 2024-A,2025-02-28,11,30-59,0.004709989789532624
FCAOT 2024-A,2025-03-31,12,30-59,0.006394937901787217
FCAOT 2024-A,2025-04-30,13,30-59,0.005641748942172073
FCAOT 2024-A,2025-05-31,14,30-59,0.005919870326649987
FCAOT 2024-A,2025-06-30,15,30-59,0.006130986728216965
FCAOT 2024-A,2025-07-31,16,30-59,0.007176414012503237
FCAOT 2024-A,2025-08-31,17,30-59,0.006113304981773998
FCAOT 2024-A,2025-09-30,18,30-59,0.0070595577050587
FCAOT 2024-A,2025-10-31,19,30-59,0.006923877371327943
FCAOT 2024-A,2025-11-30,20,30-59,0.00847457627118644
FCAOT 2024-A,2025-12-31,21,30-59,0.009227268896941096
FCAOT 2024-A,2026-01-31,22,30-59,0.007907358596551874
FCAOT 2024-A,2026-02-28,23,30-59,0.007094085306375809
FCAOT 2024-B,2024-06-30,0,30-59,0.0023861967694566812
FCAOT 2024-B,2024-07-31,1,30-59,0.0036492081686121313
FCAOT 2024-B,2024-08-31,2,30-59,0.0035398230088495575
FCAOT 2024-B,2024-09-30,3,30-59,0.004005275240560739
FCAOT 2024-B,2024-10-31,4,30-59,0.004861994165607001
FCAOT 2024-B,2024-11-30,5,30-59,0.004364042321061579
FCAOT 2024-B,2024-12-31,6,30-59,0.005227472698100513
FCAOT 2024-B,2025-01-31,7,30-59,0.005361434645960436
FCAOT 2024-B,2025-02-28,8,30-59,0.004599123208090154
FCAOT 2024-B,2025-03-31,9,30-59,0.005280818526871665
FCAOT 2024-B,2025-04-30,10,30-59,0.005309137897131942
FCAOT 2024-B,2025-05-31,11,30-59,0.0063116823502409915
FCAOT 2024-B,2025-06-30,12,30-59,0.006370361672146547
FCAOT 2024-B,2025-07-31,13,30-59,0.0061685673878373905
FCAOT 2024-B,2025-08-31,14,30-59,0.005856425114816755
FCAOT 2024-B,2025-09-30,15,30-59,0.007174689465533045
FCAOT 2024-B,2025-10-31,16,30-59,0.0063506464050805175
FCAOT 2024-B,2025-11-30,17,30-59,0.007665505226480836
FCAOT 2024-B,2025-12-31,18,30-59,0.007090264521407145
FCAOT 2024-B,2026-01-31,19,30-59,0.0078092169771676705
FCAOT 2024-B,2026-02-28,20,30-59,0.007143882825962091
FCAOT 2024-C,2024-09-30,0,30-59,0.0023998843429232325
FCAOT 2024-C,2024-10-31,1,30-59,0.0034774408393009756
FCAOT 2024-C,2024-11-30,2,30-59,0.0036514920235850468
FCAOT 2024-C,2024-12-31,3,30-59,0.004896295845751475
FCAOT 2024-C,2025-01-31,4,30-59,0.004426833421044485
FCAOT 2024-C,2025-02-28,5,30-59,0.004373957644985682
FCAOT 2024-C,2025-03-31,6,30-59,0.00516439454691259
FCAOT 2024-C,2025-04-30,7,30-59,0.004669845209326628
FCAOT 2024-C,2025-05-31,8,30-59,0.005499266764431409
FCAOT 2024-C,2025-06-30,9,30-59,0.005107774032076821
FCAOT 2024-C,2025-07-31,10,30-59,0.004897874114214256
FCAOT 2024-C,2025-08-31,11,30-59,0.0058483677737213345
FCAOT 2024-C,2025-09-30,12,30-59,0.006481045656975271
FCAOT 2024-C,2025-10-31,13,30-59,0.006175122023369324
FCAOT 2024-C,2025-11-30,14,30-59,0.006551944873291411
FCAOT 2024-C,2025-12-31,15,30-59,0.008722500964878425
FCAOT 2024-C,2026-01-31,16,30-59,0.00824782951854775
FCAOT 2024-C,2026-02-28,17,30-59,0.007180604300294486
FCAOT 2024-D,2024-11-30,0,30-59,0.0024203669395804696
FCAOT 2024-D,2024-12-31,1,30-59,0.004372912238080778
FCAOT 2024-D,2025-01-31,2,30-59,0.0041350367215947665
FCAOT 2024-D,2025-02-28,3,30-59,0.0036697823223135312
FCAOT 2024-D,2025-03-31,4,30-59,0.0047254150702426565
FCAOT 2024-D,2025-04-30,5,30-59,0.003967221644120707
FCAOT 2024-D,2025-05-31,6,30-59,0.004673826571201273
FCAOT 2024-D,2025-06-30,7,30-59,0.004754037560268384
FCAOT 2024-D,2025-07-31,8,30-59,0.005877298504897749
FCAOT 2024-D,2025-08-31,9,30-59,0.004765575723596608
FCAOT 2024-D,2025-09-30,10,30-59,0.0066883651060481416
FCAOT 2024-D,2025-10-31,11,30-59,0.006782380396732789
FCAOT 2024-D,2025-11-30,12,30-59,0.006879880996653031
FCAOT 2024-D,2025-12-31,13,30-59,0.007303157093952073
FCAOT 2024-D,2026-01-31,14,30-59,0.007300970873786408
FCAOT 2024-D,2026-02-28,15,30-59,0.0069282236034680705
FCAOT 2025-A,2025-03-31,0,30-59,0.003157152924594785
FCAOT 2025-A,2025-04-30,1,30-59,0.003223856538384042
FCAOT 2025-A,2025-05-31,2,30-59,0.003410861830691876
FCAOT 2025-A,2025-06-30,3,30-59,0.0037257376359593774
FCAOT 2025-A,2025-07-31,4,30-59,0.003785197722726573
FCAOT 2025-A,2025-08-31,5,30-59,0.003431665774643453
FCAOT 2025-A,2025-09-30,6,30-59,0.004390637610976594
FCAOT 2025-A,2025-10-31,7,30-59,0.0049563838223632035
FCAOT 2025-A,2025-11-30,8,30-59,0.005434782608695652
FCAOT 2025-A,2025-12-31,9,30-59,0.0064018271160633956
FCAOT 2025-A,2026-01-31,10,30-59,0.005243764172335601
FCAOT 2025-A,2026-02-28,11,30-59,0.005037692084662221
FCAOT 2025-B,2025-09-30,0,30-59,0.002937653299868804
FCAOT 2025-B,2025-10-31,1,30-59,0.0033518901745897577
FCAOT 2025-B,2025-11-30,2,30-59,0.004278583313525077
FCAOT 2025-B,2025-12-31,3,30-59,0.005189051404988773
FCAOT 2025-B,2026-01-31,4,30-59,0.004680864254936606
FCAOT 2025-B,2026-02-28,5,30-59,0.004168377174977106
FCAOT 2025-C,2025-11-30,0,30-59,0.0029239766081871343
FCAOT 2025-C,2025-12-31,1,30-59,0.0037822147946169407
FCAOT 2025-C,2026-01-31,2,30-59,0.0034603631134280063
FCAOT 2025-C,2026-02-28,3,30-59,0.003299876254640451
