Issuer,CIK,Trust Name,Series,Last Updated,~Next Likely Update,Last Reporting Period,Status
AART,0001721353,Ally Auto Receivables Trust 2017-5,2017-5,2021-07-29,2021-08-30,2021-06-30,Matured
AART,0001705002,Ally Auto Receivables Trust 2017-3,2017-3,2021-01-28,2021-02-26,2020-12-31,Matured
AART,0001700667,Ally Auto Receivables Trust 2017-2,2017-2,2020-12-22,2021-01-22,2020-11-30,Matured
AART,0001763799,Ally Auto Receivables Trust 2019-1,2019-1,2022-11-22,2022-12-22,2022-10-31,Matured
AART,0001713736,Ally Auto Receivables Trust 2017-4,2017-4,2021-05-27,2021-06-28,2021-04-30,Matured
AART,0001727820,Ally Auto Receivables Trust 2018-1,2018-1,2021-10-26,2021-11-26,2021-09-30,Matured
AART,0001954336,ALLY AUTO RECEIVABLES TRUST 2022-3,2022-3,2026-04-23,2026-05-26,2026-03-31,Active
AART,0002035124,Ally Auto Receivables Trust 2024-2,2024-2,2026-04-23,2026-05-26,2026-03-31,Active
AART,0002087070,ALLY AUTO RECEIVABLES TRUST 2025- 1,,2026-04-23,2026-05-26,2026-03-31,Active
AART,0001980826,ALLY AUTO RECEIVABLES TRUST 2023-1,2023-1,2026-04-23,2026-05-26,2026-03-31,Active
AART,0002111835,Ally Auto Receivables Trust 2026-1,2026-1,2026-04-23,2026-05-26,2026-03-31,Active
AART,0001742379,Ally Auto Receivables Trust 2018-3,2018-3,2022-03-22,2022-04-22,2022-02-28,Matured
AART,0001793667,Ally Auto Receivables Trust 2019-4,2019-4,2023-07-19,2023-08-21,2023-06-30,Matured
AART,0001679731,Ally Auto Receivables Trust 2017-1,2017-1,2020-10-28,2020-11-30,2020-09-30,Matured
AART,0001776294,Ally Auto Receivables Trust 2019-2,2019-2,2023-04-20,2023-05-22,2023-03-31,Matured
AART,0001785489,Ally Auto Receivables Trust 2019-3,2019-3,2023-07-19,2023-08-21,2023-06-30,Matured
AART,0001736511,Ally Auto Receivables Trust 2018-2,2018-2,2022-01-27,2022-02-28,2021-12-31,Matured
AART,0001922474,Ally Auto Receivables Trust 2022-1,2022-1,2026-02-19,2026-03-19,2026-01-31,Matured
AART,0002010413,ALLY AUTO RECEIVABLES TRUST 2024-1,2024-1,2026-04-23,2026-05-26,2026-03-31,Active
AART,0001946472,ALLY AUTO RECEIVABLES TRUST 2022-2,2022-2,2026-04-23,2026-05-26,2026-03-31,Active
AMCAR,0001745314,AmeriCredit Automobile Receivables Trust 2018-2,2018-2,2023-03-20,2023-04-20,2023-02-28,Matured
AMCAR,0001754388,AmeriCredit Automobile Receivables Trust 2018-3,2018-3,2023-06-23,2023-07-24,2023-05-31,Matured
AMCAR,0001801390,AmeriCredit Automobile Receivables Trust 2020-1,2020-1,2024-07-23,2024-08-23,2024-06-30,Matured
AMCAR,0001784564,AmeriCredit Automobile Receivables Trust 2019-3,2019-3,2024-04-23,2024-05-23,2024-03-31,Matured
AMCAR,0001814917,AmeriCredit Automobile Receivables Trust 2020-2,2020-2,2024-10-23,2024-11-25,2024-09-30,Matured
AMCAR,0001729361,AmeriCredit Automobile Receivables Trust 2018-1,2018-1,2022-11-22,2022-12-22,2022-10-31,Matured
AMCAR,0001694010,AmeriCredit Automobile Receivables Trust 2017-1,2017-1,2021-09-23,2021-10-25,2021-08-31,Matured
AMCAR,0001861570,AmeriCredit Automobile Receivables Trust 2021-2,2021-2,2026-01-23,2026-02-23,2025-12-31,Matured
AMCAR,0002020251,AmeriCredit Automobile Receivables Trust 2024-1,2024-1,2026-04-23,2026-05-26,2026-03-31,Active
AMCAR,0001888143,AmeriCredit Automobile Receivables Trust 2021-3,2021-3,2026-04-23,2026-05-26,2026-03-31,Active
AMCAR,0001963240,AmeriCredit Automobile Receivables Trust 2023-1,2023-1,2026-04-23,2026-05-26,2026-03-31,Active
AMCAR,0001987878,AmeriCredit Automobile Receivables Trust 2023-2,2023-2,2026-04-23,2026-05-26,2026-03-31,Active
AMCAR,0001765880,AmeriCredit Automobile Receivables Trust 2019-1,2019-1,2023-09-22,2023-10-23,2023-08-31,Matured
AMCAR,0001774379,AmeriCredit Automobile Receivables Trust 2019-2,2019-2,2024-01-23,2024-02-23,2023-12-31,Matured
AMCAR,0001718362,AmeriCredit Automobile Receivables Trust 2017-4,2017-4,2022-06-23,2022-07-25,2022-05-31,Matured
AMCAR,0001829012,AmeriCredit Automobile Receivables Trust 2020-3,2020-3,2025-05-23,2025-06-23,2025-04-30,Matured
AMCAR,0001843443,AmeriCredit Automobile Receivables Trust 2021-1,2021-1,2025-06-23,2025-07-23,2025-05-31,Matured
AMCAR,0001710600,AmeriCredit Automobile Receivables Trust 2017-3,2017-3,2022-03-23,2022-04-25,2022-02-28,Matured
AMCAR,0001703220,AmeriCredit Automobile Receivables Trust 2017-2,2017-2,2021-12-21,2022-01-21,2021-11-30,Matured
AMCAR,0001929381,AmeriCredit Automobile Receivables Trust 2022-2,2022-2,2026-04-23,2026-05-26,2026-03-31,Active
AMCAR,0001910595,AmeriCredit Automobile Receivables Trust 2022-1,2022-1,2026-04-23,2026-05-26,2026-03-31,Active
BLAST,0002006743,Bridgecrest Lending Auto Securitization Trust 2024-1,2024-1,2026-04-15,2026-05-15,2026-03-31,Active
BLAST,0002050168,Bridgecrest Lending Auto Securitization Trust 2025-1,2025-1,2026-04-15,2026-05-15,2026-03-31,Active
BLAST,0002029465,Bridgecrest Lending Auto Securitization Trust 2024-3,2024-3,2026-04-15,2026-05-15,2026-03-31,Active
BLAST,0002101434,Bridgecrest Lending Auto Securitization Trust 2026-1,2026-1,2026-04-15,2026-05-15,2026-03-31,Active
BLAST,0002018148,Bridgecrest Lending Auto Securitization Trust 2024-2,2024-2,2026-04-15,2026-05-15,2026-03-31,Active
BLAST,0002059166,Bridgecrest Lending Auto Securitization Trust 2025-2,2025-2,2026-04-15,2026-05-15,2026-03-31,Active
BLAST,0002036955,Bridgecrest Lending Auto Securitization Trust 2024-4,2024-4,2026-04-15,2026-05-15,2026-03-31,Active
BLAST,0001993328,Bridgecrest Lending Auto Securitization Trust 2023-1,2023-1,2026-04-15,2026-05-15,2026-03-31,Active
BLAST,0002086742,Bridgecrest Lending Auto Securitization Trust 2025-4,2025-4,2026-04-15,2026-05-15,2026-03-31,Active
BLAST,0002121064,Bridgecrest Lending Auto Securitization Trust 2026-2,2026-2,2026-04-13,2026-05-13,2026-03-31,Active
BLAST,0002075766,Bridgecrest Lending Auto Securitization Trust 2025-3,2025-3,2026-04-15,2026-05-15,2026-03-31,Active
BMWOT,0001784326,BMW Vehicle Owner Trust 2019-A,2019-A,2023-07-06,2023-08-07,2023-05-31,Matured
BMWOT,0001812807,BMW Vehicle Owner Trust 2020-A,2020-A,2024-05-06,2024-06-06,2024-03-31,Matured
BMWOT,0002021594,BMW Vehicle Owner Trust 2024-A,2024-A,2026-05-04,2026-06-04,2026-03-31,Active
BMWOT,0002049336,BMW Vehicle Owner Trust 2025-A,2025-A,2026-05-04,2026-06-04,2026-03-31,Active
BMWOT,0001725617,BMW Vehicle Owner Trust 2018-A,2018-A,2022-01-06,2022-02-07,2021-11-30,Matured
BMWOT,0001921318,BMW Vehicle Owner Trust 2022-A,2022-A,2026-03-06,2026-04-06,2026-01-31,Matured
BMWOT,0001979860,BMW Vehicle Owner Trust 2023-A,2023-A,2026-05-04,2026-06-04,2026-03-31,Active
CAOT,0001742867,CarMax Auto Owner Trust 2018-3,2018-3,2022-08-15,2022-09-15,2022-07-31,Matured
CAOT,0001796587,CarMax Auto Owner Trust 2020-1,2020-1,2024-02-15,2024-03-15,2024-01-31,Matured
CAOT,0001779026,CarMax Auto Owner Trust 2019-3,2019-3,2023-08-15,2023-09-15,2023-07-31,Matured
CAOT,0001702777,CarMax Auto Owner Trust 2017-2,2017-2,2021-05-17,2021-06-17,2021-04-30,Matured
CAOT,0001814294,CarMax Auto Owner Trust 2020-3,2020-3,2024-06-17,2024-07-17,2024-05-31,Matured
CAOT,0001836214,CarMax Auto Owner Trust 2021-1,2021-1,2025-02-18,2025-03-18,2025-01-31,Matured
CAOT,0001806211,CarMax Auto Owner Trust 2020-2,2020-2,2024-04-15,2024-05-15,2024-03-31,Matured
CAOT,0001710329,CarMax Auto Owner Trust 2017-3,2017-3,2021-08-16,2021-09-16,2021-07-31,Matured
CAOT,0001734850,CarMax Auto Owner Trust 2018-2,2018-2,2022-04-15,2022-05-16,2022-03-31,Matured
CAOT,0001788503,CarMax Auto Owner Trust 2019-4,2019-4,2023-11-15,2023-12-15,2023-10-31,Matured
CAOT,0001754008,CarMax Auto Owner Trust 2018-4,2018-4,2022-11-15,2022-12-15,2022-10-31,Matured
CAOT,0001867436,CarMax Auto Owner Trust 2021-3,2021-3,2025-09-15,2025-10-15,2025-08-31,Matured
CAOT,0001899236,CarMax Auto Owner Trust 2022-1,2022-1,2026-03-16,2026-04-16,2026-02-28,Active
CAOT,0002049715,CarMax Auto Owner Trust 2025-1,2025-1,2026-04-15,2026-05-15,2026-03-31,Active
CAOT,0001934479,CarMax Auto Owner Trust 2022-3,2022-3,2026-04-15,2026-05-15,2026-03-31,Active
CAOT,0001959426,CarMax Auto Owner Trust 2023-1,2023-1,2026-04-15,2026-05-15,2026-03-31,Active
CAOT,0001946521,CarMax Auto Owner Trust 2022-4,2022-4,2026-04-15,2026-05-15,2026-03-31,Active
CAOT,0002063979,CarMax Auto Owner Trust 2025-2,2025-2,2026-04-15,2026-05-15,2026-03-31,Active
CAOT,0001980857,CarMax Auto Owner Trust 2023-3,2023-3,2026-04-15,2026-05-15,2026-03-31,Active
CAOT,0002037519,CarMax Auto Owner Trust 2024-4,2024-4,2026-04-15,2026-05-15,2026-03-31,Active
CAOT,0002089777,CarMax Auto Owner Trust 2025-4,2025-4,2026-04-15,2026-05-15,2026-03-31,Active
CAOT,0001725618,CarMax Auto Owner Trust 2018-1,2018-1,2022-02-15,2022-03-15,2022-01-31,Matured
CAOT,0001762278,CarMax Auto Owner Trust 2019-1,2019-1,2023-02-15,2023-03-15,2023-01-31,Matured
CAOT,0001693819,CarMax Auto Owner Trust 2017-1,2017-1,2021-02-16,2021-03-16,2021-01-31,Matured
CAOT,0001770345,CarMax Auto Owner Trust 2019-2,2019-2,2023-04-17,2023-05-17,2023-03-31,Matured
CAOT,0001851375,CarMax Auto Owner Trust 2021-2,2021-2,2025-04-15,2025-05-15,2025-03-31,Matured
CAOT,0001718592,CarMax Auto Owner Trust 2017-4,2017-4,2021-11-15,2021-12-15,2021-10-31,Matured
CAOT,0001825300,CarMax Auto Owner Trust 2020-4,2020-4,2024-11-15,2024-12-16,2024-10-31,Matured
CAOT,0001879747,CarMax Auto Owner Trust 2021-4,2021-4,2025-11-17,2025-12-17,2025-10-31,Matured
CAOT,0001921745,CarMax Auto Owner Trust 2022-2,2022-2,2026-04-15,2026-05-15,2026-03-31,Active
CAOT,0001995430,CarMax Auto Owner Trust 2023-4,2023-4,2026-04-15,2026-05-15,2026-03-31,Active
CAOT,0002016948,CarMax Auto Owner Trust 2024-2,2024-2,2026-04-15,2026-05-15,2026-03-31,Active
CAOT,0002074530,CarMax Auto Owner Trust 2025-3,2025-3,2026-04-15,2026-05-15,2026-03-31,Active
CAOT,0002094950,CarMax Auto Owner Trust 2026-1,2026-1,2026-04-15,2026-05-15,2026-03-31,Active
CAOT,0001969339,CarMax Auto Owner Trust 2023-2,2023-2,2026-04-15,2026-05-15,2026-03-31,Active
CAOT,0002003263,CarMax Auto Owner Trust 2024-1,2024-1,2026-04-15,2026-05-15,2026-03-31,Active
CAOT,0002029255,CarMax Auto Owner Trust 2024-3,2024-3,2026-04-15,2026-05-15,2026-03-31,Active
CAOT,0002117307,CarMax Auto Owner Trust 2026-2,2026-2,2026-04-14,2026-05-14,2026-03-31,Active
CMXS,0002057719,CarMax Select Receivables Trust 2025-A,2025-A,2026-04-15,2026-05-15,2026-03-31,Active
CMXS,0002025329,CarMax Select Receivables Trust 2024-A,2024-A,2026-04-15,2026-05-15,2026-03-31,Active
CMXS,0002083722,CarMax Select Receivables Trust 2025-B,2025-B,2026-04-15,2026-05-15,2026-03-31,Active
CMXS,0002104651,CarMax Select Receivables Trust 2026-A,2026-A,2026-04-15,2026-05-15,2026-03-31,Active
COPAR,0001766004,Capital One Prime Auto Receivables Trust 2019-1,2019-1,2023-01-17,2023-02-17,2022-12-31,Matured
COPAR,0001786041,Capital One Prime Auto Receivables Trust 2019-2,2019-2,2023-05-15,2023-06-15,2023-04-30,Matured
COPAR,0002089663,Capital One Prime Auto Receivables Trust 2025-1,2025-1,2026-04-15,2026-05-15,2026-03-31,Active
COPAR,0001992483,Capital One Prime Auto Receivables Trust 2023-2,2023-2,2026-04-15,2026-05-15,2026-03-31,Active
COPAR,0001799766,Capital One Prime Auto Receivables Trust 2020-1,2020-1,2023-11-15,2023-12-15,2023-10-31,Matured
COPAR,0001885053,Capital One Prime Auto Receivables Trust 2021-1,2021-1,2025-08-15,2025-09-15,2025-07-31,Matured
COPAR,0002039534,Capital One Prime Auto Receivables Trust 2024-1,2024-1,2026-04-15,2026-05-15,2026-03-31,Active
COPAR,0001936748,Capital One Prime Auto Receivables Trust 2022-2,2022-2,2026-04-15,2026-05-15,2026-03-31,Active
COPAR,0001924168,Capital One Prime Auto Receivables Trust 2022-1,2022-1,2026-04-15,2026-05-15,2026-03-31,Active
COPAR,0001951264,Capital One Prime Auto Receivables Trust 2023-1,2023-1,2026-04-15,2026-05-15,2026-03-31,Active
CRART,0001694276,California Republic Auto Receivables Trust 2017-1,2017-1,2021-07-15,2021-08-16,2021-06-30,Matured
CRART,0001741276,California Republic Auto Receivables Trust 2018-1,2018-1,2022-10-17,2022-11-17,2022-09-30,Matured
CRVNA,0001841341,Carvana Auto Receivables Trust 2021-P1,2021-P1,2026-03-12,2026-04-13,2026-02-28,Matured
CRVNA,0001843653,Carvana Auto Receivables Trust 2021-N3,2021-N3,2026-04-14,2026-05-14,2026-03-31,Active
CRVNA,0001845211,Carvana Auto Receivables Trust 2021-N4,2021-N4,2026-04-14,2026-05-14,2026-03-31,Active
CRVNA,0001999856,Carvana Auto Receivables Trust 2024-P3,2024-P3,2026-04-14,2026-05-14,2026-03-31,Active
CRVNA,0002037953,Carvana Auto Receivables Trust 2025-P3,2025-P3,2026-04-14,2026-05-14,2026-03-31,Active
CRVNA,0001976111,Carvana Auto Receivables Trust 2026-P1,2026-P1,2026-04-14,2026-05-14,2026-03-31,Active
CRVNA,0001999854,Carvana Auto Receivables Trust 2024-P4,2024-P4,2026-04-14,2026-05-14,2026-03-31,Active
CRVNA,0001903756,Carvana Auto Receivables Trust 2022-P3,2022-P3,2026-04-14,2026-05-14,2026-03-31,Active
CRVNA,0001999671,Carvana Auto Receivables Trust 2024-P2,2024-P2,2026-04-14,2026-05-14,2026-03-31,Active
CRVNA,0002037955,Carvana Auto Receivables Trust 2025-P2,2025-P2,2026-04-14,2026-05-14,2026-03-31,Active
CRVNA,0002037952,Carvana Auto Receivables Trust 2025-P4,2025-P4,2026-04-14,2026-05-14,2026-03-31,Active
CRVNA,0001801738,Carvana Auto Receivables Trust 2020-P1,2020-P1,2025-12-12,2026-01-12,2025-11-30,Matured
CRVNA,0001843657,Carvana Auto Receivables Trust 2021-P2,2021-P2,2026-04-14,2026-05-14,2026-03-31,Active
CRVNA,0001903763,Carvana Auto Receivables Trust 2022-P1,2022-P1,2026-04-14,2026-05-14,2026-03-31,Active
CRVNA,0001843627,Carvana Auto Receivables Trust 2021-P3,2021-P3,2026-04-14,2026-05-14,2026-03-31,Active
CRVNA,0001845213,Carvana Auto Receivables Trust 2021-P4,2021-P4,2026-04-14,2026-05-14,2026-03-31,Active
CRVNA,0001903753,Carvana Auto Receivables Trust 2022-P2,2022-P2,2026-04-14,2026-05-14,2026-03-31,Active
CRVNA,0002037956,Carvana Auto Receivables Trust 2025-P1,2025-P1,2026-04-14,2026-05-14,2026-03-31,Active
CRVNA,0001842012,Carvana Auto Receivables Trust 2021-N1,2021-N1,2026-05-14,2026-06-15,2026-04-30,Active
CRVNA,0001843643,Carvana Auto Receivables Trust 2021-N2,2021-N2,2026-05-14,2026-06-15,2026-04-30,Active
CRVNA,0001999855,0001999855,,2026-05-12,2026-06-12,2026-04-30,Active
DRIVE,0001738390,Drive Auto Receivables Trust 2018-2,2018-2,2022-09-14,2022-10-14,2022-08-31,Matured
DRIVE,0001798272,Drive Auto Receivables Trust 2020-1,2020-1,2024-05-14,2024-06-14,2024-04-30,Matured
DRIVE,0001708978,Drive Auto Receivables Trust 2017-1,2017-1,2021-10-14,2021-11-15,2021-09-30,Matured
DRIVE,0001813677,Drive Auto Receivables Trust 2020-2,2020-2,2024-07-12,2024-08-12,2024-06-30,Matured
DRIVE,0001763174,Drive Auto Receivables Trust 2019-1,2019-1,2023-03-14,2023-04-14,2023-02-28,Matured
DRIVE,0001745187,Drive Auto Receivables Trust 2018-3,2018-3,2022-10-14,2022-11-14,2022-09-30,Matured
DRIVE,0001717900,Drive Auto Receivables Trust 2017-3,2017-3,2022-01-14,2022-02-14,2021-12-31,Matured
DRIVE,0001777665,Drive Auto Receivables Trust 2019-3,2019-3,2023-10-13,2023-11-13,2023-09-30,Matured
DRIVE,0001875229,Drive Auto Receivables Trust 2021-2,2021-2,2025-10-14,2025-11-14,2025-09-30,Matured
DRIVE,0002009921,Drive Auto Receivables Trust 2024-1,2024-1,2026-04-14,2026-05-14,2026-03-31,Active
DRIVE,0002036081,Drive Auto Receivables Trust 2024-2,2024-2,2026-04-14,2026-05-14,2026-03-31,Active
DRIVE,0002082136,DRIVE AUTO RECEIVABLES TRUST 2025-2,2025-2,2026-04-14,2026-05-14,2026-03-31,Active
DRIVE,0001854012,Drive Auto Receivables Trust 2021-1,2021-1,2025-05-14,2025-06-16,2025-04-30,Matured
DRIVE,0001757404,Drive Auto Receivables Trust 2018-5,2018-5,2023-02-14,2023-03-14,2023-01-31,Matured
DRIVE,0001785510,Drive Auto Receivables Trust 2019-4,2019-4,2023-12-14,2024-01-16,2023-11-30,Matured
DRIVE,0001728847,Drive Auto Receivables Trust 2018-1,2018-1,2022-05-13,2022-06-13,2022-04-30,Matured
DRIVE,0001769324,Drive Auto Receivables Trust 2019-2,2019-2,2023-06-14,2023-07-14,2023-05-31,Matured
DRIVE,0001711993,Drive Auto Receivables Trust 2017-2,2017-2,2021-12-15,2022-01-18,2021-11-30,Matured
DRIVE,0001750588,Drive Auto Receivables Trust 2018-4,2018-4,2022-11-14,2022-12-14,2022-10-31,Matured
DRIVE,0002067387,DRIVE AUTO RECEIVABLES TRUST 2025-1,2025-1,2026-04-14,2026-05-14,2026-03-31,Active
DRIVE,0001890433,Drive Auto Receivables Trust 2021-3,2021-3,2026-05-14,2026-06-15,2026-04-30,Active
EART,0001857355,Exeter Automobile Receivables Trust 2021-2,2021-2,2026-03-03,2026-04-03,2026-01-31,Matured
EART,0001876620,Exeter Automobile Receivables Trust 2021-3,2021-3,2026-03-31,2026-04-30,2026-02-28,Active
EART,0002035303,Exeter Automobile Receivables Trust 2024-5,2024-5,2026-04-28,2026-05-28,2026-03-31,Active
EART,0001920761,Exeter Automobile Receivables Trust 2022-2,2022-2,2026-04-28,2026-05-28,2026-03-31,Active
EART,0001954436,Exeter Automobile Receivables Trust 2022-6,2022-6,2026-04-28,2026-05-28,2026-03-31,Active
EART,0001996670,Exeter Automobile Receivables Trust 2023-5,2023-5,2026-04-28,2026-05-28,2026-03-31,Active
EART,0001907570,Exeter Automobile Receivables Trust 2022-1,2022-1,2026-04-28,2026-05-28,2026-03-31,Active
EART,0002078220,Exeter Automobile Receivables Trust 2025-4,2025-4,2026-04-28,2026-05-28,2026-03-31,Active
EART,0002056803,Exeter Automobile Receivables Trust 2025-2,2025-2,2026-04-28,2026-05-28,2026-03-31,Active
EART,0001979451,Exeter Automobile Receivables Trust 2023-3,2023-3,2026-04-28,2026-05-28,2026-03-31,Active
EART,0002067124,Exeter Automobile Receivables Trust 2025-3,2025-3,2026-04-28,2026-05-28,2026-03-31,Active
EART,0002101848,Exeter Automobile Receivables Trust 2026-1,2026-1,2026-04-28,2026-05-28,2026-03-31,Active
EART,0001823046,Exeter Automobile Receivables Trust 2020-3,2020-3,2025-05-28,2025-06-30,2025-04-30,Matured
EART,0001837985,Exeter Automobile Receivables Trust 2021-1,2021-1,2025-10-28,2025-11-28,2025-09-30,Matured
EART,0002021010,Exeter Automobile Receivables Trust 2024-3,2024-3,2026-04-28,2026-05-28,2026-03-31,Active
EART,0002092528,Exeter Automobile Receivables Trust 2025-5,2025-5,2026-04-28,2026-05-28,2026-03-31,Active
EART,0002013062,Exeter Automobile Receivables Trust 2024-2,2024-2,2026-04-28,2026-05-28,2026-03-31,Active
EART,0002005087,Exeter Automobile Receivables Trust 2024-1,2024-1,2026-04-28,2026-05-28,2026-03-31,Active
EART,0001975195,Exeter Automobile Receivables Trust 2023-2,2023-2,2026-04-28,2026-05-28,2026-03-31,Active
EART,0001964225,Exeter Automobile Receivables Trust 2023-1,2023-1,2026-04-28,2026-05-28,2026-03-31,Active
EART,0002049379,Exeter Automobile Receivables Trust 2025-1,2025-1,2026-04-28,2026-05-28,2026-03-31,Active
EART,0001987418,Exeter Automobile Receivables Trust 2023-4,2023-4,2026-04-28,2026-05-28,2026-03-31,Active
EART,0001891012,Exeter Automobile Receivables Trust 2021-4,2021-4,2026-04-28,2026-05-28,2026-03-31,Active
EART,0001931330,Exeter Automobile Receivables Trust 2022-3,2022-3,2026-04-28,2026-05-28,2026-03-31,Active
EART,0001946318,Exeter Automobile Receivables Trust 2022-5,2022-5,2026-04-28,2026-05-28,2026-03-31,Active
EART,0001938750,Exeter Automobile Receivables Trust 2022-4,2022-4,2026-04-28,2026-05-28,2026-03-31,Active
EART,0002026417,Exeter Automobile Receivables Trust 2024-4,2024-4,2026-04-28,2026-05-28,2026-03-31,Active
EART,0002114382,Exeter Automobile Receivables Trust 2026-2,2026-2,2026-04-28,2026-05-28,2026-03-31,Active
FCAOT,0001770147,Ford Credit Auto Owner Trust 2019-A,2019-A,2023-02-17,2023-03-17,2023-01-31,Matured
FCAOT,0001843634,Ford Credit Auto Owner Trust 2021-A,2021-A,2025-03-19,2025-04-21,2025-02-28,Matured
FCAOT,0001803935,Ford Credit Auto Owner Trust 2020-A,2020-A,2024-01-18,2024-02-20,2023-12-31,Matured
FCAOT,0001779201,Ford Credit Auto Owner Trust 2019-B,2019-B,2023-04-19,2023-05-19,2023-03-31,Matured
FCAOT,0001739276,Ford Credit Auto Owner Trust 2018-A,2018-A,2022-02-16,2022-03-16,2022-01-31,Matured
FCAOT,0001754784,Ford Credit Auto Owner Trust 2018-B,2018-B,2022-09-16,2022-10-17,2022-08-31,Matured
FCAOT,0001900656,Ford Credit Auto Owner Trust 2022-A,2022-A,2025-12-16,2026-01-16,2025-11-30,Matured
FCAOT,0001951752,Ford Credit Auto Owner Trust 2022-D,2022-D,2026-04-16,2026-05-18,2026-03-31,Active
FCAOT,0002014176,Ford Credit Auto Owner Trust 2024-A,2024-A,2026-04-16,2026-05-18,2026-03-31,Active
FCAOT,0001967111,Ford Credit Auto Owner Trust 2023-A,2023-A,2026-04-16,2026-05-18,2026-03-31,Active
FCAOT,0002033921,Ford Credit Auto Owner Trust 2024-C,2024-C,2026-04-16,2026-05-18,2026-03-31,Active
FCAOT,0001977224,Ford Credit Auto Owner Trust 2023-B,2023-B,2026-04-16,2026-05-18,2026-03-31,Active
FCAOT,0002042453,Ford Credit Auto Owner Trust 2024-D,2024-D,2026-04-16,2026-05-18,2026-03-31,Active
FCAOT,0002057342,Ford Credit Auto Owner Trust 2025-A,2025-A,2026-04-16,2026-05-18,2026-03-31,Active
FCAOT,0001721372,Ford Credit Auto Owner Trust 2017-C,2017-C,2021-08-18,2021-09-20,2021-07-31,Matured
FCAOT,0001830316,Ford Credit Auto Owner Trust 2020-C,2020-C,2025-01-17,2025-02-18,2024-12-31,Matured
FCAOT,0001813722,Ford Credit Auto Owner Trust 2020-B,2020-B,2024-03-19,2024-04-19,2024-02-29,Matured
FCAOT,0001692310,Ford Credit Auto Owner Trust 2017-A,2017-A,2020-11-17,2020-12-17,2020-10-31,Matured
FCAOT,0001793014,Ford Credit Auto Owner Trust 2019-C,2019-C,2023-09-19,2023-10-19,2023-08-31,Matured
FCAOT,0001931934,Ford Credit Auto Owner Trust 2022-B,2022-B,2026-03-17,2026-04-17,2026-02-28,Active
FCAOT,0001998559,Ford Credit Auto Owner Trust 2023-C,2023-C,2026-04-16,2026-05-18,2026-03-31,Active
FCAOT,0001944485,Ford Credit Auto Owner Trust 2022-C,2022-C,2026-04-16,2026-05-18,2026-03-31,Active
FCAOT,0002082903,Ford Credit Auto Owner Trust 2025-B,2025-B,2026-04-16,2026-05-18,2026-03-31,Active
FCAOT,0002023756,Ford Credit Auto Owner Trust 2024-B,2024-B,2026-04-16,2026-05-18,2026-03-31,Active
FCAOT,0001708287,Ford Credit Auto Owner Trust 2017-B,2017-B,2021-04-21,2021-05-21,2021-03-31,Matured
FCAOT,0002092555,Ford Credit Auto Owner Trust 2025-C,2025-C,2026-04-16,2026-05-18,2026-03-31,Active
FCAOT,0002113024,Ford Credit Auto Owner Trust 2026-A,2026-A,2026-04-16,2026-05-18,2026-03-31,Active
FTAT,0001715585,Fifth Third Auto Trust 2017-1,2017-1,2021-04-29,2021-05-28,2021-03-31,Matured
FTAT,0001772608,Fifth Third Auto Trust 2019-1,2019-1,2023-01-26,2023-02-27,2022-12-31,Matured
FTAT,0001986424,Fifth Third Auto Trust 2023-1,2023-1,2026-04-29,2026-05-29,2026-03-31,Active
GMCAR,0001724128,GM Financial Consumer Automobile Receivables Trust 2018-1,2018-1,2021-10-21,2021-11-22,2021-09-30,Matured
GMCAR,0001850024,GM Financial Consumer Automobile Receivables Trust 2021-2,2021-2,2025-05-21,2025-06-23,2025-04-30,Matured
GMCAR,0001733310,GM Financial Consumer Automobile Receivables Trust 2018-2,2018-2,2022-03-21,2022-04-21,2022-02-28,Matured
GMCAR,0001834699,GM Financial Consumer Automobile Receivables Trust 2021-1,2021-1,2024-12-19,2025-01-21,2024-11-30,Matured
GMCAR,0001867993,GM Financial Consumer Automobile Receivables Trust 2021-3,2021-3,2025-09-19,2025-10-20,2025-08-31,Matured
GMCAR,0002084404,GM Financial Consumer Automobile Receivables Trust 2025-4,2025-4,2026-04-21,2026-05-21,2026-03-31,Active
GMCAR,0002060535,GM Financial Consumer Automobile Receivables Trust 2025-2,2025-2,2026-04-21,2026-05-21,2026-03-31,Active
GMCAR,0001991088,GM Financial Consumer Automobile Receivables Trust 2023-4,2023-4,2026-04-21,2026-05-21,2026-03-31,Active
GMCAR,0002013919,GM Financial Consumer Automobile Receivables Trust 2024-2,2024-2,2026-04-21,2026-05-21,2026-03-31,Active
GMCAR,0002003007,GM Financial Consumer Automobile Receivables Trust 2024-1,2024-1,2026-04-21,2026-05-21,2026-03-31,Active
GMCAR,0001916232,GM Financial Consumer Automobile Receivables Trust 2022-2,2022-2,2026-04-21,2026-05-21,2026-03-31,Active
GMCAR,0002071240,GM Financial Consumer Automobile Receivables Trust 2025-3,2025-3,2026-04-21,2026-05-21,2026-03-31,Active
GMCAR,0002116462,GM Financial Consumer Automobile Receivables Trust 2026-2,2026-2,2026-04-02,2026-05-04,2026-02-28,Active
GMCAR,0002099048,GM Financial Consumer Automobile Receivables Trust 2026-1,2026-1,2026-04-21,2026-05-21,2026-03-31,Active
GMCAR,0001769174,GM Financial Consumer Automobile Receivables Trust 2019-2,2019-2,2023-01-20,2023-02-21,2022-12-31,Matured
GMCAR,0001751012,GM Financial Consumer Automobile Receivables Trust 2018-4,2018-4,2022-09-21,2022-10-21,2022-08-31,Matured
GMCAR,0001779033,GM Financial Consumer Automobile Receivables Trust 2019-3,2019-3,2023-04-20,2023-05-22,2023-03-31,Matured
GMCAR,0001823097,GM Financial Consumer Automobile Receivables Trust 2020-4,2020-4,2024-09-20,2024-10-21,2024-08-31,Matured
GMCAR,0001817669,GM Financial Consumer Automobile Receivables Trust 2020-3,2020-3,2024-07-19,2024-08-19,2024-06-30,Matured
GMCAR,0001795772,GM Financial Consumer Automobile Receivables Trust 2020-1,2020-1,2023-10-20,2023-11-20,2023-09-30,Matured
GMCAR,0001806151,GM Financial Consumer Automobile Receivables Trust 2020-2,2020-2,2024-01-19,2024-02-20,2023-12-31,Matured
GMCAR,0001760283,GM Financial Consumer Automobile Receivables Trust 2019-1,2019-1,2022-10-21,2022-11-21,2022-09-30,Matured
GMCAR,0001787304,GM Financial Consumer Automobile Receivables Trust 2019-4,2019-4,2023-07-20,2023-08-21,2023-06-30,Matured
GMCAR,0001741908,GM Financial Consumer Automobile Receivables Trust 2018-3,2018-3,2022-06-21,2022-07-21,2022-05-31,Matured
GMCAR,0001882961,GM Financial Consumer Automobile Receivables Trust 2021-4,2021-4,2025-12-18,2026-01-20,2025-11-30,Matured
GMCAR,0001896310,GM Financial Consumer Automobile Receivables Trust 2022-1,2022-1,2026-02-20,2026-03-20,2026-01-31,Matured
GMCAR,0002026197,GM Financial Consumer Automobile Receivables Trust 2024-3,2024-3,2026-04-21,2026-05-21,2026-03-31,Active
GMCAR,0001957685,GM Financial Consumer Automobile Receivables Trust 2023-1,2023-1,2026-04-21,2026-05-21,2026-03-31,Active
GMCAR,0001979069,GM Financial Consumer Automobile Receivables Trust 2023-3,2023-3,2026-04-21,2026-05-21,2026-03-31,Active
GMCAR,0002036780,GM Financial Consumer Automobile Receivables Trust 2024-4,2024-4,2026-04-21,2026-05-21,2026-03-31,Active
GMCAR,0001968204,GM Financial Consumer Automobile Receivables Trust 2023-2,2023-2,2026-04-21,2026-05-21,2026-03-31,Active
GMCAR,0001944019,GM Financial Consumer Automobile Receivables Trust 2022-4,2022-4,2026-04-21,2026-05-21,2026-03-31,Active
GMCAR,0001932377,GM Financial Consumer Automobile Receivables Trust 2022-3,2022-3,2026-04-21,2026-05-21,2026-03-31,Active
GMCAR,0002047316,GM Financial Consumer Automobile Receivables Trust 2025-1,2025-1,2026-04-21,2026-05-21,2026-03-31,Active
HALST,0001864962,Hyundai Auto Lease Securitization Trust 2021-B,2021-B,2021-07-13,2021-08-13,2021-06-30,Matured
HAROT,0001736790,Honda Auto Receivables 2018-2 Owner Trust,2018-2,2021-11-22,2021-12-22,2021-10-31,Matured
HAROT,0001889115,Honda Auto Receivables 2021-4 Owner Trust,2021-4,2025-06-20,2025-07-21,2025-05-31,Matured
HAROT,0001857290,Honda Auto Receivables 2021-2 Owner Trust,2021-2,2024-12-17,2025-01-17,2024-11-30,Matured
HAROT,0001755047,Honda Auto Receivables 2018-4 Owner Trust,2018-4,2022-05-19,2022-06-21,2022-04-30,Matured
HAROT,0001765556,Honda Auto Receivables 2019-1 Owner Trust,2019-1,2022-08-18,2022-09-19,2022-07-31,Matured
HAROT,0001745376,Honda Auto Receivables 2018-3 Owner Trust,2018-3,2022-02-23,2022-03-23,2022-01-31,Matured
HAROT,0001874803,Honda Auto Receivables 2021-3 Owner Trust,2021-3,2025-03-20,2025-04-21,2025-02-28,Matured
HAROT,0001784183,Honda Auto Receivables 2019-3 Owner Trust,2019-3,2023-01-23,2023-02-23,2022-12-31,Matured
HAROT,0001728028,Honda Auto Receivables 2018-1 Owner Trust,2018-1,2021-08-20,2021-09-20,2021-07-31,Matured
HAROT,0001840882,Honda Auto Receivables 2021-1 Owner Trust,2021-1,2024-09-20,2024-10-21,2024-08-31,Matured
HAROT,0001902266,Honda Auto Receivables 2022-1 Owner Trust,2022-1,2025-09-22,2025-10-22,2025-08-31,Matured
HAROT,0001996308,Honda Auto Receivables 2023-4 Owner Trust,2023-4,2026-04-21,2026-05-21,2026-03-31,Active
HAROT,0002008953,Honda Auto Receivables 2024-1 Owner Trust,2024-1,2026-04-21,2026-05-21,2026-03-31,Active
HAROT,0002077602,Honda Auto Receivables 2025-3 Owner Trust,2025-3,2026-04-21,2026-05-21,2026-03-31,Active
HAROT,0002029555,Honda Auto Receivables 2024-3 Owner Trust,2024-3,2026-04-21,2026-05-21,2026-03-31,Active
HAROT,0002037549,Honda Auto Receivables 2024-4 Owner Trust,2024-4,2026-04-21,2026-05-21,2026-03-31,Active
HAROT,0001799186,Honda Auto Receivables 2020-1 Owner Trust,2020-1,2023-07-18,2023-08-18,2023-06-30,Matured
HAROT,0001721745,Honda Auto Receivables 2017-4 Owner Trust,2017-4,2021-05-19,2021-06-21,2021-04-30,Matured
HAROT,0001820728,Honda Auto Receivables 2020-3 Owner Trust,2020-3,2024-02-20,2024-03-20,2024-01-31,Matured
HAROT,0001697574,Honda Auto Receivables 2017-1 Owner Trust,2017-1,2020-10-21,2020-11-23,2020-09-30,Matured
HAROT,0001810070,Honda Auto Receivables 2020-2 Owner Trust,2020-2,2023-11-16,2023-12-18,2023-10-31,Matured
HAROT,0001792159,Honda Auto Receivables 2019-4 Owner Trust,2019-4,2023-05-22,2023-06-22,2023-04-30,Matured
HAROT,0001706612,Honda Auto Receivables 2017-2 Owner Trust,2017-2,2020-12-15,2021-01-15,2020-11-30,Matured
HAROT,0001773055,Honda Auto Receivables 2019-2 Owner Trust,2019-2,2022-11-18,2022-12-19,2022-10-31,Matured
HAROT,0001715362,Honda Auto Receivables 2017-3 Owner Trust,2017-3,2021-03-22,2021-04-22,2021-02-28,Matured
HAROT,0001937619,Honda Auto Receivables 2022-2 Owner Trust,2022-2,2026-02-19,2026-03-19,2026-01-31,Matured
HAROT,0001962487,Honda Auto Receivables 2023-1 Owner Trust,2023-1,2026-04-21,2026-05-21,2026-03-31,Active
HAROT,0001976562,Honda Auto Receivables 2023-2 Owner Trust,2023-2,2026-04-21,2026-05-21,2026-03-31,Active
HAROT,0001985449,Honda Auto Receivables 2023-3 Owner Trust,2023-3,2026-04-21,2026-05-21,2026-03-31,Active
HAROT,0002019551,Honda Auto Receivables 2024-2 Owner Trust,2024-2,2026-04-21,2026-05-21,2026-03-31,Active
HAROT,0002089171,Honda Auto Receivables 2025-4 Owner Trust,2025-4,2026-04-21,2026-05-21,2026-03-31,Active
HAROT,0002100818,Honda Auto Receivables 2026-1 Owner Trust,2026-1,2026-04-21,2026-05-21,2026-03-31,Active
HAROT,0002052479,Honda Auto Receivables 2025-1 Owner Trust,2025-1,2026-04-21,2026-05-21,2026-03-31,Active
HAROT,0002062789,Honda Auto Receivables 2025-2 Owner Trust,2025-2,2026-04-21,2026-05-21,2026-03-31,Active
HAROT,0002123682,Honda Auto Receivables 2026-2 Owner Trust,2026-2,2026-04-29,2026-05-29,2026-03-31,Active
HART,0001816571,Hyundai Auto Receivables Trust 2020-B,2020-B,2024-09-17,2024-10-17,2024-08-31,Matured
HART,0001712182,Hyundai Auto Receivables Trust 2017-B,2017-B,2021-11-23,2021-12-23,2021-10-31,Matured
HART,0001853902,Hyundai Auto Receivables Trust 2021-A,2021-A,2025-08-21,2025-09-22,2025-07-31,Matured
HART,0001826501,Hyundai Auto Receivables Trust 2020-C,2020-C,2025-04-23,2025-05-23,2025-03-31,Matured
HART,0001869889,Hyundai Auto Receivables Trust 2021-B,2021-B,2025-12-18,2026-01-20,2025-11-30,Matured
HART,0001949662,Hyundai Auto Receivables Trust 2022-C,2022-C,2026-04-23,2026-05-26,2026-03-31,Active
HART,0001996910,Hyundai Auto Receivables Trust 2023-C,2023-C,2026-04-23,2026-05-26,2026-03-31,Active
HART,0001980330,Hyundai Auto Receivables Trust 2023-B,2023-B,2026-04-23,2026-05-26,2026-03-31,Active
HART,0002037227,Hyundai Auto Receivables Trust 2024-C,2024-C,2026-04-23,2026-05-26,2026-03-31,Active
HART,0001789755,Hyundai Auto Receivables Trust 2019-B,2019-B,2024-01-24,2024-02-26,2023-12-31,Matured
HART,0001771225,Hyundai Auto Receivables Trust 2019-A,2019-A,2023-05-24,2023-06-26,2023-04-30,Matured
HART,0001756671,Hyundai Auto Receivables Trust 2018-B,2018-B,2022-09-22,2022-10-24,2022-08-31,Matured
HART,0001735464,Hyundai Auto Receivables Trust 2018-A,2018-A,2022-05-27,2022-06-27,2022-04-30,Matured
HART,0001808575,Hyundai Auto Receivables Trust 2020-A,2020-A,2024-06-20,2024-07-22,2024-05-31,Matured
HART,0001699234,Hyundai Auto Receivables Trust 2017-A,2017-A,2021-06-29,2021-07-29,2021-05-31,Matured
HART,0001888347,Hyundai Auto Receivables Trust 2021-C,2021-C,2026-03-19,2026-04-20,2026-02-28,Active
HART,0002082419,Hyundai Auto Receivables Trust 2025-C,2025-C,2026-04-23,2026-05-26,2026-03-31,Active
HART,0001968583,Hyundai Auto Receivables Trust 2023-A,2023-A,2026-04-23,2026-05-26,2026-03-31,Active
HART,0002010834,Hyundai Auto Receivables Trust 2024-A,2024-A,2026-04-23,2026-05-26,2026-03-31,Active
HART,0002027363,Hyundai Auto Receivables Trust 2024-B,2024-B,2026-04-23,2026-05-26,2026-03-31,Active
HART,0002069716,Hyundai Auto Receivables Trust 2025-B,2025-B,2026-04-23,2026-05-26,2026-03-31,Active
HART,0002091679,Hyundai Auto Receivables Trust 2025-D,2025-D,2026-04-23,2026-05-26,2026-03-31,Active
HART,0001913196,Hyundai Auto Receivables Trust 2022-A,2022-A,2026-04-23,2026-05-26,2026-03-31,Active
HART,0002056104,Hyundai Auto Receivables Trust 2025-A,2025-A,2026-04-23,2026-05-26,2026-03-31,Active
HART,0001932485,Hyundai Auto Receivables Trust 2022-B,2022-B,2026-04-23,2026-05-26,2026-03-31,Active
HART,0002104134,Hyundai Auto Receivables Trust 2026-A,2026-A,2026-04-23,2026-05-26,2026-03-31,Active
MBART,0001813420,Mercedes-Benz Auto Receivables Trust 2020-1,2020-1,2024-07-19,2024-08-19,2024-06-30,Matured
MBART,0001878122,Mercedes-Benz Auto Receivables Trust 2021-1,2021-1,2025-12-19,2026-01-20,2025-11-30,Matured
MBART,0001998822,Mercedes-Benz Auto Receivables Trust 2024-1,2024-1,2026-04-21,2026-05-21,2026-03-31,Active
MBART,0001957424,Mercedes-Benz Auto Receivables Trust 2023-1,2023-1,2026-04-21,2026-05-21,2026-03-31,Active
MBART,0001993977,Mercedes-Benz Auto Receivables Trust 2023-2,2023-2,2026-04-21,2026-05-21,2026-03-31,Active
MBART,0002115657,Mercedes-Benz Auto Receivables Trust 2026-1,2026-1,2026-05-05,2026-06-05,2026-04-30,Active
MBART,0001785844,Mercedes-Benz Auto Receivables Trust 2019-1,2019-1,2023-09-21,2023-10-23,2023-08-31,Matured
MBART,0001733358,Mercedes-Benz Auto Receivables Trust 2018-1,2018-1,2022-08-19,2022-09-19,2022-07-31,Matured
MBART,0002044492,Mercedes-Benz Auto Receivables Trust 2025-1,2025-1,2026-04-21,2026-05-21,2026-03-31,Active
MBART,0001951118,Mercedes-Benz Auto Receivables Trust 2022-1,2022-1,2026-04-21,2026-05-21,2026-03-31,Active
NAROT,0001730276,Nissan Auto Receivables 2018-A Owner Trust,2018-A,2022-05-23,2022-06-23,2022-04-30,Matured
NAROT,0001788818,Nissan Auto Receivables 2019-C Owner Trust,2019-C,2024-02-21,2024-03-21,2024-01-31,Matured
NAROT,0001723370,Nissan Auto Receivables 2017-C Owner Trust,2017-C,2022-02-18,2022-03-18,2022-01-31,Matured
NAROT,0001694423,Nissan Auto Receivables 2017-A Owner Trust,2017-A,2021-05-21,2021-06-21,2021-04-30,Matured
NAROT,0001864913,Nissan Auto Receivables 2021-A Owner Trust,2021-A,2025-10-22,2025-11-24,2025-09-30,Matured
NAROT,0002091790,Nissan Auto Receivables 2025-B Owner Trust,2025-B,2026-04-22,2026-05-22,2026-03-31,Active
NAROT,0001905655,Nissan Auto Receivables 2022-A Owner Trust,2022-A,2026-04-22,2026-05-22,2026-03-31,Active
NAROT,0002035264,Nissan Auto Receivables 2024-B Owner Trust,2024-B,2026-04-22,2026-05-22,2026-03-31,Active
NAROT,0002017943,Nissan Auto Receivables 2024-A Owner Trust,2024-A,2026-04-22,2026-05-22,2026-03-31,Active
NAROT,0001995403,Nissan Auto Receivables 2023-B Owner Trust,2023-B,2026-04-22,2026-05-22,2026-03-31,Active
NAROT,0001759384,Nissan Auto Receivables 2018-C Owner Trust,2018-C,2023-04-24,2023-05-24,2023-03-31,Matured
NAROT,0001764987,Nissan Auto Receivables 2019-A Owner Trust,2019-A,2023-05-22,2023-06-22,2023-04-30,Matured
NAROT,0001712665,Nissan Auto Receivables 2017-B Owner Trust,2017-B,2021-09-16,2021-10-18,2021-08-31,Matured
NAROT,0001814237,Nissan Auto Receivables 2020-B Owner Trust,2020-B,2024-05-17,2024-06-17,2024-04-30,Matured
NAROT,0001775870,Nissan Auto Receivables 2019-B Owner Trust,2019-B,2023-08-21,2023-09-21,2023-07-31,Matured
NAROT,0001743852,Nissan Auto Receivables 2018-B Owner Trust,2018-B,2022-12-16,2023-01-17,2022-11-30,Matured
NAROT,0001808503,Nissan Auto Receivables 2020-A Owner Trust,2020-A,2024-09-17,2024-10-17,2024-08-31,Matured
NAROT,0001941405,Nissan Auto Receivables 2022-B Owner Trust,2022-B,2026-04-22,2026-05-22,2026-03-31,Active
NAROT,0001971902,Nissan Auto Receivables 2023-A Owner Trust,2023-A,2026-04-22,2026-05-22,2026-03-31,Active
NAROT,0002063629,Nissan Auto Receivables 2025-A Owner Trust,2025-A,2026-04-22,2026-05-22,2026-03-31,Active
NAROT,0002130293,Nissan Auto Receivables 2026-A Owner Trust,2026-A,2026-05-11,2026-06-11,2026-04-30,Active
SDART,0001783326,Santander Drive Auto Receivables Trust 2019-3,2019-3,2023-10-13,2023-11-13,2023-09-30,Matured
SDART,0001726794,Santander Drive Auto Receivables Trust 2018-1,2018-1,2022-03-15,2022-04-15,2022-02-28,Matured
SDART,0001748011,Santander Drive Auto Receivables Trust 2018-4,2018-4,2022-10-14,2022-11-14,2022-09-30,Matured
SDART,0001735033,Santander Drive Auto Receivables Trust 2018-2,2018-2,2022-06-14,2022-07-14,2022-05-31,Matured
SDART,0001710916,Santander Drive Auto Receivables Trust 2017-3,2017-3,2022-01-14,2022-02-14,2021-12-31,Matured
SDART,0001859055,Santander Drive Auto Receivables Trust 2021-2,2021-2,2025-07-14,2025-08-14,2025-06-30,Matured
SDART,0001742444,Santander Drive Auto Receivables Trust 2018-3,2018-3,2022-09-14,2022-10-14,2022-08-31,Matured
SDART,0001705710,Santander Drive Auto Receivables Trust 2017-2,2017-2,2021-08-13,2021-09-13,2021-07-31,Matured
SDART,0001905242,Santander Drive Auto Receivables Trust 2022-1,2022-1,2025-10-14,2025-11-14,2025-09-30,Matured
SDART,0001947426,Santander Drive Auto Receivables Trust 2022-7,2022-7,2026-04-14,2026-05-14,2026-03-31,Active
SDART,0001941255,Santander Drive Auto Receivables Trust 2022-5,2022-5,2026-04-14,2026-05-14,2026-03-31,Active
SDART,0001924957,Santander Drive Auto Receivables Trust 2022-3,2022-3,2026-04-14,2026-05-14,2026-03-31,Active
SDART,0002018245,Santander Drive Auto Receivables Trust 2024-2,2024-2,2026-04-14,2026-05-14,2026-03-31,Active
SDART,0002075635,Santander Drive Auto Receivables Trust 2025-3,2025-3,2026-04-14,2026-05-14,2026-03-31,Active
SDART,0002039227,Santander Drive Auto Receivables Trust 2024-5,2024-5,2026-04-14,2026-05-14,2026-03-31,Active
SDART,0002024522,Santander Drive Auto Receivables Trust 2024-3,2024-3,2026-04-14,2026-05-14,2026-03-31,Active
SDART,0001982819,Santander Drive Auto Receivables Trust 2023-3,2023-3,2026-04-14,2026-05-14,2026-03-31,Active
SDART,0001964220,Santander Drive Auto Receivables Trust 2023-2,2023-2,2026-05-14,2026-06-15,2026-04-30,Active
SDART,0002105961,Santander Drive Auto Receivables Trust 2026-1,2026-1,2026-04-14,2026-05-14,2026-03-31,Active
SDART,0001821292,Santander Drive Auto Receivables Trust 2020-3,2020-3,2024-11-14,2024-12-16,2024-10-31,Matured
SDART,0001765910,Santander Drive Auto Receivables Trust 2019-1,2019-1,2023-04-14,2023-05-15,2023-03-31,Matured
SDART,0001774409,Santander Drive Auto Receivables Trust 2019-2,2019-2,2023-09-14,2023-10-16,2023-08-31,Matured
SDART,0001807634,Santander Drive Auto Receivables Trust 2020-1,2020-1,2024-06-14,2024-07-15,2024-05-31,Matured
SDART,0001696935,Santander Drive Auto Receivables Trust 2017-1,2017-1,2021-05-14,2021-06-14,2021-04-30,Matured
SDART,0001753581,Santander Drive Auto Receivables Trust 2018-5,2018-5,2022-11-14,2022-12-14,2022-10-31,Matured
SDART,0001816049,Santander Drive Auto Receivables Trust 2020-2,2020-2,2024-07-12,2024-08-12,2024-06-30,Matured
SDART,0001868834,Santander Drive Auto Receivables Trust 2021-3,2021-3,2025-09-13,2025-10-14,2025-08-31,Matured
SDART,0001830976,Santander Drive Auto Receivables Trust 2020-4,2020-4,2025-11-14,2025-12-15,2025-10-31,Matured
SDART,0001839893,Santander Drive Auto Receivables Trust 2021-1,2021-1,2025-12-12,2026-01-12,2025-11-30,Matured
SDART,0001883955,Santander Drive Auto Receivables Trust 2021-4,2021-4,2026-01-14,2026-02-17,2025-12-31,Matured
SDART,0001934902,Santander Drive Auto Receivables Trust 2022-4,2022-4,2026-04-14,2026-05-14,2026-03-31,Active
SDART,0001913963,Santander Drive Auto Receivables Trust 2022-2,2022-2,2026-04-14,2026-05-14,2026-03-31,Active
SDART,0001987641,Santander Drive Auto Receivables Trust 2023-4,2023-4,2026-04-14,2026-05-14,2026-03-31,Active
SDART,0001943670,Santander Drive Auto Receivables Trust 2022-6,2022-6,2026-04-14,2026-05-14,2026-03-31,Active
SDART,0002031161,Santander Drive Auto Receivables Trust 2024-4,2024-4,2026-04-14,2026-05-14,2026-03-31,Active
SDART,0001999133,Santander Drive Auto Receivables Trust 2023-6,2023-6,2026-04-14,2026-05-14,2026-03-31,Active
SDART,0002055936,Santander Drive Auto Receivables Trust 2025-2,2025-2,2026-04-14,2026-05-14,2026-03-31,Active
SDART,0002049903,Santander Drive Auto Receivables Trust 2025-1,2025-1,2026-04-14,2026-05-14,2026-03-31,Active
SDART,0002004812,Santander Drive Auto Receivables Trust 2024-1,2024-1,2026-04-14,2026-05-14,2026-03-31,Active
SDART,0002094373,Santander Drive Auto Receivables Trust 2025-4,2025-4,2026-04-14,2026-05-14,2026-03-31,Active
SDART,0001959826,Santander Drive Auto Receivables Trust 2023-1,2023-1,2026-05-14,2026-06-15,2026-04-30,Active
SDART,0001993879,Santander Drive Auto Receivables Trust 2023-5,2023-5,2026-05-14,2026-06-15,2026-04-30,Active
TAOT,0001789892,Toyota Auto Receivables 2019-D Owner Trust,2019-D,2023-10-27,2023-11-27,2023-09-30,Matured
TAOT,0001762228,Toyota Auto Receivables 2019-A Owner Trust,2019-A,2023-02-24,2023-03-24,2023-01-31,Matured
TAOT,0001725585,Toyota Auto Receivables 2018-A Owner Trust,2018-A,2022-02-24,2022-03-24,2022-01-31,Matured
TAOT,0001805616,Toyota Auto Receivables 2020-B Owner Trust,2020-B,2024-04-25,2024-05-28,2024-03-31,Matured
TAOT,0001797057,Toyota Auto Receivables 2020-A Owner Trust,2020-A,2024-01-29,2024-02-29,2023-12-31,Matured
TAOT,0001933877,Toyota Auto Receivables 2022-C Owner Trust,2022-C,2026-04-28,2026-05-28,2026-03-31,Active
TAOT,0002063142,Toyota Auto Receivables 2025-C Owner Trust,2025-C,2026-04-28,2026-05-28,2026-03-31,Active
TAOT,0002026605,Toyota Auto Receivables 2024-C Owner Trust,2024-C,2026-04-28,2026-05-28,2026-03-31,Active
TAOT,0001973043,Toyota Auto Receivables 2023-B Owner Trust,2023-B,2026-04-28,2026-05-28,2026-03-31,Active
TAOT,0002012786,Toyota Auto Receivables 2024-B Owner Trust,2024-B,2026-04-28,2026-05-28,2026-03-31,Active
TAOT,0002002262,Toyota Auto Receivables 2024-A Owner Trust,2024-A,2026-04-28,2026-05-28,2026-03-31,Active
TAOT,0002047571,Toyota Auto Receivables 2025-A Owner Trust,2025-A,2026-04-28,2026-05-28,2026-03-31,Active
TAOT,0001773407,Toyota Auto Receivables 2019-B Owner Trust,2019-B,2023-04-26,2023-05-26,2023-03-31,Matured
TAOT,0001718100,Toyota Auto Receivables 2017-D Owner Trust,2017-D,2021-11-24,2021-12-27,2021-10-31,Matured
TAOT,0001754189,Toyota Auto Receivables 2018-D Owner Trust,2018-D,2022-12-22,2023-01-23,2022-11-30,Matured
TAOT,0001782479,Toyota Auto Receivables 2019-C Owner Trust,2019-C,2023-06-28,2023-07-28,2023-05-31,Matured
TAOT,0001736712,Toyota Auto Receivables 2018-B Owner Trust,2018-B,2022-06-28,2022-07-28,2022-05-31,Matured
TAOT,0001694919,Toyota Auto Receivables 2017-A Owner Trust,2017-A,2021-01-27,2021-02-26,2020-12-31,Matured
TAOT,0001822315,Toyota Auto Receivables 2020-D Owner Trust,2020-D,2024-09-26,2024-10-28,2024-08-31,Matured
TAOT,0001745763,Toyota Auto Receivables 2018-C Owner Trust,2018-C,2022-10-27,2022-11-28,2022-09-30,Matured
TAOT,0001814210,Toyota Auto Receivables 2020-C Owner Trust,2020-C,2024-06-26,2024-07-26,2024-05-31,Matured
TAOT,0001704304,Toyota Auto Receivables 2017-B Owner Trust,2017-B,2021-04-28,2021-05-28,2021-03-31,Matured
TAOT,0001838040,Toyota Auto Receivables 2021-A Owner Trust,2021-A,2025-02-26,2025-03-26,2025-01-31,Matured
TAOT,0001859855,Toyota Auto Receivables 2021-B Owner Trust,2021-B,2025-07-29,2025-08-29,2025-06-30,Matured
TAOT,0001709987,Toyota Auto Receivables 2017-C Owner Trust,2017-C,2021-08-26,2021-09-27,2021-07-31,Matured
TAOT,0001878610,Toyota Auto Receivables 2021-C Owner Trust,2021-C,2025-11-25,2025-12-26,2025-10-31,Matured
TAOT,0001886967,Toyota Auto Receivables 2021-D Owner Trust,2021-D,2026-01-28,2026-02-27,2025-12-31,Matured
TAOT,0002099540,Toyota Auto Receivables 2026-B Owner Trust,2026-B,2026-04-07,2026-05-07,2026-02-28,Active
TAOT,0002058316,Toyota Auto Receivables 2025-B Owner Trust,2025-B,2026-04-28,2026-05-28,2026-03-31,Active
TAOT,0001955778,Toyota Auto Receivables 2023-A Owner Trust,2023-A,2026-04-28,2026-05-28,2026-03-31,Active
TAOT,0001914281,Toyota Auto Receivables 2022-B Owner Trust,2022-B,2026-04-28,2026-05-28,2026-03-31,Active
TAOT,0001984199,Toyota Auto Receivables 2023-C Owner Trust,2023-C,2026-04-28,2026-05-28,2026-03-31,Active
TAOT,0001897392,Toyota Auto Receivables 2022-A Owner Trust,2022-A,2026-04-28,2026-05-28,2026-03-31,Active
TAOT,0001946790,Toyota Auto Receivables 2022-D Owner Trust,2022-D,2026-04-28,2026-05-28,2026-03-31,Active
TAOT,0002036936,Toyota Auto Receivables 2024-D Owner Trust,2024-D,2026-04-28,2026-05-28,2026-03-31,Active
TAOT,0001994222,Toyota Auto Receivables 2023-D Owner Trust,2023-D,2026-04-28,2026-05-28,2026-03-31,Active
TAOT,0002099539,Toyota Auto Receivables 2026-A Owner Trust,2026-A,2026-04-28,2026-05-28,2026-03-31,Active
TAOT,0002063141,Toyota Auto Receivables 2025-D Owner Trust,2025-D,2026-04-28,2026-05-28,2026-03-31,Active
USAOT,0001780984,USAA Auto Owner Trust 2019-1,2019-1,2022-09-19,2022-10-19,2022-08-31,Matured
USAOT,0001713660,USAA Auto Owner Trust 2017-1,2017-1,2020-09-16,2020-10-16,2020-08-31,Matured
VALET,0001809291,Volkswagen Auto Loan Enhanced Trust 2020-1,2020-1,2023-12-20,2024-01-22,2023-11-30,Matured
VALET,0002095374,Volkswagen Auto Loan Enhanced Trust 2025-2,2025-2,2026-04-20,2026-05-20,2026-03-31,Active
VALET,0002054483,Volkswagen Auto Loan Enhanced Trust 2025-1,2025-1,2026-04-20,2026-05-20,2026-03-31,Active
VALET,0002043149,Volkswagen Auto Loan Enhanced Trust 2024-1,2024-1,2026-04-20,2026-05-20,2026-03-31,Active
VALET,0001756401,Volkswagen Auto Loan Enhanced Trust 2018-2,2018-2,2022-05-20,2022-06-21,2022-04-29,Matured
VALET,0001720749,Volkswagen Auto Loan Enhanced Trust 2018-1,2018-1,2021-12-20,2022-01-20,2021-11-30,Matured
VALET,0001878944,Volkswagen Auto Loan Enhanced Trust 2021-1,2021-1,2025-07-21,2025-08-21,2025-06-30,Matured
VALET,0001998124,Volkswagen Auto Loan Enhanced Trust 2023-2,2023-2,2026-04-20,2026-05-20,2026-03-31,Active
VALET,0001976946,Volkswagen Auto Loan Enhanced Trust 2023-1,2023-1,2026-04-20,2026-05-20,2026-03-31,Active
WOART,0001752578,World Omni Auto Receivables Trust 2018-D,2018-D,2022-12-29,2023-01-30,2022-11-30,Matured
WOART,0001800398,World Omni Auto Receivables Trust 2020-A,2020-A,2024-03-28,2024-04-29,2024-02-29,Matured
WOART,0001836809,World Omni Auto Receivables Trust 2021-A,2021-A,2025-02-27,2025-03-27,2025-01-31,Matured
WOART,0001734889,World Omni Auto Receivables Trust 2018-B,2018-B,2022-06-29,2022-07-29,2022-05-31,Matured
WOART,0001724588,World Omni Auto Receivables Trust 2018-A,2018-A,2022-03-29,2022-04-29,2022-02-28,Matured
WOART,0001762287,World Omni Auto Receivables Trust 2019-A,2019-A,2023-02-24,2023-03-24,2023-01-31,Matured
WOART,0001710330,World Omni Auto Receivables Trust 2017-B,2017-B,2021-12-29,2022-01-31,2021-11-30,Matured
WOART,0001872327,World Omni Auto Receivables Trust 2021-C,2021-C,2025-09-29,2025-10-29,2025-08-31,Matured
WOART,0001969590,World Omni Auto Receivables Trust 2023-B,2023-B,2026-04-29,2026-05-29,2026-03-31,Active
WOART,0002029490,World Omni Auto Receivables Trust 2024-C,2024-C,2026-04-29,2026-05-29,2026-03-31,Active
WOART,0001959508,World Omni Auto Receivables Trust 2023-A,2023-A,2026-04-29,2026-05-29,2026-03-31,Active
WOART,0001935951,World Omni Auto Receivables Trust 2022-C,2022-C,2026-04-29,2026-05-29,2026-03-31,Active
WOART,0002074794,World Omni Auto Receivables Trust 2025-C,2025-C,2026-04-29,2026-05-29,2026-03-31,Active
WOART,0001950786,World Omni Auto Receivables Trust 2022-D,2022-D,2026-04-29,2026-05-29,2026-03-31,Active
WOART,0002104367,World Omni Auto Receivables Trust 2026-A,2026-A,2026-04-29,2026-05-29,2026-03-31,Active
WOART,0001744034,WORLD OMNI AUTO RECEIVABLES TRUST 2018-C,2018-C,2022-09-29,2022-10-31,2022-08-31,Matured
WOART,0001772793,World Omni Auto Receivables Trust 2019-B,2019-B,2023-05-26,2023-06-26,2023-04-30,Matured
WOART,0001702011,World Omni Auto Receivables Trust 2017-A,2017-A,2021-06-25,2021-07-26,2021-05-31,Matured
WOART,0001856407,World Omni Auto Receivables Trust 2021-B,2021-B,2025-06-27,2025-07-28,2025-05-31,Matured
WOART,0001812528,World Omni Auto Receivables Trust 2020-B,2020-B,2024-06-28,2024-07-29,2024-05-31,Matured
WOART,0001818066,World Omni Auto Receivables Trust 2020-C,2020-C,2024-10-29,2024-11-29,2024-09-30,Matured
WOART,0001780552,World Omni Auto Receivables Trust 2019-C,2019-C,2023-10-27,2023-11-27,2023-09-30,Matured
WOART,0001885500,World Omni Auto Receivables Trust 2021-D,2021-D,2025-11-28,2025-12-29,2025-10-31,Matured
WOART,0001905216,World Omni Auto Receivables Trust 2022-A,2022-A,2026-03-27,2026-04-27,2026-02-28,Active
WOART,0001986299,World Omni Auto Receivables Trust 2023-C,2023-C,2026-04-29,2026-05-29,2026-03-31,Active
WOART,0002007987,World Omni Auto Receivables Trust 2024-A,2024-A,2026-04-29,2026-05-29,2026-03-31,Active
WOART,0002065415,World Omni Auto Receivables Trust 2025-B,2025-B,2026-04-29,2026-05-29,2026-03-31,Active
WOART,0001926999,World Omni Auto Receivables Trust 2022-B,2022-B,2026-04-29,2026-05-29,2026-03-31,Active
WOART,0001994845,World Omni Auto Receivables Trust 2023-D,2023-D,2026-04-29,2026-05-29,2026-03-31,Active
WOART,0002087069,World Omni Auto Receivables Trust 2025-D,2025-D,2026-04-29,2026-05-29,2026-03-31,Active
WOART,0002046523,World Omni Auto Receivables Trust 2025-A,2025-A,2026-04-29,2026-05-29,2026-03-31,Active
WOART,0002021535,World Omni Auto Receivables Trust 2024-B,2024-B,2026-04-29,2026-05-29,2026-03-31,Active
WOART,0002128465,World Omni Auto Receivables Trust 2026-B,2026-B,2026-04-29,2026-05-29,2026-03-31,Active
WOSAT,0001787489,World Omni Select Auto Trust 2019-A,2019-A,2023-11-29,2023-12-29,2023-10-31,Matured
WOSAT,0001821685,World Omni Select Auto Trust 2020-A,2020-A,2024-09-27,2024-10-28,2024-08-31,Matured
WOSAT,0001878872,World Omni Select Auto Trust 2021-A,2021-A,2025-10-29,2025-11-28,2025-09-30,Matured
WOSAT,0001966071,World Omni Select Auto Trust 2023-A,2023-A,2026-04-29,2026-05-29,2026-03-31,Active
WOSAT,0002082708,World Omni Select Auto Trust 2025-A,2025-A,2026-04-29,2026-05-29,2026-03-31,Active
WOSAT,0002026491,World Omni Select Auto Trust 2024-A,2024-A,2026-04-29,2026-05-29,2026-03-31,Active
