issuer_code,vintage_year,loan_age_months,period_co_amt,orig_pool_amt,cumulative_co_amt,cumulative_loss_rate
NAROT,2011,76,1404.90000000,14888666.24000000,1404.90000000,0.00009436
NAROT,2011,77,799.52000000,14888666.24000000,2204.42000000,0.00014806
NAROT,2012,62,11438.58000000,428319084.77000004,11438.58000000,0.00002671
NAROT,2012,64,1831.58000000,428319084.77000004,13270.16000000,0.00003098
NAROT,2012,67,4450.61000000,428319084.77000004,17720.77000000,0.00004137
NAROT,2012,69,2358.50000000,428319084.77000004,20079.27000000,0.00004688
NAROT,2012,71,1.00000000,428319084.77000004,20080.27000000,0.00004688
NAROT,2012,72,8120.65000000,428319084.77000004,28200.92000000,0.00006584
NAROT,2012,73,3072.27000000,428319084.77000004,31273.19000000,0.00007301
NAROT,2012,74,1090.93000000,428319084.77000004,32364.12000000,0.00007556
NAROT,2012,75,5535.32000000,428319084.77000004,37899.44000000,0.00008848
NAROT,2012,76,4893.13000000,428319084.77000004,42792.57000000,0.00009991
NAROT,2012,77,2970.16000000,428319084.77000004,45762.73000000,0.00010684
NAROT,2012,78,4841.88000000,428319084.77000004,50604.61000000,0.00011815
NAROT,2012,79,1552.42000000,428319084.77000004,52157.03000000,0.00012177
NAROT,2012,83,638.88000000,428319084.77000004,52795.91000000,0.00012326
NAROT,2012,84,825.53000000,428319084.77000004,53621.44000000,0.00012519
NAROT,2013,45,3490.50000000,603766854.71000242,3490.50000000,0.00000578
NAROT,2013,48,1104.69000000,603766854.71000242,4595.19000000,0.00000761
NAROT,2013,49,4601.93000000,603766854.71000242,9197.12000000,0.00001523
NAROT,2013,50,5664.29000000,603766854.71000242,14861.41000000,0.00002461
NAROT,2013,53,5640.25000000,603766854.71000242,20501.66000000,0.00003396
NAROT,2013,54,4023.30000000,603766854.71000242,24524.96000000,0.00004062
NAROT,2013,56,5629.11000000,603766854.71000242,30154.07000000,0.00004994
NAROT,2013,59,15466.40000000,603766854.71000242,45620.47000000,0.00007556
NAROT,2013,61,2573.77000000,603766854.71000242,48194.24000000,0.00007982
NAROT,2013,63,2018.98000000,603766854.71000242,50213.22000000,0.00008317
NAROT,2013,64,1975.06000000,603766854.71000242,52188.28000000,0.00008644
NAROT,2013,65,2364.02000000,603766854.71000242,54552.30000000,0.00009035
NAROT,2013,66,1524.30000000,603766854.71000242,56076.60000000,0.00009288
NAROT,2013,67,315.84000000,603766854.71000242,56392.44000000,0.00009340
NAROT,2013,70,5404.31000000,603766854.71000242,61796.75000000,0.00010235
NAROT,2013,71,11327.96000000,603766854.71000242,73124.71000000,0.00012111
NAROT,2013,72,3638.05000000,603766854.71000242,76762.76000000,0.00012714
NAROT,2013,73,3057.75000000,603766854.71000242,79820.51000000,0.00013220
NAROT,2013,76,2705.74000000,603766854.71000242,82526.25000000,0.00013669
NAROT,2013,79,2772.48000000,603766854.71000242,85298.73000000,0.00014128
NAROT,2013,82,1335.55000000,603766854.71000242,86634.28000000,0.00014349
NAROT,2013,83,460.37000000,603766854.71000242,87094.65000000,0.00014425
NAROT,2014,40,43613.58000000,499155350.87999564,43613.58000000,0.00008737
NAROT,2014,42,30689.87000000,499155350.87999564,74303.45000000,0.00014886
NAROT,2014,44,29694.99000000,499155350.87999564,103998.44000000,0.00020835
NAROT,2014,46,29912.80000000,499155350.87999564,133911.24000000,0.00026828
NAROT,2014,47,27689.51000000,499155350.87999564,161600.75000000,0.00032375
NAROT,2014,48,39071.34000000,499155350.87999564,200672.09000000,0.00040202
NAROT,2014,49,18155.06000000,499155350.87999564,218827.15000000,0.00043839
NAROT,2014,50,30410.36000000,499155350.87999564,249237.51000000,0.00049932
NAROT,2014,54,19175.74000000,499155350.87999564,268413.25000000,0.00053773
NAROT,2014,55,7662.80000000,499155350.87999564,276076.05000000,0.00055309
NAROT,2014,56,10629.24000000,499155350.87999564,286705.29000000,0.00057438
NAROT,2014,57,25978.87000000,499155350.87999564,312684.16000000,0.00062643
NAROT,2014,58,6099.33000000,499155350.87999564,318783.49000000,0.00063865
NAROT,2014,59,10139.24000000,499155350.87999564,328922.73000000,0.00065896
NAROT,2014,60,6340.45000000,499155350.87999564,335263.18000000,0.00067166
NAROT,2014,61,5403.50000000,499155350.87999564,340666.68000000,0.00068249
NAROT,2014,62,884.96000000,499155350.87999564,341551.64000000,0.00068426
NAROT,2014,63,12165.92000000,499155350.87999564,353717.56000000,0.00070863
NAROT,2014,64,3890.00000000,499155350.87999564,357607.56000000,0.00071643
NAROT,2014,65,2590.18000000,499155350.87999564,360197.74000000,0.00072161
NAROT,2014,66,10973.72000000,499155350.87999564,371171.46000000,0.00074360
NAROT,2014,67,26385.68000000,499155350.87999564,397557.14000000,0.00079646
NAROT,2014,68,4065.09000000,499155350.87999564,401622.23000000,0.00080460
NAROT,2014,69,3944.57000000,499155350.87999564,405566.80000000,0.00081251
NAROT,2014,70,5452.58000000,499155350.87999564,411019.38000000,0.00082343
NAROT,2014,72,19693.73000000,499155350.87999564,430713.11000000,0.00086288
NAROT,2014,73,487.21000000,499155350.87999564,431200.32000000,0.00086386
NAROT,2014,74,6591.69000000,499155350.87999564,437792.01000000,0.00087707
NAROT,2014,76,3533.71000000,499155350.87999564,441325.72000000,0.00088415
NAROT,2014,77,2805.98000000,499155350.87999564,444131.70000000,0.00088977
NAROT,2014,78,622.33000000,499155350.87999564,444754.03000000,0.00089101
NAROT,2014,79,978.90000000,499155350.87999564,445732.93000000,0.00089297
NAROT,2014,80,1067.28000000,499155350.87999564,446800.21000000,0.00089511
NAROT,2014,81,3437.79000000,499155350.87999564,450238.00000000,0.00090200
NAROT,2015,19,960.16000000,2274166826.88001633,960.16000000,0.00000042
NAROT,2015,21,5914.35000000,2274166826.88001633,6874.51000000,0.00000302
NAROT,2015,22,128712.92000000,2274166826.88001633,135587.43000000,0.00005962
NAROT,2015,23,53385.26000000,2274166826.88001633,188972.69000000,0.00008310
NAROT,2015,24,98070.29000000,2274166826.88001633,287042.98000000,0.00012622
NAROT,2015,25,75303.35000000,2274166826.88001633,362346.33000000,0.00015933
NAROT,2015,26,38140.72000000,2274166826.88001633,400487.05000000,0.00017610
NAROT,2015,27,105757.79000000,2274166826.88001633,506244.84000000,0.00022261
NAROT,2015,28,158217.05000000,2274166826.88001633,664461.89000000,0.00029218
NAROT,2015,29,168572.75000000,2274166826.88001633,833034.64000000,0.00036630
NAROT,2015,30,138019.02000000,2274166826.88001633,971053.66000000,0.00042699
NAROT,2015,31,200909.52000000,2274166826.88001633,1171963.18000000,0.00051534
NAROT,2015,32,108591.62000000,2274166826.88001633,1280554.80000000,0.00056309
NAROT,2015,33,82270.83000000,2274166826.88001633,1362825.63000000,0.00059926
NAROT,2015,34,112338.86000000,2274166826.88001633,1475164.49000000,0.00064866
NAROT,2015,35,158199.99000000,2274166826.88001633,1633364.48000000,0.00071823
NAROT,2015,36,51263.10000000,2274166826.88001633,1684627.58000000,0.00074077
NAROT,2015,37,195630.10000000,2274166826.88001633,1880257.68000000,0.00082679
NAROT,2015,38,126331.76000000,2274166826.88001633,2006589.44000000,0.00088234
NAROT,2015,39,81443.14000000,2274166826.88001633,2088032.58000000,0.00091815
NAROT,2015,40,111910.35000000,2274166826.88001633,2199942.93000000,0.00096736
NAROT,2015,41,95721.98000000,2274166826.88001633,2295664.91000000,0.00100945
NAROT,2015,42,92269.14000000,2274166826.88001633,2387934.05000000,0.00105003
NAROT,2015,43,169828.82000000,2274166826.88001633,2557762.87000000,0.00112470
NAROT,2015,44,46200.75000000,2274166826.88001633,2603963.62000000,0.00114502
NAROT,2015,45,39245.83000000,2274166826.88001633,2643209.45000000,0.00116228
NAROT,2015,46,88975.45000000,2274166826.88001633,2732184.90000000,0.00120140
NAROT,2015,47,91468.87000000,2274166826.88001633,2823653.77000000,0.00124162
NAROT,2015,48,74058.50000000,2274166826.88001633,2897712.27000000,0.00127419
NAROT,2015,49,31498.26000000,2274166826.88001633,2929210.53000000,0.00128804
NAROT,2015,50,23333.85000000,2274166826.88001633,2952544.38000000,0.00129830
NAROT,2015,51,98794.57000000,2274166826.88001633,3051338.95000000,0.00134174
NAROT,2015,52,39856.59000000,2274166826.88001633,3091195.54000000,0.00135927
NAROT,2015,53,88921.95000000,2274166826.88001633,3180117.49000000,0.00139837
NAROT,2015,54,43665.47000000,2274166826.88001633,3223782.96000000,0.00141757
NAROT,2015,55,79402.35000000,2274166826.88001633,3303185.31000000,0.00145248
NAROT,2015,56,45457.30000000,2274166826.88001633,3348642.61000000,0.00147247
NAROT,2015,57,37195.93000000,2274166826.88001633,3385838.54000000,0.00148883
NAROT,2015,58,44484.17000000,2274166826.88001633,3430322.71000000,0.00150839
NAROT,2015,59,78323.61000000,2274166826.88001633,3508646.32000000,0.00154283
NAROT,2015,60,65760.33000000,2274166826.88001633,3574406.65000000,0.00157174
NAROT,2015,61,27341.96000000,2274166826.88001633,3601748.61000000,0.00158377
NAROT,2015,62,15454.93000000,2274166826.88001633,3617203.54000000,0.00159056
NAROT,2015,63,19467.64000000,2274166826.88001633,3636671.18000000,0.00159912
NAROT,2015,64,15799.33000000,2274166826.88001633,3652470.51000000,0.00160607
NAROT,2015,65,9847.29000000,2274166826.88001633,3662317.80000000,0.00161040
NAROT,2015,66,29830.37000000,2274166826.88001633,3692148.17000000,0.00162352
NAROT,2015,67,20846.88000000,2274166826.88001633,3712995.05000000,0.00163268
NAROT,2015,68,2604.88000000,2274166826.88001633,3715599.93000000,0.00163383
NAROT,2015,69,18963.71000000,2274166826.88001633,3734563.64000000,0.00164217
NAROT,2015,70,2523.71000000,2274166826.88001633,3737087.35000000,0.00164328
NAROT,2015,71,8335.24000000,2274166826.88001633,3745422.59000000,0.00164694
NAROT,2015,72,2995.69000000,2274166826.88001633,3748418.28000000,0.00164826
NAROT,2015,73,2312.48000000,2274166826.88001633,3750730.76000000,0.00164928
NAROT,2015,74,6877.94000000,2274166826.88001633,3757608.70000000,0.00165230
NAROT,2015,75,2727.66000000,2274166826.88001633,3760336.36000000,0.00165350
NAROT,2015,76,5293.41000000,2274166826.88001633,3765629.77000000,0.00165583
NAROT,2015,77,4240.46000000,2274166826.88001633,3769870.23000000,0.00165769
NAROT,2015,78,558.21000000,2274166826.88001633,3770428.44000000,0.00165794
NAROT,2015,79,1525.28000000,2274166826.88001633,3771953.72000000,0.00165861
NAROT,2015,80,2244.65000000,2274166826.88001633,3774198.37000000,0.00165960
NAROT,2015,81,1098.96000000,2274166826.88001633,3775297.33000000,0.00166008
NAROT,2015,82,1189.75000000,2274166826.88001633,3776487.08000000,0.00166060
NAROT,2016,11,2251.10000000,5835246426.06014824,2251.10000000,0.00000039
NAROT,2016,13,46206.03000000,5835246426.06014824,48457.13000000,0.00000830
NAROT,2016,14,97379.48000000,5835246426.06014824,145836.61000000,0.00002499
NAROT,2016,15,157441.39000000,5835246426.06014824,303278.00000000,0.00005197
NAROT,2016,16,180525.92000000,5835246426.06014824,483803.92000000,0.00008291
NAROT,2016,17,189761.11000000,5835246426.06014824,673565.03000000,0.00011543
NAROT,2016,18,340087.39000000,5835246426.06014824,1013652.42000000,0.00017371
NAROT,2016,19,154181.95000000,5835246426.06014824,1167834.37000000,0.00020013
NAROT,2016,20,307261.59000000,5835246426.06014824,1475095.96000000,0.00025279
NAROT,2016,21,429859.82000000,5835246426.06014824,1904955.78000000,0.00032646
NAROT,2016,22,299312.20000000,5835246426.06014824,2204267.98000000,0.00037775
NAROT,2016,23,362495.97000000,5835246426.06014824,2566763.95000000,0.00043987
NAROT,2016,24,229809.83000000,5835246426.06014824,2796573.78000000,0.00047926
NAROT,2016,25,322164.08000000,5835246426.06014824,3118737.86000000,0.00053447
NAROT,2016,26,297240.90000000,5835246426.06014824,3415978.76000000,0.00058540
NAROT,2016,27,428161.51000000,5835246426.06014824,3844140.27000000,0.00065878
NAROT,2016,28,375423.63000000,5835246426.06014824,4219563.90000000,0.00072312
NAROT,2016,29,217886.58000000,5835246426.06014824,4437450.48000000,0.00076046
NAROT,2016,30,207840.31000000,5835246426.06014824,4645290.79000000,0.00079607
NAROT,2016,31,256114.05000000,5835246426.06014824,4901404.84000000,0.00083997
NAROT,2016,32,457628.78000000,5835246426.06014824,5359033.62000000,0.00091839
NAROT,2016,33,236274.87000000,5835246426.06014824,5595308.49000000,0.00095888
NAROT,2016,34,309889.51000000,5835246426.06014824,5905198.00000000,0.00101199
NAROT,2016,35,289354.36000000,5835246426.06014824,6194552.36000000,0.00106158
NAROT,2016,36,229049.09000000,5835246426.06014824,6423601.45000000,0.00110083
NAROT,2016,37,340637.73000000,5835246426.06014824,6764239.18000000,0.00115920
NAROT,2016,38,198250.11000000,5835246426.06014824,6962489.29000000,0.00119318
NAROT,2016,39,198076.22000000,5835246426.06014824,7160565.51000000,0.00122712
NAROT,2016,40,275297.18000000,5835246426.06014824,7435862.69000000,0.00127430
NAROT,2016,41,309328.89000000,5835246426.06014824,7745191.58000000,0.00132731
NAROT,2016,42,297679.10000000,5835246426.06014824,8042870.68000000,0.00137833
NAROT,2016,43,348023.70000000,5835246426.06014824,8390894.38000000,0.00143797
NAROT,2016,44,318337.79000000,5835246426.06014824,8709232.17000000,0.00149252
NAROT,2016,45,268937.62000000,5835246426.06014824,8978169.79000000,0.00153861
NAROT,2016,46,346951.71000000,5835246426.06014824,9325121.50000000,0.00159807
NAROT,2016,47,272776.69000000,5835246426.06014824,9597898.19000000,0.00164481
NAROT,2016,48,266822.26000000,5835246426.06014824,9864720.45000000,0.00169054
NAROT,2016,49,246523.22000000,5835246426.06014824,10111243.67000000,0.00173279
NAROT,2016,50,209280.40000000,5835246426.06014824,10320524.07000000,0.00176865
NAROT,2016,51,236151.71000000,5835246426.06014824,10556675.78000000,0.00180912
NAROT,2016,52,186950.67000000,5835246426.06014824,10743626.45000000,0.00184116
NAROT,2016,53,187587.46000000,5835246426.06014824,10931213.91000000,0.00187331
NAROT,2016,54,132917.58000000,5835246426.06014824,11064131.49000000,0.00189609
NAROT,2016,55,85626.60000000,5835246426.06014824,11149758.09000000,0.00191076
NAROT,2016,56,104498.69000000,5835246426.06014824,11254256.78000000,0.00192867
NAROT,2016,57,103006.96000000,5835246426.06014824,11357263.74000000,0.00194632
NAROT,2016,58,111299.99000000,5835246426.06014824,11468563.73000000,0.00196539
NAROT,2016,59,57345.85000000,5835246426.06014824,11525909.58000000,0.00197522
NAROT,2016,60,105579.46000000,5835246426.06014824,11631489.04000000,0.00199332
NAROT,2016,61,2776.36000000,5835246426.06014824,11634265.40000000,0.00199379
NAROT,2016,62,27071.95000000,5835246426.06014824,11661337.35000000,0.00199843
NAROT,2016,63,52060.64000000,5835246426.06014824,11713397.99000000,0.00200735
NAROT,2016,64,16481.83000000,5835246426.06014824,11729879.82000000,0.00201018
NAROT,2016,65,7405.40000000,5835246426.06014824,11737285.22000000,0.00201145
NAROT,2016,66,2802.50000000,5835246426.06014824,11740087.72000000,0.00201193
NAROT,2016,68,4945.80000000,5835246426.06014824,11745033.52000000,0.00201277
NAROT,2016,69,13416.71000000,5835246426.06014824,11758450.23000000,0.00201507
NAROT,2016,71,6216.73000000,5835246426.06014824,11764666.96000000,0.00201614
NAROT,2016,72,13967.53000000,5835246426.06014824,11778634.49000000,0.00201853
NAROT,2016,73,8326.61000000,5835246426.06014824,11786961.10000000,0.00201996
NAROT,2016,74,1420.45000000,5835246426.06014824,11788381.55000000,0.00202020
NAROT,2016,75,1980.11000000,5835246426.06014824,11790361.66000000,0.00202054
NAROT,2016,76,7585.65000000,5835246426.06014824,11797947.31000000,0.00202184
NAROT,2016,77,3461.55000000,5835246426.06014824,11801408.86000000,0.00202244
NAROT,2016,78,901.82000000,5835246426.06014824,11802310.68000000,0.00202259
NAROT,2016,79,703.43000000,5835246426.06014824,11803014.11000000,0.00202271
NAROT,2016,81,649.15000000,5835246426.06014824,11803663.26000000,0.00202282
NAROT,2016,82,1331.23000000,5835246426.06014824,11804994.49000000,0.00202305
NAROT,2017,7,13142.96000000,7542895471.86015606,13142.96000000,0.00000174
NAROT,2017,8,23380.42000000,7542895471.86015606,36523.38000000,0.00000484
NAROT,2017,10,64330.16000000,7542895471.86015606,100853.54000000,0.00001337
NAROT,2017,11,111054.82000000,7542895471.86015606,211908.36000000,0.00002809
NAROT,2017,12,50943.04000000,7542895471.86015606,262851.40000000,0.00003485
NAROT,2017,13,303152.08000000,7542895471.86015606,566003.48000000,0.00007504
NAROT,2017,14,289597.03000000,7542895471.86015606,855600.51000000,0.00011343
NAROT,2017,15,133751.12000000,7542895471.86015606,989351.63000000,0.00013116
NAROT,2017,16,212765.10000000,7542895471.86015606,1202116.73000000,0.00015937
NAROT,2017,17,309681.97000000,7542895471.86015606,1511798.70000000,0.00020043
NAROT,2017,18,527451.48000000,7542895471.86015606,2039250.18000000,0.00027035
NAROT,2017,19,316442.11000000,7542895471.86015606,2355692.29000000,0.00031231
NAROT,2017,20,404049.24000000,7542895471.86015606,2759741.53000000,0.00036587
NAROT,2017,21,355341.85000000,7542895471.86015606,3115083.38000000,0.00041298
NAROT,2017,22,428177.62000000,7542895471.86015606,3543261.00000000,0.00046975
NAROT,2017,23,359878.57000000,7542895471.86015606,3903139.57000000,0.00051746
NAROT,2017,24,629957.67000000,7542895471.86015606,4533097.24000000,0.00060098
NAROT,2017,25,472355.74000000,7542895471.86015606,5005452.98000000,0.00066360
NAROT,2017,26,281498.66000000,7542895471.86015606,5286951.64000000,0.00070092
NAROT,2017,27,541726.90000000,7542895471.86015606,5828678.54000000,0.00077274
NAROT,2017,28,531566.16000000,7542895471.86015606,6360244.70000000,0.00084321
NAROT,2017,29,678308.50000000,7542895471.86015606,7038553.20000000,0.00093314
NAROT,2017,30,698982.35000000,7542895471.86015606,7737535.55000000,0.00102580
NAROT,2017,31,508394.10000000,7542895471.86015606,8245929.65000000,0.00109320
NAROT,2017,32,583723.57000000,7542895471.86015606,8829653.22000000,0.00117059
NAROT,2017,33,684900.82000000,7542895471.86015606,9514554.04000000,0.00126139
NAROT,2017,34,539059.43000000,7542895471.86015606,10053613.47000000,0.00133286
NAROT,2017,35,676776.39000000,7542895471.86015606,10730389.86000000,0.00142258
NAROT,2017,36,691001.94000000,7542895471.86015606,11421391.80000000,0.00151419
NAROT,2017,37,362284.95000000,7542895471.86015606,11783676.75000000,0.00156222
NAROT,2017,38,427524.01000000,7542895471.86015606,12211200.76000000,0.00161890
NAROT,2017,39,594097.08000000,7542895471.86015606,12805297.84000000,0.00169766
NAROT,2017,40,415573.76000000,7542895471.86015606,13220871.60000000,0.00175276
NAROT,2017,41,463916.35000000,7542895471.86015606,13684787.95000000,0.00181426
NAROT,2017,42,305526.24000000,7542895471.86015606,13990314.19000000,0.00185477
NAROT,2017,43,247830.20000000,7542895471.86015606,14238144.39000000,0.00188762
NAROT,2017,44,301321.20000000,7542895471.86015606,14539465.59000000,0.00192757
NAROT,2017,45,282511.97000000,7542895471.86015606,14821977.56000000,0.00196502
NAROT,2017,46,179568.93000000,7542895471.86015606,15001546.49000000,0.00198883
NAROT,2017,47,179240.88000000,7542895471.86015606,15180787.37000000,0.00201259
NAROT,2017,48,226513.25000000,7542895471.86015606,15407300.62000000,0.00204262
NAROT,2017,49,190022.65000000,7542895471.86015606,15597323.27000000,0.00206782
NAROT,2017,50,132757.11000000,7542895471.86015606,15730080.38000000,0.00208542
NAROT,2017,51,139825.72000000,7542895471.86015606,15869906.10000000,0.00210395
NAROT,2017,52,122479.56000000,7542895471.86015606,15992385.66000000,0.00212019
NAROT,2017,53,135954.30000000,7542895471.86015606,16128339.96000000,0.00213822
NAROT,2017,54,112694.78000000,7542895471.86015606,16241034.74000000,0.00215316
NAROT,2017,55,112918.34000000,7542895471.86015606,16353953.08000000,0.00216813
NAROT,2017,56,73014.81000000,7542895471.86015606,16426967.89000000,0.00217781
NAROT,2017,57,62521.78000000,7542895471.86015606,16489489.67000000,0.00218610
NAROT,2017,58,86138.25000000,7542895471.86015606,16575627.92000000,0.00219752
NAROT,2017,59,97992.88000000,7542895471.86015606,16673620.80000000,0.00221051
NAROT,2017,60,50546.67000000,7542895471.86015606,16724167.47000000,0.00221721
NAROT,2017,61,50945.17000000,7542895471.86015606,16775112.64000000,0.00222396
NAROT,2017,62,27263.05000000,7542895471.86015606,16802375.69000000,0.00222758
NAROT,2017,63,61115.44000000,7542895471.86015606,16863491.13000000,0.00223568
NAROT,2017,64,9601.07000000,7542895471.86015606,16873092.20000000,0.00223695
NAROT,2017,65,23793.62000000,7542895471.86015606,16896885.82000000,0.00224011
NAROT,2017,66,19974.96000000,7542895471.86015606,16916860.78000000,0.00224275
NAROT,2017,67,24762.10000000,7542895471.86015606,16941622.88000000,0.00224604
NAROT,2017,68,26036.26000000,7542895471.86015606,16967659.14000000,0.00224949
NAROT,2017,69,11392.23000000,7542895471.86015606,16979051.37000000,0.00225100
NAROT,2017,70,13388.45000000,7542895471.86015606,16992439.82000000,0.00225277
NAROT,2017,71,8395.90000000,7542895471.86015606,17000835.72000000,0.00225389
NAROT,2017,72,15118.92000000,7542895471.86015606,17015954.64000000,0.00225589
NAROT,2017,73,3790.24000000,7542895471.86015606,17019744.88000000,0.00225639
NAROT,2017,74,9543.68000000,7542895471.86015606,17029288.56000000,0.00225766
NAROT,2017,75,2295.50000000,7542895471.86015606,17031584.06000000,0.00225796
NAROT,2017,76,6689.40000000,7542895471.86015606,17038273.46000000,0.00225885
NAROT,2017,77,4254.56000000,7542895471.86015606,17042528.02000000,0.00225941
NAROT,2017,78,1552.27000000,7542895471.86015606,17044080.29000000,0.00225962
NAROT,2017,81,1038.06000000,7542895471.86015606,17045118.35000000,0.00225976
NAROT,2017,82,691.25000000,7542895471.86015606,17045809.60000000,0.00225985
NAROT,2018,5,35311.40000000,5545885586.79008293,35311.40000000,0.00000637
NAROT,2018,6,35796.28000000,5545885586.79008293,71107.68000000,0.00001282
NAROT,2018,8,115516.44000000,5545885586.79008293,186624.12000000,0.00003365
NAROT,2018,9,79500.89000000,5545885586.79008293,266125.01000000,0.00004799
NAROT,2018,10,135848.01000000,5545885586.79008293,401973.02000000,0.00007248
NAROT,2018,11,157453.68000000,5545885586.79008293,559426.70000000,0.00010087
NAROT,2018,12,155800.36000000,5545885586.79008293,715227.06000000,0.00012897
NAROT,2018,13,321005.13000000,5545885586.79008293,1036232.19000000,0.00018685
NAROT,2018,14,427299.61000000,5545885586.79008293,1463531.80000000,0.00026390
NAROT,2018,15,328301.83000000,5545885586.79008293,1791833.63000000,0.00032309
NAROT,2018,16,466564.55000000,5545885586.79008293,2258398.18000000,0.00040722
NAROT,2018,17,630360.92000000,5545885586.79008293,2888759.10000000,0.00052088
NAROT,2018,18,581701.93000000,5545885586.79008293,3470461.03000000,0.00062577
NAROT,2018,19,668501.94000000,5545885586.79008293,4138962.97000000,0.00074631
NAROT,2018,20,852747.90000000,5545885586.79008293,4991710.87000000,0.00090007
NAROT,2018,21,724479.29000000,5545885586.79008293,5716190.16000000,0.00103071
NAROT,2018,22,412581.96000000,5545885586.79008293,6128772.12000000,0.00110510
NAROT,2018,23,510169.73000000,5545885586.79008293,6638941.85000000,0.00119709
NAROT,2018,24,319505.57000000,5545885586.79008293,6958447.42000000,0.00125470
NAROT,2018,25,698259.46000000,5545885586.79008293,7656706.88000000,0.00138061
NAROT,2018,26,602649.35000000,5545885586.79008293,8259356.23000000,0.00148928
NAROT,2018,27,413673.60000000,5545885586.79008293,8673029.83000000,0.00156387
NAROT,2018,28,502690.56000000,5545885586.79008293,9175720.39000000,0.00165451
NAROT,2018,29,689710.05000000,5545885586.79008293,9865430.44000000,0.00177887
NAROT,2018,30,262599.96000000,5545885586.79008293,10128030.40000000,0.00182622
NAROT,2018,31,518801.84000000,5545885586.79008293,10646832.24000000,0.00191977
NAROT,2018,32,406817.88000000,5545885586.79008293,11053650.12000000,0.00199313
NAROT,2018,33,386908.29000000,5545885586.79008293,11440558.41000000,0.00206289
NAROT,2018,34,313559.32000000,5545885586.79008293,11754117.73000000,0.00211943
NAROT,2018,35,343690.33000000,5545885586.79008293,12097808.06000000,0.00218140
NAROT,2018,36,319054.01000000,5545885586.79008293,12416862.07000000,0.00223893
NAROT,2018,37,209156.21000000,5545885586.79008293,12626018.28000000,0.00227665
NAROT,2018,38,238283.69000000,5545885586.79008293,12864301.97000000,0.00231961
NAROT,2018,39,86406.15000000,5545885586.79008293,12950708.12000000,0.00233519
NAROT,2018,40,206474.48000000,5545885586.79008293,13157182.60000000,0.00237242
NAROT,2018,41,241022.49000000,5545885586.79008293,13398205.09000000,0.00241588
NAROT,2018,42,162765.54000000,5545885586.79008293,13560970.63000000,0.00244523
NAROT,2018,43,318442.10000000,5545885586.79008293,13879412.73000000,0.00250265
NAROT,2018,44,82839.49000000,5545885586.79008293,13962252.22000000,0.00251759
NAROT,2018,45,166478.13000000,5545885586.79008293,14128730.35000000,0.00254761
NAROT,2018,46,124145.95000000,5545885586.79008293,14252876.30000000,0.00256999
NAROT,2018,47,178439.22000000,5545885586.79008293,14431315.52000000,0.00260217
NAROT,2018,48,116397.64000000,5545885586.79008293,14547713.16000000,0.00262315
NAROT,2018,49,96359.38000000,5545885586.79008293,14644072.54000000,0.00264053
NAROT,2018,50,53827.95000000,5545885586.79008293,14697900.49000000,0.00265024
NAROT,2018,51,91737.67000000,5545885586.79008293,14789638.16000000,0.00266678
NAROT,2018,52,187292.45000000,5545885586.79008293,14976930.61000000,0.00270055
NAROT,2018,53,126457.80000000,5545885586.79008293,15103388.41000000,0.00272335
NAROT,2018,54,106747.50000000,5545885586.79008293,15210135.91000000,0.00274260
NAROT,2018,55,85774.79000000,5545885586.79008293,15295910.70000000,0.00275806
NAROT,2018,56,93535.24000000,5545885586.79008293,15389445.94000000,0.00277493
NAROT,2018,57,54522.00000000,5545885586.79008293,15443967.94000000,0.00278476
NAROT,2018,58,81891.28000000,5545885586.79008293,15525859.22000000,0.00279953
NAROT,2018,59,42414.95000000,5545885586.79008293,15568274.17000000,0.00280718
NAROT,2018,60,68331.35000000,5545885586.79008293,15636605.52000000,0.00281950
NAROT,2018,61,64073.85000000,5545885586.79008293,15700679.37000000,0.00283105
NAROT,2018,62,22068.66000000,5545885586.79008293,15722748.03000000,0.00283503
NAROT,2018,63,68843.78000000,5545885586.79008293,15791591.81000000,0.00284744
NAROT,2018,64,793.78000000,5545885586.79008293,15792385.59000000,0.00284759
NAROT,2018,65,11371.55000000,5545885586.79008293,15803757.14000000,0.00284964
NAROT,2018,66,4330.36000000,5545885586.79008293,15808087.50000000,0.00285042
NAROT,2018,67,13509.19000000,5545885586.79008293,15821596.69000000,0.00285285
NAROT,2018,68,29422.89000000,5545885586.79008293,15851019.58000000,0.00285816
NAROT,2018,69,10190.67000000,5545885586.79008293,15861210.25000000,0.00286000
NAROT,2018,70,8275.94000000,5545885586.79008293,15869486.19000000,0.00286149
NAROT,2018,71,6943.24000000,5545885586.79008293,15876429.43000000,0.00286274
NAROT,2018,72,8004.37000000,5545885586.79008293,15884433.80000000,0.00286418
NAROT,2018,74,11940.87000000,5545885586.79008293,15896374.67000000,0.00286634
NAROT,2018,75,6109.75000000,5545885586.79008293,15902484.42000000,0.00286744
NAROT,2018,76,7464.68000000,5545885586.79008293,15909949.10000000,0.00286878
NAROT,2018,77,1418.99000000,5545885586.79008293,15911368.09000000,0.00286904
NAROT,2018,78,1603.87000000,5545885586.79008293,15912971.96000000,0.00286933
NAROT,2019,6,25088.53000000,3736728704.96002865,25088.53000000,0.00000671
NAROT,2019,7,21658.90000000,3736728704.96002865,46747.43000000,0.00001251
NAROT,2019,8,177252.79000000,3736728704.96002865,224000.22000000,0.00005995
NAROT,2019,9,201649.47000000,3736728704.96002865,425649.69000000,0.00011391
NAROT,2019,10,130578.31000000,3736728704.96002865,556228.00000000,0.00014885
NAROT,2019,11,293811.25000000,3736728704.96002865,850039.25000000,0.00022748
NAROT,2019,12,381949.13000000,3736728704.96002865,1231988.38000000,0.00032970
NAROT,2019,13,336365.38000000,3736728704.96002865,1568353.76000000,0.00041971
NAROT,2019,14,581311.62000000,3736728704.96002865,2149665.38000000,0.00057528
NAROT,2019,15,437928.61000000,3736728704.96002865,2587593.99000000,0.00069248
NAROT,2019,16,503206.34000000,3736728704.96002865,3090800.33000000,0.00082714
NAROT,2019,17,444288.04000000,3736728704.96002865,3535088.37000000,0.00094604
NAROT,2019,18,237634.64000000,3736728704.96002865,3772723.01000000,0.00100963
NAROT,2019,19,488855.01000000,3736728704.96002865,4261578.02000000,0.00114046
NAROT,2019,20,457345.42000000,3736728704.96002865,4718923.44000000,0.00126285
NAROT,2019,21,362319.36000000,3736728704.96002865,5081242.80000000,0.00135981
NAROT,2019,22,152511.85000000,3736728704.96002865,5233754.65000000,0.00140062
NAROT,2019,23,395051.77000000,3736728704.96002865,5628806.42000000,0.00150635
NAROT,2019,24,230824.21000000,3736728704.96002865,5859630.63000000,0.00156812
NAROT,2019,25,114983.60000000,3736728704.96002865,5974614.23000000,0.00159889
NAROT,2019,26,124102.67000000,3736728704.96002865,6098716.90000000,0.00163210
NAROT,2019,27,193253.58000000,3736728704.96002865,6291970.48000000,0.00168382
NAROT,2019,28,111399.29000000,3736728704.96002865,6403369.77000000,0.00171363
NAROT,2019,29,175575.18000000,3736728704.96002865,6578944.95000000,0.00176062
NAROT,2019,30,164198.64000000,3736728704.96002865,6743143.59000000,0.00180456
NAROT,2019,31,121370.63000000,3736728704.96002865,6864514.22000000,0.00183704
NAROT,2019,32,235915.00000000,3736728704.96002865,7100429.22000000,0.00190017
NAROT,2019,33,122056.21000000,3736728704.96002865,7222485.43000000,0.00193284
NAROT,2019,34,165245.19000000,3736728704.96002865,7387730.62000000,0.00197706
NAROT,2019,35,239323.28000000,3736728704.96002865,7627053.90000000,0.00204110
NAROT,2019,36,92413.33000000,3736728704.96002865,7719467.23000000,0.00206584
NAROT,2019,37,82888.25000000,3736728704.96002865,7802355.48000000,0.00208802
NAROT,2019,38,149293.64000000,3736728704.96002865,7951649.12000000,0.00212797
NAROT,2019,39,203500.09000000,3736728704.96002865,8155149.21000000,0.00218243
NAROT,2019,40,38663.92000000,3736728704.96002865,8193813.13000000,0.00219278
NAROT,2019,41,294456.67000000,3736728704.96002865,8488269.80000000,0.00227158
NAROT,2019,42,84768.37000000,3736728704.96002865,8573038.17000000,0.00229426
NAROT,2019,43,132354.54000000,3736728704.96002865,8705392.71000000,0.00232968
NAROT,2019,44,143261.95000000,3736728704.96002865,8848654.66000000,0.00236802
NAROT,2019,45,126668.70000000,3736728704.96002865,8975323.36000000,0.00240192
NAROT,2019,46,93338.58000000,3736728704.96002865,9068661.94000000,0.00242690
NAROT,2019,47,72165.79000000,3736728704.96002865,9140827.73000000,0.00244621
NAROT,2019,48,72735.88000000,3736728704.96002865,9213563.61000000,0.00246568
NAROT,2019,49,34031.30000000,3736728704.96002865,9247594.91000000,0.00247478
NAROT,2019,50,109193.48000000,3736728704.96002865,9356788.39000000,0.00250401
NAROT,2019,51,167367.69000000,3736728704.96002865,9524156.08000000,0.00254880
NAROT,2019,52,43712.94000000,3736728704.96002865,9567869.02000000,0.00256049
NAROT,2019,53,87123.51000000,3736728704.96002865,9654992.53000000,0.00258381
NAROT,2019,54,68641.45000000,3736728704.96002865,9723633.98000000,0.00260218
NAROT,2019,55,64865.39000000,3736728704.96002865,9788499.37000000,0.00261954
NAROT,2019,56,42292.10000000,3736728704.96002865,9830791.47000000,0.00263086
NAROT,2019,57,27672.41000000,3736728704.96002865,9858463.88000000,0.00263826
NAROT,2019,58,29569.44000000,3736728704.96002865,9888033.32000000,0.00264617
NAROT,2019,59,59979.60000000,3736728704.96002865,9948012.92000000,0.00266223
NAROT,2019,60,26343.37000000,3736728704.96002865,9974356.29000000,0.00266927
NAROT,2019,62,23962.96000000,3736728704.96002865,9998319.25000000,0.00267569
NAROT,2019,63,6916.84000000,3736728704.96002865,10005236.09000000,0.00267754
NAROT,2019,64,4813.67000000,3736728704.96002865,10010049.76000000,0.00267883
NAROT,2019,65,8591.34000000,3736728704.96002865,10018641.10000000,0.00268113
NAROT,2019,66,17184.51000000,3736728704.96002865,10035825.61000000,0.00268572
NAROT,2019,67,16542.27000000,3736728704.96002865,10052367.88000000,0.00269015
NAROT,2019,68,11487.80000000,3736728704.96002865,10063855.68000000,0.00269323
NAROT,2019,70,1150.74000000,3736728704.96002865,10065006.42000000,0.00269353
NAROT,2019,71,4108.74000000,3736728704.96002865,10069115.16000000,0.00269463
NAROT,2019,72,205.76000000,3736728704.96002865,10069320.92000000,0.00269469
NAROT,2019,73,7536.14000000,3736728704.96002865,10076857.06000000,0.00269671
NAROT,2019,74,3240.31000000,3736728704.96002865,10080097.37000000,0.00269757
NAROT,2019,75,2823.60000000,3736728704.96002865,10082920.97000000,0.00269833
NAROT,2019,76,2079.39000000,3736728704.96002865,10085000.36000000,0.00269888
NAROT,2019,77,365.00000000,3736728704.96002865,10085365.36000000,0.00269898
NAROT,2019,78,858.37000000,3736728704.96002865,10086223.73000000,0.00269921
NAROT,2019,79,964.44000000,3736728704.96002865,10087188.17000000,0.00269947
NAROT,2019,81,104.19000000,3736728704.96002865,10087292.36000000,0.00269950
NAROT,2020,8,73514.77000000,2957574130.88999224,73514.77000000,0.00002486
NAROT,2020,9,63031.96000000,2957574130.88999224,136546.73000000,0.00004617
NAROT,2020,10,11207.92000000,2957574130.88999224,147754.65000000,0.00004996
NAROT,2020,11,23961.29000000,2957574130.88999224,171715.94000000,0.00005806
NAROT,2020,12,33984.86000000,2957574130.88999224,205700.80000000,0.00006955
NAROT,2020,13,6900.30000000,2957574130.88999224,212601.10000000,0.00007188
NAROT,2020,14,34528.38000000,2957574130.88999224,247129.48000000,0.00008356
NAROT,2020,15,28922.49000000,2957574130.88999224,276051.97000000,0.00009334
NAROT,2020,16,50514.93000000,2957574130.88999224,326566.90000000,0.00011042
NAROT,2020,17,115926.63000000,2957574130.88999224,442493.53000000,0.00014961
NAROT,2020,18,42282.56000000,2957574130.88999224,484776.09000000,0.00016391
NAROT,2020,19,89714.43000000,2957574130.88999224,574490.52000000,0.00019424
NAROT,2020,20,87891.98000000,2957574130.88999224,662382.50000000,0.00022396
NAROT,2020,21,43488.27000000,2957574130.88999224,705870.77000000,0.00023867
NAROT,2020,22,67521.73000000,2957574130.88999224,773392.50000000,0.00026150
NAROT,2020,23,210338.51000000,2957574130.88999224,983731.01000000,0.00033261
NAROT,2020,24,50840.77000000,2957574130.88999224,1034571.78000000,0.00034980
NAROT,2020,25,117059.31000000,2957574130.88999224,1151631.09000000,0.00038938
NAROT,2020,26,32087.36000000,2957574130.88999224,1183718.45000000,0.00040023
NAROT,2020,27,24532.43000000,2957574130.88999224,1208250.88000000,0.00040853
NAROT,2020,28,84801.89000000,2957574130.88999224,1293052.77000000,0.00043720
NAROT,2020,29,33382.84000000,2957574130.88999224,1326435.61000000,0.00044849
NAROT,2020,30,50609.80000000,2957574130.88999224,1377045.41000000,0.00046560
NAROT,2020,31,152841.19000000,2957574130.88999224,1529886.60000000,0.00051728
NAROT,2020,32,204388.16000000,2957574130.88999224,1734274.76000000,0.00058638
NAROT,2020,33,85525.84000000,2957574130.88999224,1819800.60000000,0.00061530
NAROT,2020,34,68728.70000000,2957574130.88999224,1888529.30000000,0.00063854
NAROT,2020,35,76144.68000000,2957574130.88999224,1964673.98000000,0.00066429
NAROT,2020,36,162807.60000000,2957574130.88999224,2127481.58000000,0.00071933
NAROT,2020,37,130261.17000000,2957574130.88999224,2257742.75000000,0.00076338
NAROT,2020,38,55163.18000000,2957574130.88999224,2312905.93000000,0.00078203
NAROT,2020,39,161696.12000000,2957574130.88999224,2474602.05000000,0.00083670
NAROT,2020,40,180819.95000000,2957574130.88999224,2655422.00000000,0.00089784
NAROT,2020,41,151115.65000000,2957574130.88999224,2806537.65000000,0.00094893
NAROT,2020,42,134072.89000000,2957574130.88999224,2940610.54000000,0.00099426
NAROT,2020,43,52494.46000000,2957574130.88999224,2993105.00000000,0.00101201
NAROT,2020,44,101205.16000000,2957574130.88999224,3094310.16000000,0.00104623
NAROT,2020,45,153310.25000000,2957574130.88999224,3247620.41000000,0.00109807
NAROT,2020,46,119603.14000000,2957574130.88999224,3367223.55000000,0.00113851
NAROT,2020,47,121469.95000000,2957574130.88999224,3488693.50000000,0.00117958
NAROT,2020,48,47631.54000000,2957574130.88999224,3536325.04000000,0.00119568
NAROT,2020,49,33581.92000000,2957574130.88999224,3569906.96000000,0.00120704
NAROT,2020,50,146900.26000000,2957574130.88999224,3716807.22000000,0.00125671
NAROT,2020,51,65585.06000000,2957574130.88999224,3782392.28000000,0.00127888
NAROT,2020,52,54409.43000000,2957574130.88999224,3836801.71000000,0.00129728
NAROT,2020,53,59731.53000000,2957574130.88999224,3896533.24000000,0.00131748
NAROT,2020,54,115189.80000000,2957574130.88999224,4011723.04000000,0.00135642
NAROT,2020,55,26148.05000000,2957574130.88999224,4037871.09000000,0.00136526
NAROT,2020,56,29119.76000000,2957574130.88999224,4066990.85000000,0.00137511
NAROT,2020,57,24371.42000000,2957574130.88999224,4091362.27000000,0.00138335
NAROT,2020,58,48313.64000000,2957574130.88999224,4139675.91000000,0.00139969
NAROT,2020,59,13708.07000000,2957574130.88999224,4153383.98000000,0.00140432
NAROT,2020,60,26701.00000000,2957574130.88999224,4180084.98000000,0.00141335
NAROT,2020,61,16544.65000000,2957574130.88999224,4196629.63000000,0.00141894
NAROT,2020,62,57415.56000000,2957574130.88999224,4254045.19000000,0.00143836
NAROT,2020,63,20335.80000000,2957574130.88999224,4274380.99000000,0.00144523
NAROT,2020,64,20005.08000000,2957574130.88999224,4294386.07000000,0.00145200
NAROT,2020,65,1003.80000000,2957574130.88999224,4295389.87000000,0.00145234
NAROT,2020,66,4696.14000000,2957574130.88999224,4300086.01000000,0.00145392
NAROT,2020,67,3384.80000000,2957574130.88999224,4303470.81000000,0.00145507
NAROT,2020,69,520.57000000,2957574130.88999224,4303991.38000000,0.00145524
NAROT,2020,70,4157.33000000,2957574130.88999224,4308148.71000000,0.00145665
NAROT,2020,73,5519.35000000,2957574130.88999224,4313668.06000000,0.00145852
NAROT,2021,10,32362.31000000,4691144240.87004185,32362.31000000,0.00000690
NAROT,2021,14,15949.84000000,4691144240.87004185,48312.15000000,0.00001030
NAROT,2021,15,96961.01000000,4691144240.87004185,145273.16000000,0.00003097
NAROT,2021,16,3917.57000000,4691144240.87004185,149190.73000000,0.00003180
NAROT,2021,18,60745.12000000,4691144240.87004185,209935.85000000,0.00004475
NAROT,2021,19,20393.63000000,4691144240.87004185,230329.48000000,0.00004910
NAROT,2021,20,73438.43000000,4691144240.87004185,303767.91000000,0.00006475
NAROT,2021,21,25644.17000000,4691144240.87004185,329412.08000000,0.00007022
NAROT,2021,22,151608.27000000,4691144240.87004185,481020.35000000,0.00010254
NAROT,2021,23,36908.27000000,4691144240.87004185,517928.62000000,0.00011041
NAROT,2021,24,85701.92000000,4691144240.87004185,603630.54000000,0.00012867
NAROT,2021,25,122350.63000000,4691144240.87004185,725981.17000000,0.00015476
NAROT,2021,26,136970.56000000,4691144240.87004185,862951.73000000,0.00018395
NAROT,2021,27,91198.78000000,4691144240.87004185,954150.51000000,0.00020339
NAROT,2021,28,49568.46000000,4691144240.87004185,1003718.97000000,0.00021396
NAROT,2021,29,146188.52000000,4691144240.87004185,1149907.49000000,0.00024512
NAROT,2021,30,106964.18000000,4691144240.87004185,1256871.67000000,0.00026792
NAROT,2021,31,122815.68000000,4691144240.87004185,1379687.35000000,0.00029410
NAROT,2021,32,182944.87000000,4691144240.87004185,1562632.22000000,0.00033310
NAROT,2021,33,102818.09000000,4691144240.87004185,1665450.31000000,0.00035502
NAROT,2021,34,220021.27000000,4691144240.87004185,1885471.58000000,0.00040192
NAROT,2021,35,108482.58000000,4691144240.87004185,1993954.16000000,0.00042505
NAROT,2021,36,147955.88000000,4691144240.87004185,2141910.04000000,0.00045659
NAROT,2021,37,171536.37000000,4691144240.87004185,2313446.41000000,0.00049315
NAROT,2021,38,172386.28000000,4691144240.87004185,2485832.69000000,0.00052990
NAROT,2021,39,144385.43000000,4691144240.87004185,2630218.12000000,0.00056068
NAROT,2021,40,109435.78000000,4691144240.87004185,2739653.90000000,0.00058401
NAROT,2021,41,138033.68000000,4691144240.87004185,2877687.58000000,0.00061343
NAROT,2021,42,116567.46000000,4691144240.87004185,2994255.04000000,0.00063828
NAROT,2021,43,115611.14000000,4691144240.87004185,3109866.18000000,0.00066292
NAROT,2021,44,84688.47000000,4691144240.87004185,3194554.65000000,0.00068098
NAROT,2021,45,110665.49000000,4691144240.87004185,3305220.14000000,0.00070457
NAROT,2021,46,181793.11000000,4691144240.87004185,3487013.25000000,0.00074332
NAROT,2021,47,77743.85000000,4691144240.87004185,3564757.10000000,0.00075989
NAROT,2021,48,29274.50000000,4691144240.87004185,3594031.60000000,0.00076613
NAROT,2021,49,261673.51000000,4691144240.87004185,3855705.11000000,0.00082191
NAROT,2021,50,105634.54000000,4691144240.87004185,3961339.65000000,0.00084443
NAROT,2021,51,114995.38000000,4691144240.87004185,4076335.03000000,0.00086894
NAROT,2021,52,36692.71000000,4691144240.87004185,4113027.74000000,0.00087676
NAROT,2021,53,39629.47000000,4691144240.87004185,4152657.21000000,0.00088521
NAROT,2021,54,60055.50000000,4691144240.87004185,4212712.71000000,0.00089801
NAROT,2021,55,76236.06000000,4691144240.87004185,4288948.77000000,0.00091426
NAROT,2021,56,60815.37000000,4691144240.87004185,4349764.14000000,0.00092723
NAROT,2021,57,41142.56000000,4691144240.87004185,4390906.70000000,0.00093600
NAROT,2021,58,42543.63000000,4691144240.87004185,4433450.33000000,0.00094507
NAROT,2021,59,35136.10000000,4691144240.87004185,4468586.43000000,0.00095256
NAROT,2021,60,3492.97000000,4691144240.87004185,4472079.40000000,0.00095330
NAROT,2021,61,6994.40000000,4691144240.87004185,4479073.80000000,0.00095479
NAROT,2022,8,19353.09000000,3047253772.57006550,19353.09000000,0.00000635
NAROT,2022,12,33213.09000000,3047253772.57006550,52566.18000000,0.00001725
NAROT,2022,13,57920.44000000,3047253772.57006550,110486.62000000,0.00003626
NAROT,2022,14,55635.46000000,3047253772.57006550,166122.08000000,0.00005452
NAROT,2022,15,63812.35000000,3047253772.57006550,229934.43000000,0.00007546
NAROT,2022,16,92584.88000000,3047253772.57006550,322519.31000000,0.00010584
NAROT,2022,17,44471.48000000,3047253772.57006550,366990.79000000,0.00012043
NAROT,2022,18,208050.34000000,3047253772.57006550,575041.13000000,0.00018871
NAROT,2022,19,66021.77000000,3047253772.57006550,641062.90000000,0.00021037
NAROT,2022,20,82813.89000000,3047253772.57006550,723876.79000000,0.00023755
NAROT,2022,21,194382.59000000,3047253772.57006550,918259.38000000,0.00030134
NAROT,2022,22,157238.02000000,3047253772.57006550,1075497.40000000,0.00035294
NAROT,2022,23,144697.43000000,3047253772.57006550,1220194.83000000,0.00040042
NAROT,2022,24,60862.79000000,3047253772.57006550,1281057.62000000,0.00042040
NAROT,2022,25,70288.25000000,3047253772.57006550,1351345.87000000,0.00044346
NAROT,2022,26,184282.37000000,3047253772.57006550,1535628.24000000,0.00050394
NAROT,2022,27,417702.56000000,3047253772.57006550,1953330.80000000,0.00064101
NAROT,2022,28,130418.03000000,3047253772.57006550,2083748.83000000,0.00068381
NAROT,2022,29,178855.50000000,3047253772.57006550,2262604.33000000,0.00074251
NAROT,2022,30,214672.93000000,3047253772.57006550,2477277.26000000,0.00081295
NAROT,2022,31,127379.74000000,3047253772.57006550,2604657.00000000,0.00085476
NAROT,2022,32,87075.55000000,3047253772.57006550,2691732.55000000,0.00088333
NAROT,2022,33,275008.54000000,3047253772.57006550,2966741.09000000,0.00097358
NAROT,2022,34,188053.20000000,3047253772.57006550,3154794.29000000,0.00103529
NAROT,2022,35,230273.98000000,3047253772.57006550,3385068.27000000,0.00111086
NAROT,2022,36,268119.31000000,3047253772.57006550,3653187.58000000,0.00119885
NAROT,2022,37,345290.88000000,3047253772.57006550,3998478.46000000,0.00131216
NAROT,2022,38,364438.52000000,3047253772.57006550,4362916.98000000,0.00143175
NAROT,2022,39,125717.18000000,3047253772.57006550,4488634.16000000,0.00147301
NAROT,2022,40,275131.49000000,3047253772.57006550,4763765.65000000,0.00156330
NAROT,2022,41,153343.62000000,3047253772.57006550,4917109.27000000,0.00161362
NAROT,2022,42,255497.15000000,3047253772.57006550,5172606.42000000,0.00169746
NAROT,2022,43,300275.64000000,3047253772.57006550,5472882.06000000,0.00179600
NAROT,2022,44,142687.76000000,3047253772.57006550,5615569.82000000,0.00184283
NAROT,2022,45,97430.29000000,3047253772.57006550,5713000.11000000,0.00187480
NAROT,2022,46,51718.09000000,3047253772.57006550,5764718.20000000,0.00189177
NAROT,2022,47,4807.61000000,3047253772.57006550,5769525.81000000,0.00189335
NAROT,2022,49,41258.47000000,3047253772.57006550,5810784.28000000,0.00190689
NAROT,2023,9,11747.60000000,3960124101.64003181,11747.60000000,0.00000297
NAROT,2023,11,20484.87000000,3960124101.64003181,32232.47000000,0.00000814
NAROT,2023,12,112930.92000000,3960124101.64003181,145163.39000000,0.00003666
NAROT,2023,13,92294.07000000,3960124101.64003181,237457.46000000,0.00005996
NAROT,2023,14,15002.36000000,3960124101.64003181,252459.82000000,0.00006375
NAROT,2023,15,112998.79000000,3960124101.64003181,365458.61000000,0.00009228
NAROT,2023,16,119133.70000000,3960124101.64003181,484592.31000000,0.00012237
NAROT,2023,17,208978.71000000,3960124101.64003181,693571.02000000,0.00017514
NAROT,2023,18,38068.55000000,3960124101.64003181,731639.57000000,0.00018475
NAROT,2023,19,139528.48000000,3960124101.64003181,871168.05000000,0.00021999
NAROT,2023,20,89119.81000000,3960124101.64003181,960287.86000000,0.00024249
NAROT,2023,21,189184.13000000,3960124101.64003181,1149471.99000000,0.00029026
NAROT,2023,22,151461.98000000,3960124101.64003181,1300933.97000000,0.00032851
NAROT,2023,23,368770.78000000,3960124101.64003181,1669704.75000000,0.00042163
NAROT,2023,24,407603.11000000,3960124101.64003181,2077307.86000000,0.00052456
NAROT,2023,25,354110.24000000,3960124101.64003181,2431418.10000000,0.00061398
NAROT,2023,26,422145.06000000,3960124101.64003181,2853563.16000000,0.00072057
NAROT,2023,27,412164.63000000,3960124101.64003181,3265727.79000000,0.00082465
NAROT,2023,28,535029.90000000,3960124101.64003181,3800757.69000000,0.00095976
NAROT,2023,29,328874.14000000,3960124101.64003181,4129631.83000000,0.00104280
NAROT,2023,30,360929.54000000,3960124101.64003181,4490561.37000000,0.00113394
NAROT,2023,31,394312.47000000,3960124101.64003181,4884873.84000000,0.00123352
NAROT,2023,32,261442.52000000,3960124101.64003181,5146316.36000000,0.00129953
NAROT,2023,33,217431.40000000,3960124101.64003181,5363747.76000000,0.00135444
NAROT,2023,34,167753.70000000,3960124101.64003181,5531501.46000000,0.00139680
NAROT,2023,35,84846.49000000,3960124101.64003181,5616347.95000000,0.00141823
NAROT,2023,37,3242.80000000,3960124101.64003181,5619590.75000000,0.00141904
NAROT,2024,8,37211.54000000,4674326068.34003448,37211.54000000,0.00000796
NAROT,2024,9,26550.12000000,4674326068.34003448,63761.66000000,0.00001364
NAROT,2024,10,3516.65000000,4674326068.34003448,67278.31000000,0.00001439
NAROT,2024,11,179968.06000000,4674326068.34003448,247246.37000000,0.00005289
NAROT,2024,12,313464.49000000,4674326068.34003448,560710.86000000,0.00011996
NAROT,2024,13,281174.57000000,4674326068.34003448,841885.43000000,0.00018011
NAROT,2024,14,137858.43000000,4674326068.34003448,979743.86000000,0.00020960
NAROT,2024,15,164883.45000000,4674326068.34003448,1144627.31000000,0.00024488
NAROT,2024,16,129025.16000000,4674326068.34003448,1273652.47000000,0.00027248
NAROT,2024,17,121971.01000000,4674326068.34003448,1395623.48000000,0.00029857
NAROT,2024,18,296103.90000000,4674326068.34003448,1691727.38000000,0.00036192
NAROT,2024,19,277993.77000000,4674326068.34003448,1969721.15000000,0.00042139
NAROT,2024,20,260829.60000000,4674326068.34003448,2230550.75000000,0.00047719
NAROT,2024,21,48923.64000000,4674326068.34003448,2279474.39000000,0.00048766
NAROT,2024,22,119863.74000000,4674326068.34003448,2399338.13000000,0.00051330
NAROT,2024,23,46088.78000000,4674326068.34003448,2445426.91000000,0.00052316
NAROT,2024,24,103092.33000000,4674326068.34003448,2548519.24000000,0.00054522
NAROT,2024,25,28496.19000000,4674326068.34003448,2577015.43000000,0.00055131
NAROT,2025,12,13592.30000000,1107083695.42000842,13592.30000000,0.00001228
