reporting_date,fico_low,new_used,active_loans,new_repos
10-31-2020,590,2,199,0
10-31-2020,600,2,694,0
10-31-2020,610,2,621,0
10-31-2020,620,2,742,0
10-31-2020,630,2,805,0
10-31-2020,640,2,931,0
10-31-2020,650,2,1029,0
10-31-2020,660,2,951,0
10-31-2020,670,2,891,0
10-31-2020,680,2,893,0
10-31-2020,690,2,726,0
10-31-2020,700,2,819,0
10-31-2020,710,2,712,0
10-31-2020,720,2,685,0
10-31-2020,730,2,639,0
10-31-2020,740,2,657,0
10-31-2020,750,2,567,0
10-31-2020,760,2,535,0
10-31-2020,770,2,507,0
10-31-2020,780,2,534,0
10-31-2020,790,2,468,0
10-31-2020,800,2,467,0
10-31-2020,810,2,443,0
10-31-2020,820,2,404,0
10-31-2020,830,2,383,0
10-31-2020,840,2,225,0
10-31-2020,850,2,146,0
10-31-2020,860,2,94,0
10-31-2020,870,2,56,0
10-31-2020,880,2,20,0
10-31-2020,890,2,12,0
11-30-2020,590,2,242,0
11-30-2020,600,2,795,0
11-30-2020,610,2,749,0
11-30-2020,620,2,870,0
11-30-2020,630,2,949,0
11-30-2020,640,2,1080,0
11-30-2020,650,2,1231,0
11-30-2020,660,2,1124,0
11-30-2020,670,2,1081,0
11-30-2020,680,2,1063,0
11-30-2020,690,2,900,0
11-30-2020,700,2,993,0
11-30-2020,710,2,852,0
11-30-2020,720,2,817,0
11-30-2020,730,2,767,0
11-30-2020,740,2,791,0
11-30-2020,750,2,689,0
11-30-2020,760,2,646,0
11-30-2020,770,2,625,0
11-30-2020,780,2,642,0
11-30-2020,790,2,561,0
11-30-2020,800,2,568,0
11-30-2020,810,2,533,0
11-30-2020,820,2,492,0
11-30-2020,830,2,465,0
11-30-2020,840,2,273,0
11-30-2020,850,2,181,0
11-30-2020,860,2,116,0
11-30-2020,870,2,66,0
11-30-2020,880,2,22,0
11-30-2020,890,2,13,0
12-31-2020,590,2,242,0
12-31-2020,600,2,795,0
12-31-2020,610,2,749,0
12-31-2020,620,2,870,0
12-31-2020,630,2,949,0
12-31-2020,640,2,1080,0
12-31-2020,650,2,1231,0
12-31-2020,660,2,1124,0
12-31-2020,670,2,1081,0
12-31-2020,680,2,1063,0
12-31-2020,690,2,900,0
12-31-2020,700,2,993,0
12-31-2020,710,2,852,0
12-31-2020,720,2,817,0
12-31-2020,730,2,767,0
12-31-2020,740,2,791,0
12-31-2020,750,2,689,0
12-31-2020,760,2,646,0
12-31-2020,770,2,625,0
12-31-2020,780,2,642,0
12-31-2020,790,2,561,0
12-31-2020,800,2,568,0
12-31-2020,810,2,533,0
12-31-2020,820,2,492,0
12-31-2020,830,2,465,0
12-31-2020,840,2,273,0
12-31-2020,850,2,181,0
12-31-2020,860,2,116,0
12-31-2020,870,2,66,0
12-31-2020,880,2,22,0
12-31-2020,890,2,13,0
01-31-2021,590,2,335,0
01-31-2021,600,2,1730,0
01-31-2021,610,2,1651,0
01-31-2021,620,2,1831,1
01-31-2021,630,2,1981,0
01-31-2021,640,2,2393,0
01-31-2021,650,2,2422,0
01-31-2021,660,2,2360,0
01-31-2021,670,2,2231,1
01-31-2021,680,2,2164,0
01-31-2021,690,2,1898,0
01-31-2021,700,2,2006,0
01-31-2021,710,2,1827,0
01-31-2021,720,2,1656,0
01-31-2021,730,2,1575,0
01-31-2021,740,2,1559,0
01-31-2021,750,2,1401,0
01-31-2021,760,2,1336,0
01-31-2021,770,2,1242,0
01-31-2021,780,2,1335,0
01-31-2021,790,2,1149,0
01-31-2021,800,2,1154,0
01-31-2021,810,2,1099,0
01-31-2021,820,2,962,1
01-31-2021,830,2,845,0
01-31-2021,840,2,538,0
01-31-2021,850,2,387,0
01-31-2021,860,2,225,0
01-31-2021,870,2,141,0
01-31-2021,880,2,46,1
01-31-2021,890,2,17,0
02-28-2021,370,2,7,0
02-28-2021,380,2,9,0
02-28-2021,390,2,16,0
02-28-2021,400,2,25,0
02-28-2021,410,2,54,0
02-28-2021,420,2,121,0
02-28-2021,430,2,149,0
02-28-2021,440,2,227,0
02-28-2021,450,2,310,0
02-28-2021,460,2,441,0
02-28-2021,470,2,602,0
02-28-2021,480,2,636,0
02-28-2021,490,2,726,0
02-28-2021,500,2,845,0
02-28-2021,510,2,1004,0
02-28-2021,520,2,909,0
02-28-2021,530,2,939,0
02-28-2021,540,2,970,0
02-28-2021,550,2,1312,0
02-28-2021,560,2,1189,0
02-28-2021,570,2,1177,0
02-28-2021,580,2,1176,0
02-28-2021,590,2,1266,0
02-28-2021,600,2,2178,0
02-28-2021,610,2,1851,0
02-28-2021,620,2,1848,0
02-28-2021,630,2,1709,0
02-28-2021,640,2,1823,0
02-28-2021,650,2,1757,0
02-28-2021,660,2,1535,0
02-28-2021,670,2,1373,0
02-28-2021,680,2,1298,0
02-28-2021,690,2,1059,0
02-28-2021,700,2,1136,0
02-28-2021,710,2,950,1
02-28-2021,720,2,893,2
02-28-2021,730,2,820,0
02-28-2021,740,2,828,0
02-28-2021,750,2,722,0
02-28-2021,760,2,671,0
02-28-2021,770,2,642,0
02-28-2021,780,2,658,0
02-28-2021,790,2,566,0
02-28-2021,800,2,574,0
02-28-2021,810,2,539,0
02-28-2021,820,2,497,0
02-28-2021,830,2,469,0
02-28-2021,840,2,274,0
02-28-2021,850,2,181,0
02-28-2021,860,2,116,0
02-28-2021,870,2,67,0
02-28-2021,880,2,22,0
02-28-2021,890,2,13,0
03-31-2021,370,2,7,0
03-31-2021,380,2,9,0
03-31-2021,390,2,16,0
03-31-2021,400,2,25,0
03-31-2021,410,2,54,0
03-31-2021,420,2,121,0
03-31-2021,430,2,149,0
03-31-2021,440,2,227,0
03-31-2021,450,2,310,0
03-31-2021,460,2,441,0
03-31-2021,470,2,602,0
03-31-2021,480,2,636,0
03-31-2021,490,2,726,1
03-31-2021,500,2,845,0
03-31-2021,510,2,1004,0
03-31-2021,520,2,909,0
03-31-2021,530,2,939,0
03-31-2021,540,2,970,0
03-31-2021,550,2,1312,0
03-31-2021,560,2,1189,1
03-31-2021,570,2,1177,1
03-31-2021,580,2,1176,0
03-31-2021,590,2,1359,0
03-31-2021,600,2,3113,0
03-31-2021,610,2,2753,1
03-31-2021,620,2,2809,3
03-31-2021,630,2,2741,1
03-31-2021,640,2,3136,1
03-31-2021,650,2,2948,0
03-31-2021,660,2,2771,0
03-31-2021,670,2,2523,0
03-31-2021,680,2,2399,0
03-31-2021,690,2,2057,1
03-31-2021,700,2,2149,0
03-31-2021,710,2,1925,0
03-31-2021,720,2,1732,0
03-31-2021,730,2,1628,0
03-31-2021,740,2,1596,0
03-31-2021,750,2,1434,0
03-31-2021,760,2,1361,1
03-31-2021,770,2,1259,0
03-31-2021,780,2,1351,0
03-31-2021,790,2,1154,0
03-31-2021,800,2,1160,0
03-31-2021,810,2,1105,1
03-31-2021,820,2,967,0
03-31-2021,830,2,849,0
03-31-2021,840,2,539,0
03-31-2021,850,2,387,0
03-31-2021,860,2,225,0
03-31-2021,870,2,142,0
03-31-2021,880,2,46,0
03-31-2021,890,2,17,0
04-30-2021,350,2,1,0
04-30-2021,360,2,3,0
04-30-2021,370,2,12,0
04-30-2021,380,2,24,0
04-30-2021,390,2,31,0
04-30-2021,400,2,69,0
04-30-2021,410,2,130,0
04-30-2021,420,2,261,0
04-30-2021,430,2,334,0
04-30-2021,440,2,465,0
04-30-2021,450,2,662,0
04-30-2021,460,2,897,0
04-30-2021,470,2,1177,0
04-30-2021,480,2,1272,1
04-30-2021,490,2,1466,0
04-30-2021,500,2,1650,0
04-30-2021,510,2,1934,0
04-30-2021,520,2,1860,0
04-30-2021,530,2,1889,0
04-30-2021,540,2,1892,1
04-30-2021,550,2,2521,0
04-30-2021,560,2,2317,0
04-30-2021,570,2,2227,0
04-30-2021,580,2,2182,0
04-30-2021,590,2,2334,0
04-30-2021,600,2,4248,0
04-30-2021,610,2,3674,0
04-30-2021,620,2,3581,2
04-30-2021,630,2,3406,1
04-30-2021,640,2,3750,1
04-30-2021,650,2,3417,0
04-30-2021,660,2,3110,0
04-30-2021,670,2,2773,1
04-30-2021,680,2,2587,0
04-30-2021,690,2,2190,0
04-30-2021,700,2,2252,0
04-30-2021,710,2,2003,0
04-30-2021,720,2,1807,1
04-30-2021,730,2,1685,0
04-30-2021,740,2,1656,0
04-30-2021,750,2,1470,0
04-30-2021,760,2,1395,0
04-30-2021,770,2,1283,0
04-30-2021,780,2,1379,0
04-30-2021,790,2,1170,0
04-30-2021,800,2,1172,0
04-30-2021,810,2,1113,0
04-30-2021,820,2,974,0
04-30-2021,830,2,855,0
04-30-2021,840,2,548,0
04-30-2021,850,2,389,0
04-30-2021,860,2,225,0
04-30-2021,870,2,143,0
04-30-2021,880,2,46,0
04-30-2021,890,2,17,0
05-31-2021,350,2,1,0
05-31-2021,360,2,3,0
05-31-2021,370,2,12,0
05-31-2021,380,2,24,0
05-31-2021,390,2,31,0
05-31-2021,400,2,69,0
05-31-2021,410,2,130,0
05-31-2021,420,2,261,0
05-31-2021,430,2,334,0
05-31-2021,440,2,465,0
05-31-2021,450,2,662,0
05-31-2021,460,2,897,0
05-31-2021,470,2,1177,0
05-31-2021,480,2,1272,0
05-31-2021,490,2,1466,2
05-31-2021,500,2,1650,2
05-31-2021,510,2,1934,0
05-31-2021,520,2,1860,0
05-31-2021,530,2,1889,0
05-31-2021,540,2,1892,1
05-31-2021,550,2,2521,1
05-31-2021,560,2,2317,1
05-31-2021,570,2,2227,2
05-31-2021,580,2,2182,0
05-31-2021,590,2,3178,0
05-31-2021,600,2,5558,0
05-31-2021,610,2,5039,1
05-31-2021,620,2,5163,1
05-31-2021,630,2,5258,1
05-31-2021,640,2,5765,0
05-31-2021,650,2,5498,0
05-31-2021,660,2,5112,1
05-31-2021,670,2,4627,0
05-31-2021,680,2,4498,0
05-31-2021,690,2,3773,1
05-31-2021,700,2,3968,0
05-31-2021,710,2,3448,0
05-31-2021,720,2,3249,0
05-31-2021,730,2,2975,0
05-31-2021,740,2,2950,0
05-31-2021,750,2,2627,0
05-31-2021,760,2,2477,0
05-31-2021,770,2,2263,0
05-31-2021,780,2,2565,0
05-31-2021,790,2,2131,0
05-31-2021,800,2,2089,0
05-31-2021,810,2,1978,0
05-31-2021,820,2,1776,0
05-31-2021,830,2,1560,0
05-31-2021,840,2,1005,0
05-31-2021,850,2,726,0
05-31-2021,860,2,410,0
05-31-2021,870,2,274,0
05-31-2021,880,2,92,0
05-31-2021,890,2,30,0
06-30-2021,350,2,1,0
06-30-2021,360,2,3,0
06-30-2021,370,2,12,0
06-30-2021,380,2,24,0
06-30-2021,390,2,31,0
06-30-2021,400,2,69,1
06-30-2021,410,2,130,0
06-30-2021,420,2,261,0
06-30-2021,430,2,334,0
06-30-2021,440,2,465,0
06-30-2021,450,2,662,1
06-30-2021,460,2,897,0
06-30-2021,470,2,1177,2
06-30-2021,480,2,1272,1
06-30-2021,490,2,1466,1
06-30-2021,500,2,1650,0
06-30-2021,510,2,1934,3
06-30-2021,520,2,1860,0
06-30-2021,530,2,1889,2
06-30-2021,540,2,1892,1
06-30-2021,550,2,2521,2
06-30-2021,560,2,2317,0
06-30-2021,570,2,2227,2
06-30-2021,580,2,2182,1
06-30-2021,590,2,3178,1
06-30-2021,600,2,5558,1
06-30-2021,610,2,5039,1
06-30-2021,620,2,5163,2
06-30-2021,630,2,5258,1
06-30-2021,640,2,5765,1
06-30-2021,650,2,5498,0
06-30-2021,660,2,5112,1
06-30-2021,670,2,4627,1
06-30-2021,680,2,4498,0
06-30-2021,690,2,3773,0
06-30-2021,700,2,3968,1
06-30-2021,710,2,3448,1
06-30-2021,720,2,3249,0
06-30-2021,730,2,2975,0
06-30-2021,740,2,2950,0
06-30-2021,750,2,2627,0
06-30-2021,760,2,2477,0
06-30-2021,770,2,2263,0
06-30-2021,780,2,2565,0
06-30-2021,790,2,2131,0
06-30-2021,800,2,2089,0
06-30-2021,810,2,1978,0
06-30-2021,820,2,1776,0
06-30-2021,830,2,1560,0
06-30-2021,840,2,1005,0
06-30-2021,850,2,726,0
06-30-2021,860,2,410,0
06-30-2021,870,2,274,0
06-30-2021,880,2,92,0
06-30-2021,890,2,30,0
07-31-2021,330,2,1,0
07-31-2021,350,2,1,0
07-31-2021,360,2,4,0
07-31-2021,370,2,15,0
07-31-2021,380,2,31,0
07-31-2021,390,2,44,0
07-31-2021,400,2,93,0
07-31-2021,410,2,178,0
07-31-2021,420,2,337,1
07-31-2021,430,2,438,0
07-31-2021,440,2,628,0
07-31-2021,450,2,899,1
07-31-2021,460,2,1172,0
07-31-2021,470,2,1550,4
07-31-2021,480,2,1733,0
07-31-2021,490,2,2035,0
07-31-2021,500,2,2290,0
07-31-2021,510,2,2680,1
07-31-2021,520,2,2581,1
07-31-2021,530,2,2697,2
07-31-2021,540,2,2716,2
07-31-2021,550,2,3799,7
07-31-2021,560,2,3536,3
07-31-2021,570,2,3366,4
07-31-2021,580,2,3389,2
07-31-2021,590,2,4308,2
07-31-2021,600,2,6720,2
07-31-2021,610,2,5988,2
07-31-2021,620,2,6093,4
07-31-2021,630,2,5993,1
07-31-2021,640,2,6475,1
07-31-2021,650,2,6021,1
07-31-2021,660,2,5544,0
07-31-2021,670,2,4924,0
07-31-2021,680,2,4740,2
07-31-2021,690,2,3915,1
07-31-2021,700,2,4136,1
07-31-2021,710,2,3536,1
07-31-2021,720,2,3313,0
07-31-2021,730,2,3040,0
07-31-2021,740,2,3001,1
07-31-2021,750,2,2656,0
07-31-2021,760,2,2516,0
07-31-2021,770,2,2281,0
07-31-2021,780,2,2587,0
07-31-2021,790,2,2151,1
07-31-2021,800,2,2102,1
07-31-2021,810,2,1984,0
07-31-2021,820,2,1783,0
07-31-2021,830,2,1567,0
07-31-2021,840,2,1008,0
07-31-2021,850,2,728,0
07-31-2021,860,2,415,0
07-31-2021,870,2,275,0
07-31-2021,880,2,92,0
07-31-2021,890,2,30,0
08-31-2021,330,2,1,0
08-31-2021,350,2,1,0
08-31-2021,360,2,4,0
08-31-2021,370,2,15,0
08-31-2021,380,2,31,0
08-31-2021,390,2,44,0
08-31-2021,400,2,93,0
08-31-2021,410,2,178,0
08-31-2021,420,2,337,0
08-31-2021,430,2,438,0
08-31-2021,440,2,628,0
08-31-2021,450,2,899,0
08-31-2021,460,2,1172,0
08-31-2021,470,2,1550,2
08-31-2021,480,2,1733,1
08-31-2021,490,2,2035,4
08-31-2021,500,2,2290,1
08-31-2021,510,2,2680,3
08-31-2021,520,2,2581,2
08-31-2021,530,2,2697,3
08-31-2021,540,2,2716,1
08-31-2021,550,2,3799,1
08-31-2021,560,2,3536,3
08-31-2021,570,2,3366,1
08-31-2021,580,2,4049,0
08-31-2021,590,2,5407,2
08-31-2021,600,2,8123,3
08-31-2021,610,2,7505,3
08-31-2021,620,2,7869,1
08-31-2021,630,2,7833,3
08-31-2021,640,2,8861,1
08-31-2021,650,2,8497,1
08-31-2021,660,2,7948,1
08-31-2021,670,2,7305,2
08-31-2021,680,2,7056,1
08-31-2021,690,2,6035,1
08-31-2021,700,2,6326,0
08-31-2021,710,2,5613,0
08-31-2021,720,2,5236,0
08-31-2021,730,2,4742,0
08-31-2021,740,2,4667,1
08-31-2021,750,2,4088,0
08-31-2021,760,2,3887,0
08-31-2021,770,2,3551,0
08-31-2021,780,2,3978,0
08-31-2021,790,2,3325,0
08-31-2021,800,2,3255,0
08-31-2021,810,2,3023,0
08-31-2021,820,2,2605,0
08-31-2021,830,2,2376,0
08-31-2021,840,2,1537,0
08-31-2021,850,2,1091,0
08-31-2021,860,2,631,0
08-31-2021,870,2,388,0
08-31-2021,880,2,132,0
08-31-2021,890,2,38,0
09-30-2021,330,2,1,0
09-30-2021,350,2,1,0
09-30-2021,360,2,4,0
09-30-2021,370,2,15,0
09-30-2021,380,2,31,0
09-30-2021,390,2,44,0
09-30-2021,400,2,93,0
09-30-2021,410,2,178,1
09-30-2021,420,2,337,1
09-30-2021,430,2,438,0
09-30-2021,440,2,628,0
09-30-2021,450,2,899,3
09-30-2021,460,2,1172,3
09-30-2021,470,2,1550,5
09-30-2021,480,2,1733,5
09-30-2021,490,2,2035,8
09-30-2021,500,2,2290,5
09-30-2021,510,2,2680,3
09-30-2021,520,2,2581,3
09-30-2021,530,2,2697,7
09-30-2021,540,2,2716,3
09-30-2021,550,2,3799,4
09-30-2021,560,2,3536,10
09-30-2021,570,2,3366,7
09-30-2021,580,2,4049,1
09-30-2021,590,2,5407,3
09-30-2021,600,2,8123,7
09-30-2021,610,2,7505,4
09-30-2021,620,2,7869,4
09-30-2021,630,2,7833,5
09-30-2021,640,2,8861,3
09-30-2021,650,2,8497,2
09-30-2021,660,2,7948,1
09-30-2021,670,2,7305,3
09-30-2021,680,2,7056,3
09-30-2021,690,2,6035,1
09-30-2021,700,2,6326,2
09-30-2021,710,2,5613,0
09-30-2021,720,2,5236,1
09-30-2021,730,2,4742,1
09-30-2021,740,2,4667,0
09-30-2021,750,2,4088,0
09-30-2021,760,2,3887,0
09-30-2021,770,2,3551,0
09-30-2021,780,2,3978,0
09-30-2021,790,2,3325,0
09-30-2021,800,2,3255,0
09-30-2021,810,2,3023,0
09-30-2021,820,2,2605,0
09-30-2021,830,2,2376,1
09-30-2021,840,2,1537,0
09-30-2021,850,2,1091,0
09-30-2021,860,2,631,0
09-30-2021,870,2,388,0
09-30-2021,880,2,132,0
09-30-2021,890,2,38,0
10-31-2021,330,2,1,0
10-31-2021,350,2,2,0
10-31-2021,360,2,4,0
10-31-2021,370,2,15,0
10-31-2021,380,2,41,0
10-31-2021,390,2,53,0
10-31-2021,400,2,109,0
10-31-2021,410,2,214,0
10-31-2021,420,2,394,1
10-31-2021,430,2,546,0
10-31-2021,440,2,785,1
10-31-2021,450,2,1112,3
10-31-2021,460,2,1441,4
10-31-2021,470,2,1966,3
10-31-2021,480,2,2189,7
10-31-2021,490,2,2554,4
10-31-2021,500,2,2887,3
10-31-2021,510,2,3477,3
10-31-2021,520,2,3412,0
10-31-2021,530,2,3529,6
10-31-2021,540,2,3605,6
10-31-2021,550,2,5455,10
10-31-2021,560,2,5036,6
10-31-2021,570,2,4833,8
10-31-2021,580,2,5420,10
10-31-2021,590,2,6761,7
10-31-2021,600,2,9492,12
10-31-2021,610,2,8571,4
10-31-2021,620,2,8824,5
10-31-2021,630,2,8637,6
10-31-2021,640,2,9569,5
10-31-2021,650,2,9069,6
10-31-2021,660,2,8368,5
10-31-2021,670,2,7606,3
10-31-2021,680,2,7274,0
10-31-2021,690,2,6202,1
10-31-2021,700,2,6464,3
10-31-2021,710,2,5709,1
10-31-2021,720,2,5306,0
10-31-2021,730,2,4801,1
10-31-2021,740,2,4704,0
10-31-2021,750,2,4129,0
10-31-2021,760,2,3905,0
10-31-2021,770,2,3569,0
10-31-2021,780,2,3990,0
10-31-2021,790,2,3333,0
10-31-2021,800,2,3260,0
10-31-2021,810,2,3023,0
10-31-2021,820,2,2607,0
10-31-2021,830,2,2383,0
10-31-2021,840,2,1539,0
10-31-2021,850,2,1091,0
10-31-2021,860,2,632,0
10-31-2021,870,2,388,0
10-31-2021,880,2,132,0
10-31-2021,890,2,38,0
11-30-2021,330,2,1,0
11-30-2021,350,2,2,0
11-30-2021,360,2,4,0
11-30-2021,370,2,15,0
11-30-2021,380,2,41,0
11-30-2021,390,2,53,0
11-30-2021,400,2,109,2
11-30-2021,410,2,214,0
11-30-2021,420,2,394,2
11-30-2021,430,2,546,3
11-30-2021,440,2,785,1
11-30-2021,450,2,1112,2
11-30-2021,460,2,1441,3
11-30-2021,470,2,1966,3
11-30-2021,480,2,2189,4
11-30-2021,490,2,2554,6
11-30-2021,500,2,2887,4
11-30-2021,510,2,3477,11
11-30-2021,520,2,3412,7
11-30-2021,530,2,3529,9
11-30-2021,540,2,3605,7
11-30-2021,550,2,5455,6
11-30-2021,560,2,5036,8
11-30-2021,570,2,4833,9
11-30-2021,580,2,6309,10
11-30-2021,590,2,7881,10
11-30-2021,600,2,11041,14
11-30-2021,610,2,10097,11
11-30-2021,620,2,10657,7
11-30-2021,630,2,10668,6
11-30-2021,640,2,12078,8
11-30-2021,650,2,11473,7
11-30-2021,660,2,10692,5
11-30-2021,670,2,9885,3
11-30-2021,680,2,9524,2
11-30-2021,690,2,8201,3
11-30-2021,700,2,8591,2
11-30-2021,710,2,7703,2
11-30-2021,720,2,7112,0
11-30-2021,730,2,6552,2
11-30-2021,740,2,6305,1
11-30-2021,750,2,5597,0
11-30-2021,760,2,5313,0
11-30-2021,770,2,4890,1
11-30-2021,780,2,5335,0
11-30-2021,790,2,4684,0
11-30-2021,800,2,4486,0
11-30-2021,810,2,4085,0
11-30-2021,820,2,3553,1
11-30-2021,830,2,3183,0
11-30-2021,840,2,2097,0
11-30-2021,850,2,1444,0
11-30-2021,860,2,829,0
11-30-2021,870,2,526,0
11-30-2021,880,2,162,0
11-30-2021,890,2,45,0
12-31-2021,330,2,1,0
12-31-2021,350,2,2,0
12-31-2021,360,2,4,0
12-31-2021,370,2,15,0
12-31-2021,380,2,41,0
12-31-2021,390,2,53,0
12-31-2021,400,2,109,0
12-31-2021,410,2,214,0
12-31-2021,420,2,394,0
12-31-2021,430,2,546,1
12-31-2021,440,2,785,3
12-31-2021,450,2,1112,4
12-31-2021,460,2,1441,7
12-31-2021,470,2,1966,7
12-31-2021,480,2,2189,4
12-31-2021,490,2,2554,8
12-31-2021,500,2,2887,7
12-31-2021,510,2,3477,13
12-31-2021,520,2,3412,8
12-31-2021,530,2,3529,5
12-31-2021,540,2,3605,9
12-31-2021,550,2,5455,11
12-31-2021,560,2,5036,8
12-31-2021,570,2,4833,4
12-31-2021,580,2,6309,10
12-31-2021,590,2,7881,15
12-31-2021,600,2,11041,9
12-31-2021,610,2,10097,12
12-31-2021,620,2,10657,8
12-31-2021,630,2,10668,3
12-31-2021,640,2,12078,5
12-31-2021,650,2,11473,5
12-31-2021,660,2,10692,6
12-31-2021,670,2,9885,3
12-31-2021,680,2,9524,2
12-31-2021,690,2,8201,3
12-31-2021,700,2,8591,4
12-31-2021,710,2,7703,2
12-31-2021,720,2,7112,0
12-31-2021,730,2,6552,0
12-31-2021,740,2,6305,1
12-31-2021,750,2,5597,1
12-31-2021,760,2,5313,0
12-31-2021,770,2,4890,0
12-31-2021,780,2,5335,0
12-31-2021,790,2,4684,0
12-31-2021,800,2,4486,1
12-31-2021,810,2,4085,1
12-31-2021,820,2,3553,0
12-31-2021,830,2,3183,0
12-31-2021,840,2,2097,0
12-31-2021,850,2,1444,1
12-31-2021,860,2,829,0
12-31-2021,870,2,526,0
12-31-2021,880,2,162,0
12-31-2021,890,2,45,0
01-31-2022,330,2,1,0
01-31-2022,350,2,2,0
01-31-2022,360,2,4,0
01-31-2022,370,2,15,0
01-31-2022,380,2,41,0
01-31-2022,390,2,53,0
01-31-2022,400,2,109,1
01-31-2022,410,2,214,2
01-31-2022,420,2,394,0
01-31-2022,430,2,546,3
01-31-2022,440,2,785,3
01-31-2022,450,2,1112,2
01-31-2022,460,2,1441,4
01-31-2022,470,2,1966,3
01-31-2022,480,2,2189,8
01-31-2022,490,2,2554,6
01-31-2022,500,2,2887,9
01-31-2022,510,2,3477,11
01-31-2022,520,2,3412,7
01-31-2022,530,2,3529,17
01-31-2022,540,2,3605,11
01-31-2022,550,2,5455,13
01-31-2022,560,2,5036,14
01-31-2022,570,2,4833,10
01-31-2022,580,2,6309,19
01-31-2022,590,2,7881,9
01-31-2022,600,2,11041,14
01-31-2022,610,2,10097,14
01-31-2022,620,2,10657,12
01-31-2022,630,2,10668,9
01-31-2022,640,2,12078,7
01-31-2022,650,2,11473,7
01-31-2022,660,2,10692,9
01-31-2022,670,2,9885,6
01-31-2022,680,2,9524,2
01-31-2022,690,2,8201,0
01-31-2022,700,2,8591,3
01-31-2022,710,2,7703,2
01-31-2022,720,2,7112,1
01-31-2022,730,2,6552,2
01-31-2022,740,2,6305,1
01-31-2022,750,2,5597,0
01-31-2022,760,2,5313,1
01-31-2022,770,2,4890,0
01-31-2022,780,2,5335,0
01-31-2022,790,2,4684,1
01-31-2022,800,2,4486,0
01-31-2022,810,2,4085,1
01-31-2022,820,2,3553,0
01-31-2022,830,2,3183,1
01-31-2022,840,2,2097,1
01-31-2022,850,2,1444,0
01-31-2022,860,2,829,0
01-31-2022,870,2,526,0
01-31-2022,880,2,162,0
01-31-2022,890,2,45,0
02-28-2022,330,2,1,0
02-28-2022,350,2,2,0
02-28-2022,360,2,4,0
02-28-2022,370,2,15,0
02-28-2022,380,2,41,0
02-28-2022,390,2,53,1
02-28-2022,400,2,109,0
02-28-2022,410,2,214,0
02-28-2022,420,2,394,1
02-28-2022,430,2,546,2
02-28-2022,440,2,785,3
02-28-2022,450,2,1112,3
02-28-2022,460,2,1441,12
02-28-2022,470,2,1966,7
02-28-2022,480,2,2189,5
02-28-2022,490,2,2554,12
02-28-2022,500,2,2887,6
02-28-2022,510,2,3477,14
02-28-2022,520,2,3412,7
02-28-2022,530,2,3529,12
02-28-2022,540,2,3605,10
02-28-2022,550,2,5853,11
02-28-2022,560,2,5650,15
02-28-2022,570,2,5572,20
02-28-2022,580,2,7106,14
02-28-2022,590,2,8751,7
02-28-2022,600,2,12304,19
02-28-2022,610,2,11337,16
02-28-2022,620,2,12279,15
02-28-2022,630,2,12395,12
02-28-2022,640,2,14161,15
02-28-2022,650,2,13435,6
02-28-2022,660,2,12596,5
02-28-2022,670,2,11829,2
02-28-2022,680,2,11435,4
02-28-2022,690,2,9974,0
02-28-2022,700,2,10513,3
02-28-2022,710,2,9390,4
02-28-2022,720,2,8788,4
02-28-2022,730,2,8080,2
02-28-2022,740,2,7813,0
02-28-2022,750,2,6947,0
02-28-2022,760,2,6646,0
02-28-2022,770,2,6123,1
02-28-2022,780,2,6764,1
02-28-2022,790,2,5936,1
02-28-2022,800,2,5606,1
02-28-2022,810,2,5160,0
02-28-2022,820,2,4452,0
02-28-2022,830,2,4015,1
02-28-2022,840,2,2617,0
02-28-2022,850,2,1826,0
02-28-2022,860,2,1028,0
02-28-2022,870,2,676,0
02-28-2022,880,2,204,0
02-28-2022,890,2,57,0
03-31-2022,330,2,1,0
03-31-2022,350,2,2,0
03-31-2022,360,2,4,0
03-31-2022,370,2,15,0
03-31-2022,380,2,41,0
03-31-2022,390,2,53,0
03-31-2022,400,2,109,1
03-31-2022,410,2,214,0
03-31-2022,420,2,394,0
03-31-2022,430,2,546,2
03-31-2022,440,2,785,2
03-31-2022,450,2,1112,3
03-31-2022,460,2,1441,8
03-31-2022,470,2,1966,3
03-31-2022,480,2,2189,4
03-31-2022,490,2,2554,12
03-31-2022,500,2,2887,9
03-31-2022,510,2,3477,24
03-31-2022,520,2,3412,10
03-31-2022,530,2,3529,19
03-31-2022,540,2,3605,17
03-31-2022,550,2,5853,24
03-31-2022,560,2,5650,11
03-31-2022,570,2,5572,9
03-31-2022,580,2,7106,13
03-31-2022,590,2,8751,19
03-31-2022,600,2,12304,10
03-31-2022,610,2,11337,21
03-31-2022,620,2,12279,19
03-31-2022,630,2,12395,18
03-31-2022,640,2,14161,12
03-31-2022,650,2,13435,13
03-31-2022,660,2,12596,13
03-31-2022,670,2,11829,1
03-31-2022,680,2,11435,3
03-31-2022,690,2,9974,4
03-31-2022,700,2,10513,2
03-31-2022,710,2,9390,5
03-31-2022,720,2,8788,2
03-31-2022,730,2,8080,1
03-31-2022,740,2,7813,0
03-31-2022,750,2,6947,0
03-31-2022,760,2,6646,1
03-31-2022,770,2,6123,0
03-31-2022,780,2,6764,1
03-31-2022,790,2,5936,1
03-31-2022,800,2,5606,1
03-31-2022,810,2,5160,1
03-31-2022,820,2,4452,1
03-31-2022,830,2,4015,1
03-31-2022,840,2,2617,0
03-31-2022,850,2,1826,0
03-31-2022,860,2,1028,0
03-31-2022,870,2,676,0
03-31-2022,880,2,204,0
03-31-2022,890,2,57,0
04-30-2022,330,2,1,0
04-30-2022,350,2,2,0
04-30-2022,360,2,4,0
04-30-2022,370,2,15,0
04-30-2022,380,2,41,1
04-30-2022,390,2,53,0
04-30-2022,400,2,109,1
04-30-2022,410,2,214,0
04-30-2022,420,2,394,1
04-30-2022,430,2,546,6
04-30-2022,440,2,785,6
04-30-2022,450,2,1112,8
04-30-2022,460,2,1441,6
04-30-2022,470,2,1966,14
04-30-2022,480,2,2189,8
04-30-2022,490,2,2554,13
04-30-2022,500,2,2887,11
04-30-2022,510,2,3477,16
04-30-2022,520,2,3412,6
04-30-2022,530,2,3529,21
04-30-2022,540,2,3605,10
04-30-2022,550,2,5853,20
04-30-2022,560,2,5650,12
04-30-2022,570,2,5797,20
04-30-2022,580,2,7618,19
04-30-2022,590,2,9369,14
04-30-2022,600,2,13045,14
04-30-2022,610,2,12172,21
04-30-2022,620,2,13303,16
04-30-2022,630,2,13530,17
04-30-2022,640,2,15493,14
04-30-2022,650,2,14773,8
04-30-2022,660,2,13943,13
04-30-2022,670,2,13116,10
04-30-2022,680,2,12709,11
04-30-2022,690,2,11175,6
04-30-2022,700,2,11782,6
04-30-2022,710,2,10494,7
04-30-2022,720,2,9779,2
04-30-2022,730,2,9021,4
04-30-2022,740,2,8748,2
04-30-2022,750,2,7741,3
04-30-2022,760,2,7434,0
04-30-2022,770,2,6872,1
04-30-2022,780,2,7532,1
04-30-2022,790,2,6609,1
04-30-2022,800,2,6269,0
04-30-2022,810,2,5749,1
04-30-2022,820,2,4954,0
04-30-2022,830,2,4479,0
04-30-2022,840,2,2933,1
04-30-2022,850,2,2043,0
04-30-2022,860,2,1137,0
04-30-2022,870,2,741,0
04-30-2022,880,2,224,0
04-30-2022,890,2,62,0
05-31-2022,330,2,1,0
05-31-2022,350,2,2,0
05-31-2022,360,2,4,0
05-31-2022,370,2,15,0
05-31-2022,380,2,41,1
05-31-2022,390,2,53,1
05-31-2022,400,2,109,3
05-31-2022,410,2,214,0
05-31-2022,420,2,394,1
05-31-2022,430,2,546,6
05-31-2022,440,2,785,7
05-31-2022,450,2,1112,7
05-31-2022,460,2,1441,9
05-31-2022,470,2,1966,3
05-31-2022,480,2,2189,6
05-31-2022,490,2,2554,17
05-31-2022,500,2,2887,6
05-31-2022,510,2,3477,16
05-31-2022,520,2,3412,18
05-31-2022,530,2,3529,17
05-31-2022,540,2,3605,14
05-31-2022,550,2,5853,29
05-31-2022,560,2,5650,32
05-31-2022,570,2,5797,23
05-31-2022,580,2,7618,19
05-31-2022,590,2,9369,27
05-31-2022,600,2,13045,30
05-31-2022,610,2,12172,20
05-31-2022,620,2,13303,20
05-31-2022,630,2,13530,17
05-31-2022,640,2,15493,17
05-31-2022,650,2,14773,11
05-31-2022,660,2,13943,10
05-31-2022,670,2,13116,9
05-31-2022,680,2,12709,7
05-31-2022,690,2,11175,2
05-31-2022,700,2,11782,6
05-31-2022,710,2,10494,6
05-31-2022,720,2,9779,5
05-31-2022,730,2,9021,3
05-31-2022,740,2,8748,2
05-31-2022,750,2,7741,1
05-31-2022,760,2,7434,1
05-31-2022,770,2,6872,1
05-31-2022,780,2,7532,3
05-31-2022,790,2,6609,1
05-31-2022,800,2,6269,0
05-31-2022,810,2,5749,0
05-31-2022,820,2,4954,0
05-31-2022,830,2,4479,1
05-31-2022,840,2,2933,0
05-31-2022,850,2,2043,0
05-31-2022,860,2,1137,0
05-31-2022,870,2,741,0
05-31-2022,880,2,224,0
05-31-2022,890,2,62,0
06-30-2022,330,2,1,0
06-30-2022,350,2,2,0
06-30-2022,360,2,4,0
06-30-2022,370,2,15,0
06-30-2022,380,2,41,0
06-30-2022,390,2,53,0
06-30-2022,400,2,109,3
06-30-2022,410,2,214,0
06-30-2022,420,2,394,2
06-30-2022,430,2,546,3
06-30-2022,440,2,785,2
06-30-2022,450,2,1112,5
06-30-2022,460,2,1441,12
06-30-2022,470,2,1966,5
06-30-2022,480,2,2189,5
06-30-2022,490,2,2554,8
06-30-2022,500,2,2887,8
06-30-2022,510,2,3477,13
06-30-2022,520,2,3412,13
06-30-2022,530,2,3529,12
06-30-2022,540,2,3605,17
06-30-2022,550,2,5853,19
06-30-2022,560,2,5650,23
06-30-2022,570,2,5797,15
06-30-2022,580,2,7618,17
06-30-2022,590,2,9369,22
06-30-2022,600,2,13045,20
06-30-2022,610,2,12172,25
06-30-2022,620,2,13303,15
06-30-2022,630,2,13530,17
06-30-2022,640,2,15493,12
06-30-2022,650,2,14773,16
06-30-2022,660,2,13943,15
06-30-2022,670,2,13116,7
06-30-2022,680,2,12709,9
06-30-2022,690,2,11175,7
06-30-2022,700,2,11782,3
06-30-2022,710,2,10494,5
06-30-2022,720,2,9779,4
06-30-2022,730,2,9021,4
06-30-2022,740,2,8748,2
06-30-2022,750,2,7741,2
06-30-2022,760,2,7434,1
06-30-2022,770,2,6872,2
06-30-2022,780,2,7532,1
06-30-2022,790,2,6609,1
06-30-2022,800,2,6269,0
06-30-2022,810,2,5749,1
06-30-2022,820,2,4954,0
06-30-2022,830,2,4479,0
06-30-2022,840,2,2933,0
06-30-2022,850,2,2043,0
06-30-2022,860,2,1137,0
06-30-2022,870,2,741,0
06-30-2022,880,2,224,0
06-30-2022,890,2,62,0
07-31-2022,330,2,1,0
07-31-2022,350,2,2,0
07-31-2022,360,2,4,0
07-31-2022,370,2,15,0
07-31-2022,380,2,41,0
07-31-2022,390,2,53,0
07-31-2022,400,2,109,1
07-31-2022,410,2,214,2
07-31-2022,420,2,394,2
07-31-2022,430,2,546,3
07-31-2022,440,2,785,5
07-31-2022,450,2,1112,13
07-31-2022,460,2,1441,2
07-31-2022,470,2,1966,12
07-31-2022,480,2,2189,13
07-31-2022,490,2,2554,16
07-31-2022,500,2,2887,16
07-31-2022,510,2,3477,15
07-31-2022,520,2,3412,19
07-31-2022,530,2,3529,18
07-31-2022,540,2,3605,23
07-31-2022,550,2,5853,21
07-31-2022,560,2,5650,23
07-31-2022,570,2,5996,22
07-31-2022,580,2,7860,17
07-31-2022,590,2,9685,23
07-31-2022,600,2,13522,29
07-31-2022,610,2,12717,26
07-31-2022,620,2,13973,18
07-31-2022,630,2,14213,17
07-31-2022,640,2,16288,20
07-31-2022,650,2,15586,11
07-31-2022,660,2,14756,6
07-31-2022,670,2,13885,9
07-31-2022,680,2,13511,5
07-31-2022,690,2,11866,10
07-31-2022,700,2,12563,8
07-31-2022,710,2,11201,6
07-31-2022,720,2,10402,3
07-31-2022,730,2,9634,0
07-31-2022,740,2,9310,2
07-31-2022,750,2,8231,3
07-31-2022,760,2,7923,2
07-31-2022,770,2,7327,0
07-31-2022,780,2,8055,0
07-31-2022,790,2,7016,1
07-31-2022,800,2,6633,0
07-31-2022,810,2,6092,1
07-31-2022,820,2,5270,0
07-31-2022,830,2,4743,0
07-31-2022,840,2,3120,0
07-31-2022,850,2,2176,1
07-31-2022,860,2,1187,0
07-31-2022,870,2,786,0
07-31-2022,880,2,240,0
07-31-2022,890,2,64,0
08-31-2022,330,2,1,0
08-31-2022,350,2,2,0
08-31-2022,360,2,4,0
08-31-2022,370,2,15,0
08-31-2022,380,2,41,0
08-31-2022,390,2,53,1
08-31-2022,400,2,109,1
08-31-2022,410,2,214,4
08-31-2022,420,2,394,5
08-31-2022,430,2,546,2
08-31-2022,440,2,785,2
08-31-2022,450,2,1112,7
08-31-2022,460,2,1441,13
08-31-2022,470,2,1966,13
08-31-2022,480,2,2189,11
08-31-2022,490,2,2554,14
08-31-2022,500,2,2887,14
08-31-2022,510,2,3477,18
08-31-2022,520,2,3412,18
08-31-2022,530,2,3529,16
08-31-2022,540,2,3605,16
08-31-2022,550,2,5853,33
08-31-2022,560,2,5650,31
08-31-2022,570,2,5996,31
08-31-2022,580,2,7860,26
08-31-2022,590,2,9685,23
08-31-2022,600,2,13522,28
08-31-2022,610,2,12717,26
08-31-2022,620,2,13973,32
08-31-2022,630,2,14213,21
08-31-2022,640,2,16288,22
08-31-2022,650,2,15586,12
08-31-2022,660,2,14756,20
08-31-2022,670,2,13885,7
08-31-2022,680,2,13511,13
08-31-2022,690,2,11866,7
08-31-2022,700,2,12563,7
08-31-2022,710,2,11201,8
08-31-2022,720,2,10402,1
08-31-2022,730,2,9634,6
08-31-2022,740,2,9310,3
08-31-2022,750,2,8231,3
08-31-2022,760,2,7923,3
08-31-2022,770,2,7327,1
08-31-2022,780,2,8055,0
08-31-2022,790,2,7016,0
08-31-2022,800,2,6633,0
08-31-2022,810,2,6092,0
08-31-2022,820,2,5270,0
08-31-2022,830,2,4743,0
08-31-2022,840,2,3120,1
08-31-2022,850,2,2176,0
08-31-2022,860,2,1187,0
08-31-2022,870,2,786,0
08-31-2022,880,2,240,0
08-31-2022,890,2,64,0
09-30-2022,330,2,1,0
09-30-2022,350,2,2,0
09-30-2022,360,2,4,0
09-30-2022,370,2,15,0
09-30-2022,380,2,41,0
09-30-2022,390,2,53,0
09-30-2022,400,2,109,0
09-30-2022,410,2,214,2
09-30-2022,420,2,394,2
09-30-2022,430,2,546,3
09-30-2022,440,2,785,7
09-30-2022,450,2,1112,8
09-30-2022,460,2,1441,10
09-30-2022,470,2,1966,17
09-30-2022,480,2,2189,13
09-30-2022,490,2,2554,13
09-30-2022,500,2,2887,18
09-30-2022,510,2,3477,16
09-30-2022,520,2,3412,18
09-30-2022,530,2,3529,16
09-30-2022,540,2,3605,20
09-30-2022,550,2,5853,30
09-30-2022,560,2,5650,23
09-30-2022,570,2,5996,23
09-30-2022,580,2,7860,23
09-30-2022,590,2,9685,27
09-30-2022,600,2,13522,34
09-30-2022,610,2,12717,39
09-30-2022,620,2,13973,20
09-30-2022,630,2,14213,21
09-30-2022,640,2,16288,22
09-30-2022,650,2,15586,22
09-30-2022,660,2,14756,11
09-30-2022,670,2,13885,11
09-30-2022,680,2,13511,9
09-30-2022,690,2,11866,11
09-30-2022,700,2,12563,7
09-30-2022,710,2,11201,5
09-30-2022,720,2,10402,4
09-30-2022,730,2,9634,6
09-30-2022,740,2,9310,1
09-30-2022,750,2,8231,2
09-30-2022,760,2,7923,2
09-30-2022,770,2,7327,1
09-30-2022,780,2,8055,2
09-30-2022,790,2,7016,0
09-30-2022,800,2,6633,0
09-30-2022,810,2,6092,1
09-30-2022,820,2,5270,1
09-30-2022,830,2,4743,0
09-30-2022,840,2,3120,1
09-30-2022,850,2,2176,0
09-30-2022,860,2,1187,0
09-30-2022,870,2,786,0
09-30-2022,880,2,240,0
09-30-2022,890,2,64,0
10-31-2022,330,2,1,0
10-31-2022,350,2,2,0
10-31-2022,360,2,4,0
10-31-2022,370,2,15,0
10-31-2022,380,2,41,0
10-31-2022,390,2,53,1
10-31-2022,400,2,109,0
10-31-2022,410,2,214,0
10-31-2022,420,2,394,5
10-31-2022,430,2,546,9
10-31-2022,440,2,785,9
10-31-2022,450,2,1112,11
10-31-2022,460,2,1441,8
10-31-2022,470,2,1966,14
10-31-2022,480,2,2189,17
10-31-2022,490,2,2554,17
10-31-2022,500,2,2887,13
10-31-2022,510,2,3477,20
10-31-2022,520,2,3412,23
10-31-2022,530,2,3529,28
10-31-2022,540,2,3605,21
10-31-2022,550,2,5853,35
10-31-2022,560,2,5650,28
10-31-2022,570,2,5996,32
10-31-2022,580,2,7860,25
10-31-2022,590,2,9685,28
10-31-2022,600,2,13522,52
10-31-2022,610,2,12717,37
10-31-2022,620,2,13973,32
10-31-2022,630,2,14213,30
10-31-2022,640,2,16288,29
10-31-2022,650,2,15586,18
10-31-2022,660,2,14756,22
10-31-2022,670,2,13885,13
10-31-2022,680,2,13511,12
10-31-2022,690,2,11866,7
10-31-2022,700,2,12563,8
10-31-2022,710,2,11201,4
10-31-2022,720,2,10402,5
10-31-2022,730,2,9634,4
10-31-2022,740,2,9310,2
10-31-2022,750,2,8231,3
10-31-2022,760,2,7923,0
10-31-2022,770,2,7327,1
10-31-2022,780,2,8055,2
10-31-2022,790,2,7016,0
10-31-2022,800,2,6633,2
10-31-2022,810,2,6092,0
10-31-2022,820,2,5270,0
10-31-2022,830,2,4743,1
10-31-2022,840,2,3120,1
10-31-2022,850,2,2176,1
10-31-2022,860,2,1187,0
10-31-2022,870,2,786,0
10-31-2022,880,2,240,0
10-31-2022,890,2,64,0
11-30-2022,330,2,1,0
11-30-2022,350,2,2,1
11-30-2022,360,2,4,0
11-30-2022,370,2,15,0
11-30-2022,380,2,41,0
11-30-2022,390,2,53,0
11-30-2022,400,2,109,2
11-30-2022,410,2,214,7
11-30-2022,420,2,394,3
11-30-2022,430,2,546,2
11-30-2022,440,2,785,2
11-30-2022,450,2,1112,6
11-30-2022,460,2,1441,5
11-30-2022,470,2,1966,8
11-30-2022,480,2,2189,12
11-30-2022,490,2,2554,18
11-30-2022,500,2,2887,14
11-30-2022,510,2,3477,18
11-30-2022,520,2,3412,15
11-30-2022,530,2,3529,14
11-30-2022,540,2,3605,22
11-30-2022,550,2,5853,25
11-30-2022,560,2,5650,24
11-30-2022,570,2,5996,12
11-30-2022,580,2,7860,18
11-30-2022,590,2,9685,20
11-30-2022,600,2,13522,42
11-30-2022,610,2,12717,31
11-30-2022,620,2,13973,13
11-30-2022,630,2,14213,20
11-30-2022,640,2,16288,22
11-30-2022,650,2,15586,14
11-30-2022,660,2,14756,11
11-30-2022,670,2,13885,13
11-30-2022,680,2,13511,7
11-30-2022,690,2,11866,8
11-30-2022,700,2,12563,6
11-30-2022,710,2,11201,4
11-30-2022,720,2,10402,5
11-30-2022,730,2,9634,4
11-30-2022,740,2,9310,4
11-30-2022,750,2,8231,0
11-30-2022,760,2,7923,3
11-30-2022,770,2,7327,1
11-30-2022,780,2,8055,1
11-30-2022,790,2,7016,0
11-30-2022,800,2,6633,0
11-30-2022,810,2,6092,1
11-30-2022,820,2,5270,1
11-30-2022,830,2,4743,0
11-30-2022,840,2,3120,0
11-30-2022,850,2,2176,0
11-30-2022,860,2,1187,0
11-30-2022,870,2,786,0
11-30-2022,880,2,240,0
11-30-2022,890,2,64,0
12-31-2022,330,2,1,0
12-31-2022,350,2,2,0
12-31-2022,360,2,4,0
12-31-2022,370,2,15,0
12-31-2022,380,2,41,1
12-31-2022,390,2,53,0
12-31-2022,400,2,109,1
12-31-2022,410,2,214,0
12-31-2022,420,2,394,4
12-31-2022,430,2,546,5
12-31-2022,440,2,785,7
12-31-2022,450,2,1112,7
12-31-2022,460,2,1441,6
12-31-2022,470,2,1966,12
12-31-2022,480,2,2189,11
12-31-2022,490,2,2554,11
12-31-2022,500,2,2887,18
12-31-2022,510,2,3477,16
12-31-2022,520,2,3412,15
12-31-2022,530,2,3529,18
12-31-2022,540,2,3605,23
12-31-2022,550,2,5853,41
12-31-2022,560,2,5650,28
12-31-2022,570,2,5996,35
12-31-2022,580,2,7860,36
12-31-2022,590,2,9685,32
12-31-2022,600,2,13522,41
12-31-2022,610,2,12717,33
12-31-2022,620,2,13973,30
12-31-2022,630,2,14213,12
12-31-2022,640,2,16288,18
12-31-2022,650,2,15586,18
12-31-2022,660,2,14756,17
12-31-2022,670,2,13885,15
12-31-2022,680,2,13511,9
12-31-2022,690,2,11866,9
12-31-2022,700,2,12563,3
12-31-2022,710,2,11201,5
12-31-2022,720,2,10402,1
12-31-2022,730,2,9634,6
12-31-2022,740,2,9310,5
12-31-2022,750,2,8231,2
12-31-2022,760,2,7923,3
12-31-2022,770,2,7327,0
12-31-2022,780,2,8055,2
12-31-2022,790,2,7016,0
12-31-2022,800,2,6633,0
12-31-2022,810,2,6092,0
12-31-2022,820,2,5270,1
12-31-2022,830,2,4743,1
12-31-2022,840,2,3120,0
12-31-2022,850,2,2176,0
12-31-2022,860,2,1187,0
12-31-2022,870,2,786,0
12-31-2022,880,2,240,0
12-31-2022,890,2,64,0
01-31-2023,330,2,1,0
01-31-2023,350,2,2,0
01-31-2023,360,2,4,0
01-31-2023,370,2,15,0
01-31-2023,380,2,41,0
01-31-2023,390,2,53,0
01-31-2023,400,2,109,1
01-31-2023,410,2,214,1
01-31-2023,420,2,394,3
01-31-2023,430,2,546,2
01-31-2023,440,2,785,3
01-31-2023,450,2,1112,7
01-31-2023,460,2,1441,5
01-31-2023,470,2,1966,15
01-31-2023,480,2,2189,12
01-31-2023,490,2,2554,15
01-31-2023,500,2,2887,15
01-31-2023,510,2,3477,20
01-31-2023,520,2,3412,19
01-31-2023,530,2,3529,25
01-31-2023,540,2,3605,26
01-31-2023,550,2,5853,34
01-31-2023,560,2,5650,35
01-31-2023,570,2,5996,30
01-31-2023,580,2,7860,31
01-31-2023,590,2,9685,38
01-31-2023,600,2,13522,29
01-31-2023,610,2,12717,39
01-31-2023,620,2,13973,26
01-31-2023,630,2,14213,34
01-31-2023,640,2,16288,34
01-31-2023,650,2,15586,17
01-31-2023,660,2,14756,20
01-31-2023,670,2,13885,12
01-31-2023,680,2,13511,14
01-31-2023,690,2,11866,6
01-31-2023,700,2,12563,8
01-31-2023,710,2,11201,5
01-31-2023,720,2,10402,2
01-31-2023,730,2,9634,6
01-31-2023,740,2,9310,1
01-31-2023,750,2,8231,4
01-31-2023,760,2,7923,8
01-31-2023,770,2,7327,2
01-31-2023,780,2,8055,4
01-31-2023,790,2,7016,1
01-31-2023,800,2,6633,1
01-31-2023,810,2,6092,0
01-31-2023,820,2,5270,1
01-31-2023,830,2,4743,1
01-31-2023,840,2,3120,0
01-31-2023,850,2,2176,1
01-31-2023,860,2,1187,0
01-31-2023,870,2,786,0
01-31-2023,880,2,240,0
01-31-2023,890,2,64,0
02-28-2023,330,2,1,0
02-28-2023,350,2,2,0
02-28-2023,360,2,4,0
02-28-2023,370,2,15,0
02-28-2023,380,2,41,0
02-28-2023,390,2,53,1
02-28-2023,400,2,109,1
02-28-2023,410,2,214,1
02-28-2023,420,2,394,6
02-28-2023,430,2,546,5
02-28-2023,440,2,785,7
02-28-2023,450,2,1112,10
02-28-2023,460,2,1441,8
02-28-2023,470,2,1966,13
02-28-2023,480,2,2189,16
02-28-2023,490,2,2554,20
02-28-2023,500,2,2887,21
02-28-2023,510,2,3477,26
02-28-2023,520,2,3412,34
02-28-2023,530,2,3529,28
02-28-2023,540,2,3605,28
02-28-2023,550,2,5853,36
02-28-2023,560,2,5650,30
02-28-2023,570,2,5996,34
02-28-2023,580,2,7860,27
02-28-2023,590,2,9685,39
02-28-2023,600,2,13522,43
02-28-2023,610,2,12717,40
02-28-2023,620,2,13973,34
02-28-2023,630,2,14213,30
02-28-2023,640,2,16288,28
02-28-2023,650,2,15586,26
02-28-2023,660,2,14756,23
02-28-2023,670,2,13885,19
02-28-2023,680,2,13511,12
02-28-2023,690,2,11866,8
02-28-2023,700,2,12563,15
02-28-2023,710,2,11201,6
02-28-2023,720,2,10402,5
02-28-2023,730,2,9634,1
02-28-2023,740,2,9310,3
02-28-2023,750,2,8231,7
02-28-2023,760,2,7923,3
02-28-2023,770,2,7327,2
02-28-2023,780,2,8055,1
02-28-2023,790,2,7016,1
02-28-2023,800,2,6633,1
02-28-2023,810,2,6092,1
02-28-2023,820,2,5270,0
02-28-2023,830,2,4743,1
02-28-2023,840,2,3120,1
02-28-2023,850,2,2176,0
02-28-2023,860,2,1187,0
02-28-2023,870,2,786,0
02-28-2023,880,2,240,0
02-28-2023,890,2,64,0
03-31-2023,330,2,1,0
03-31-2023,350,2,2,0
03-31-2023,360,2,4,1
03-31-2023,370,2,15,0
03-31-2023,380,2,41,0
03-31-2023,390,2,53,1
03-31-2023,400,2,109,0
03-31-2023,410,2,214,3
03-31-2023,420,2,394,1
03-31-2023,430,2,546,9
03-31-2023,440,2,785,9
03-31-2023,450,2,1112,10
03-31-2023,460,2,1441,11
03-31-2023,470,2,1966,12
03-31-2023,480,2,2189,16
03-31-2023,490,2,2554,22
03-31-2023,500,2,2887,21
03-31-2023,510,2,3477,25
03-31-2023,520,2,3412,18
03-31-2023,530,2,3529,28
03-31-2023,540,2,3605,35
03-31-2023,550,2,5853,30
03-31-2023,560,2,5650,43
03-31-2023,570,2,5996,45
03-31-2023,580,2,7860,36
03-31-2023,590,2,9685,41
03-31-2023,600,2,13522,46
03-31-2023,610,2,12717,42
03-31-2023,620,2,13973,35
03-31-2023,630,2,14213,22
03-31-2023,640,2,16288,37
03-31-2023,650,2,15586,38
03-31-2023,660,2,14756,25
03-31-2023,670,2,13885,16
03-31-2023,680,2,13511,16
03-31-2023,690,2,11866,13
03-31-2023,700,2,12563,12
03-31-2023,710,2,11201,12
03-31-2023,720,2,10402,10
03-31-2023,730,2,9634,5
03-31-2023,740,2,9310,4
03-31-2023,750,2,8231,1
03-31-2023,760,2,7923,3
03-31-2023,770,2,7327,2
03-31-2023,780,2,8055,2
03-31-2023,790,2,7016,1
03-31-2023,800,2,6633,2
03-31-2023,810,2,6092,2
03-31-2023,820,2,5270,0
03-31-2023,830,2,4743,0
03-31-2023,840,2,3120,0
03-31-2023,850,2,2176,0
03-31-2023,860,2,1187,0
03-31-2023,870,2,786,0
03-31-2023,880,2,240,0
03-31-2023,890,2,64,0
04-30-2023,330,2,1,0
04-30-2023,350,2,2,0
04-30-2023,360,2,4,0
04-30-2023,370,2,15,0
04-30-2023,380,2,41,3
04-30-2023,390,2,53,0
04-30-2023,400,2,109,1
04-30-2023,410,2,214,2
04-30-2023,420,2,394,3
04-30-2023,430,2,546,2
04-30-2023,440,2,785,5
04-30-2023,450,2,1112,5
04-30-2023,460,2,1441,5
04-30-2023,470,2,1966,12
04-30-2023,480,2,2189,13
04-30-2023,490,2,2554,13
04-30-2023,500,2,2887,23
04-30-2023,510,2,3477,18
04-30-2023,520,2,3412,24
04-30-2023,530,2,3529,20
04-30-2023,540,2,3605,17
04-30-2023,550,2,5853,33
04-30-2023,560,2,5650,24
04-30-2023,570,2,5996,24
04-30-2023,580,2,7860,29
04-30-2023,590,2,9685,35
04-30-2023,600,2,13522,36
04-30-2023,610,2,12717,39
04-30-2023,620,2,13973,31
04-30-2023,630,2,14213,24
04-30-2023,640,2,16288,35
04-30-2023,650,2,15586,30
04-30-2023,660,2,14756,17
04-30-2023,670,2,13885,14
04-30-2023,680,2,13511,18
04-30-2023,690,2,11866,10
04-30-2023,700,2,12563,15
04-30-2023,710,2,11201,8
04-30-2023,720,2,10402,4
04-30-2023,730,2,9634,4
04-30-2023,740,2,9310,2
04-30-2023,750,2,8231,4
04-30-2023,760,2,7923,1
04-30-2023,770,2,7327,3
04-30-2023,780,2,8055,3
04-30-2023,790,2,7016,1
04-30-2023,800,2,6633,0
04-30-2023,810,2,6092,0
04-30-2023,820,2,5270,0
04-30-2023,830,2,4743,1
04-30-2023,840,2,3120,0
04-30-2023,850,2,2176,1
04-30-2023,860,2,1187,1
04-30-2023,870,2,786,0
04-30-2023,880,2,240,0
04-30-2023,890,2,64,0
05-31-2023,330,2,1,0
05-31-2023,350,2,2,0
05-31-2023,360,2,4,0
05-31-2023,370,2,15,0
05-31-2023,380,2,41,0
05-31-2023,390,2,53,0
05-31-2023,400,2,109,2
05-31-2023,410,2,214,0
05-31-2023,420,2,394,2
05-31-2023,430,2,546,4
05-31-2023,440,2,785,4
05-31-2023,450,2,1112,6
05-31-2023,460,2,1441,13
05-31-2023,470,2,1966,12
05-31-2023,480,2,2189,7
05-31-2023,490,2,2554,17
05-31-2023,500,2,2887,15
05-31-2023,510,2,3477,15
05-31-2023,520,2,3412,16
05-31-2023,530,2,3529,17
05-31-2023,540,2,3605,14
05-31-2023,550,2,5853,27
05-31-2023,560,2,5650,30
05-31-2023,570,2,5996,31
05-31-2023,580,2,7860,29
05-31-2023,590,2,9685,29
05-31-2023,600,2,13522,36
05-31-2023,610,2,12717,25
05-31-2023,620,2,13973,29
05-31-2023,630,2,14213,28
05-31-2023,640,2,16288,31
05-31-2023,650,2,15586,19
05-31-2023,660,2,14756,13
05-31-2023,670,2,13885,15
05-31-2023,680,2,13511,10
05-31-2023,690,2,11866,5
05-31-2023,700,2,12563,10
05-31-2023,710,2,11201,9
05-31-2023,720,2,10402,5
05-31-2023,730,2,9634,4
05-31-2023,740,2,9310,1
05-31-2023,750,2,8231,3
05-31-2023,760,2,7923,4
05-31-2023,770,2,7327,3
05-31-2023,780,2,8055,0
05-31-2023,790,2,7016,2
05-31-2023,800,2,6633,0
05-31-2023,810,2,6092,1
05-31-2023,820,2,5270,0
05-31-2023,830,2,4743,0
05-31-2023,840,2,3120,0
05-31-2023,850,2,2176,0
05-31-2023,860,2,1187,1
05-31-2023,870,2,786,0
05-31-2023,880,2,240,0
05-31-2023,890,2,64,0
06-30-2023,330,2,1,0
06-30-2023,350,2,2,0
06-30-2023,360,2,4,0
06-30-2023,370,2,15,1
06-30-2023,380,2,41,0
06-30-2023,390,2,53,0
06-30-2023,400,2,109,0
06-30-2023,410,2,214,0
06-30-2023,420,2,394,0
06-30-2023,430,2,546,5
06-30-2023,440,2,785,9
06-30-2023,450,2,1112,10
06-30-2023,460,2,1441,12
06-30-2023,470,2,1966,18
06-30-2023,480,2,2189,11
06-30-2023,490,2,2554,23
06-30-2023,500,2,2887,19
06-30-2023,510,2,3477,19
06-30-2023,520,2,3412,25
06-30-2023,530,2,3529,19
06-30-2023,540,2,3605,26
06-30-2023,550,2,5853,26
06-30-2023,560,2,5650,26
06-30-2023,570,2,5996,33
06-30-2023,580,2,7860,24
06-30-2023,590,2,9685,28
06-30-2023,600,2,13522,37
06-30-2023,610,2,12717,41
06-30-2023,620,2,13973,36
06-30-2023,630,2,14213,29
06-30-2023,640,2,16288,30
06-30-2023,650,2,15586,25
06-30-2023,660,2,14756,15
06-30-2023,670,2,13885,18
06-30-2023,680,2,13511,10
06-30-2023,690,2,11866,18
06-30-2023,700,2,12563,15
06-30-2023,710,2,11201,10
06-30-2023,720,2,10402,5
06-30-2023,730,2,9634,3
06-30-2023,740,2,9310,3
06-30-2023,750,2,8231,2
06-30-2023,760,2,7923,3
06-30-2023,770,2,7327,2
06-30-2023,780,2,8055,2
06-30-2023,790,2,7016,1
06-30-2023,800,2,6633,1
06-30-2023,810,2,6092,0
06-30-2023,820,2,5270,2
06-30-2023,830,2,4743,0
06-30-2023,840,2,3120,0
06-30-2023,850,2,2176,0
06-30-2023,860,2,1187,0
06-30-2023,870,2,786,0
06-30-2023,880,2,240,1
06-30-2023,890,2,64,0
07-31-2023,330,2,1,0
07-31-2023,350,2,2,0
07-31-2023,360,2,4,0
07-31-2023,370,2,15,0
07-31-2023,380,2,41,0
07-31-2023,390,2,53,1
07-31-2023,400,2,109,2
07-31-2023,410,2,214,2
07-31-2023,420,2,394,2
07-31-2023,430,2,546,3
07-31-2023,440,2,785,9
07-31-2023,450,2,1112,8
07-31-2023,460,2,1441,11
07-31-2023,470,2,1966,10
07-31-2023,480,2,2189,14
07-31-2023,490,2,2554,11
07-31-2023,500,2,2887,16
07-31-2023,510,2,3477,25
07-31-2023,520,2,3412,24
07-31-2023,530,2,3529,21
07-31-2023,540,2,3605,17
07-31-2023,550,2,5853,29
07-31-2023,560,2,5650,45
07-31-2023,570,2,5996,19
07-31-2023,580,2,7860,28
07-31-2023,590,2,9685,37
07-31-2023,600,2,13522,53
07-31-2023,610,2,12717,28
07-31-2023,620,2,13973,23
07-31-2023,630,2,14213,24
07-31-2023,640,2,16288,25
07-31-2023,650,2,15586,26
07-31-2023,660,2,14756,20
07-31-2023,670,2,13885,18
07-31-2023,680,2,13511,15
07-31-2023,690,2,11866,7
07-31-2023,700,2,12563,7
07-31-2023,710,2,11201,3
07-31-2023,720,2,10402,6
07-31-2023,730,2,9634,3
07-31-2023,740,2,9310,4
07-31-2023,750,2,8231,1
07-31-2023,760,2,7923,1
07-31-2023,770,2,7327,1
07-31-2023,780,2,8055,1
07-31-2023,790,2,7016,1
07-31-2023,800,2,6633,1
07-31-2023,810,2,6092,2
07-31-2023,820,2,5270,0
07-31-2023,830,2,4743,2
07-31-2023,840,2,3120,0
07-31-2023,850,2,2176,0
07-31-2023,860,2,1187,0
07-31-2023,870,2,786,0
07-31-2023,880,2,240,0
07-31-2023,890,2,64,0
08-31-2023,330,2,1,0
08-31-2023,350,2,2,0
08-31-2023,360,2,4,0
08-31-2023,370,2,15,0
08-31-2023,380,2,41,0
08-31-2023,390,2,53,0
08-31-2023,400,2,109,0
08-31-2023,410,2,214,1
08-31-2023,420,2,394,5
08-31-2023,430,2,546,2
08-31-2023,440,2,785,9
08-31-2023,450,2,1112,9
08-31-2023,460,2,1441,13
08-31-2023,470,2,1966,13
08-31-2023,480,2,2189,11
08-31-2023,490,2,2554,19
08-31-2023,500,2,2887,19
08-31-2023,510,2,3477,24
08-31-2023,520,2,3412,18
08-31-2023,530,2,3529,17
08-31-2023,540,2,3605,29
08-31-2023,550,2,5853,32
08-31-2023,560,2,5650,27
08-31-2023,570,2,5996,30
08-31-2023,580,2,7860,29
08-31-2023,590,2,9685,37
08-31-2023,600,2,13522,42
08-31-2023,610,2,12717,38
08-31-2023,620,2,13973,24
08-31-2023,630,2,14213,34
08-31-2023,640,2,16288,28
08-31-2023,650,2,15586,31
08-31-2023,660,2,14756,20
08-31-2023,670,2,13885,22
08-31-2023,680,2,13511,18
08-31-2023,690,2,11866,20
08-31-2023,700,2,12563,16
08-31-2023,710,2,11201,7
08-31-2023,720,2,10402,8
08-31-2023,730,2,9634,5
08-31-2023,740,2,9310,3
08-31-2023,750,2,8231,5
08-31-2023,760,2,7923,4
08-31-2023,770,2,7327,2
08-31-2023,780,2,8055,0
08-31-2023,790,2,7016,2
08-31-2023,800,2,6633,0
08-31-2023,810,2,6092,0
08-31-2023,820,2,5270,0
08-31-2023,830,2,4743,0
08-31-2023,840,2,3120,0
08-31-2023,850,2,2176,0
08-31-2023,860,2,1187,0
08-31-2023,870,2,786,0
08-31-2023,880,2,240,0
08-31-2023,890,2,64,0
09-30-2023,330,2,1,0
09-30-2023,350,2,2,0
09-30-2023,360,2,4,0
09-30-2023,370,2,15,0
09-30-2023,380,2,41,0
09-30-2023,390,2,53,0
09-30-2023,400,2,109,1
09-30-2023,410,2,214,3
09-30-2023,420,2,394,0
09-30-2023,430,2,546,5
09-30-2023,440,2,785,9
09-30-2023,450,2,1112,9
09-30-2023,460,2,1441,12
09-30-2023,470,2,1966,13
09-30-2023,480,2,2189,10
09-30-2023,490,2,2554,12
09-30-2023,500,2,2887,24
09-30-2023,510,2,3477,21
09-30-2023,520,2,3412,23
09-30-2023,530,2,3529,28
09-30-2023,540,2,3605,33
09-30-2023,550,2,5853,41
09-30-2023,560,2,5650,41
09-30-2023,570,2,5996,34
09-30-2023,580,2,7860,41
09-30-2023,590,2,9685,45
09-30-2023,600,2,13522,54
09-30-2023,610,2,12717,42
09-30-2023,620,2,13973,51
09-30-2023,630,2,14213,42
09-30-2023,640,2,16288,37
09-30-2023,650,2,15586,23
09-30-2023,660,2,14756,27
09-30-2023,670,2,13885,23
09-30-2023,680,2,13511,16
09-30-2023,690,2,11866,17
09-30-2023,700,2,12563,18
09-30-2023,710,2,11201,10
09-30-2023,720,2,10402,12
09-30-2023,730,2,9634,10
09-30-2023,740,2,9310,6
09-30-2023,750,2,8231,8
09-30-2023,760,2,7923,3
09-30-2023,770,2,7327,4
09-30-2023,780,2,8055,4
09-30-2023,790,2,7016,0
09-30-2023,800,2,6633,0
09-30-2023,810,2,6092,2
09-30-2023,820,2,5270,0
09-30-2023,830,2,4743,0
09-30-2023,840,2,3120,1
09-30-2023,850,2,2176,0
09-30-2023,860,2,1187,0
09-30-2023,870,2,786,0
09-30-2023,880,2,240,0
09-30-2023,890,2,64,0
10-31-2023,330,2,1,0
10-31-2023,350,2,2,0
10-31-2023,360,2,4,0
10-31-2023,370,2,15,0
10-31-2023,380,2,41,0
10-31-2023,390,2,53,1
10-31-2023,400,2,109,1
10-31-2023,410,2,214,1
10-31-2023,420,2,394,2
10-31-2023,430,2,546,4
10-31-2023,440,2,785,2
10-31-2023,450,2,1112,1
10-31-2023,460,2,1441,9
10-31-2023,470,2,1966,8
10-31-2023,480,2,2189,17
10-31-2023,490,2,2554,13
10-31-2023,500,2,2887,13
10-31-2023,510,2,3477,22
10-31-2023,520,2,3412,17
10-31-2023,530,2,3529,17
10-31-2023,540,2,3605,17
10-31-2023,550,2,5853,26
10-31-2023,560,2,5650,25
10-31-2023,570,2,5996,21
10-31-2023,580,2,7860,27
10-31-2023,590,2,9685,36
10-31-2023,600,2,13522,40
10-31-2023,610,2,12717,29
10-31-2023,620,2,13973,38
10-31-2023,630,2,14213,26
10-31-2023,640,2,16288,29
10-31-2023,650,2,15586,28
10-31-2023,660,2,14756,21
10-31-2023,670,2,13885,12
10-31-2023,680,2,13511,18
10-31-2023,690,2,11866,10
10-31-2023,700,2,12563,4
10-31-2023,710,2,11201,8
10-31-2023,720,2,10402,8
10-31-2023,730,2,9634,2
10-31-2023,740,2,9310,2
10-31-2023,750,2,8231,0
10-31-2023,760,2,7923,1
10-31-2023,770,2,7327,1
10-31-2023,780,2,8055,2
10-31-2023,790,2,7016,1
10-31-2023,800,2,6633,1
10-31-2023,810,2,6092,0
10-31-2023,820,2,5270,1
10-31-2023,830,2,4743,0
10-31-2023,840,2,3120,0
10-31-2023,850,2,2176,0
10-31-2023,860,2,1187,0
10-31-2023,870,2,786,0
10-31-2023,880,2,240,0
10-31-2023,890,2,64,0
11-30-2023,330,2,1,0
11-30-2023,350,2,2,0
11-30-2023,360,2,4,0
11-30-2023,370,2,15,0
11-30-2023,380,2,41,0
11-30-2023,390,2,53,0
11-30-2023,400,2,109,0
11-30-2023,410,2,214,0
11-30-2023,420,2,394,3
11-30-2023,430,2,546,4
11-30-2023,440,2,785,6
11-30-2023,450,2,1112,6
11-30-2023,460,2,1441,7
11-30-2023,470,2,1966,18
11-30-2023,480,2,2189,17
11-30-2023,490,2,2554,16
11-30-2023,500,2,2887,17
11-30-2023,510,2,3477,20
11-30-2023,520,2,3412,19
11-30-2023,530,2,3529,20
11-30-2023,540,2,3605,19
11-30-2023,550,2,5853,31
11-30-2023,560,2,5650,26
11-30-2023,570,2,5996,23
11-30-2023,580,2,7860,34
11-30-2023,590,2,9685,26
11-30-2023,600,2,13522,32
11-30-2023,610,2,12717,36
11-30-2023,620,2,13973,37
11-30-2023,630,2,14213,24
11-30-2023,640,2,16288,40
11-30-2023,650,2,15586,25
11-30-2023,660,2,14756,25
11-30-2023,670,2,13885,22
11-30-2023,680,2,13511,13
11-30-2023,690,2,11866,10
11-30-2023,700,2,12563,10
11-30-2023,710,2,11201,11
11-30-2023,720,2,10402,9
11-30-2023,730,2,9634,8
11-30-2023,740,2,9310,8
11-30-2023,750,2,8231,3
11-30-2023,760,2,7923,0
11-30-2023,770,2,7327,0
11-30-2023,780,2,8055,2
11-30-2023,790,2,7016,1
11-30-2023,800,2,6633,2
11-30-2023,810,2,6092,0
11-30-2023,820,2,5270,1
11-30-2023,830,2,4743,0
11-30-2023,840,2,3120,0
11-30-2023,850,2,2176,0
11-30-2023,860,2,1187,0
11-30-2023,870,2,786,0
11-30-2023,880,2,240,0
11-30-2023,890,2,64,0
12-31-2023,330,2,1,0
12-31-2023,350,2,2,0
12-31-2023,360,2,4,0
12-31-2023,370,2,15,0
12-31-2023,380,2,41,1
12-31-2023,390,2,53,1
12-31-2023,400,2,109,0
12-31-2023,410,2,214,2
12-31-2023,420,2,394,4
12-31-2023,430,2,546,0
12-31-2023,440,2,785,6
12-31-2023,450,2,1112,13
12-31-2023,460,2,1441,7
12-31-2023,470,2,1966,4
12-31-2023,480,2,2189,10
12-31-2023,490,2,2554,9
12-31-2023,500,2,2887,14
12-31-2023,510,2,3477,22
12-31-2023,520,2,3412,17
12-31-2023,530,2,3529,11
12-31-2023,540,2,3605,30
12-31-2023,550,2,5853,37
12-31-2023,560,2,5650,23
12-31-2023,570,2,5996,19
12-31-2023,580,2,7860,28
12-31-2023,590,2,9685,23
12-31-2023,600,2,13522,44
12-31-2023,610,2,12717,26
12-31-2023,620,2,13973,32
12-31-2023,630,2,14213,34
12-31-2023,640,2,16288,27
12-31-2023,650,2,15586,27
12-31-2023,660,2,14756,21
12-31-2023,670,2,13885,18
12-31-2023,680,2,13511,8
12-31-2023,690,2,11866,7
12-31-2023,700,2,12563,13
12-31-2023,710,2,11201,6
12-31-2023,720,2,10402,6
12-31-2023,730,2,9634,5
12-31-2023,740,2,9310,4
12-31-2023,750,2,8231,1
12-31-2023,760,2,7923,3
12-31-2023,770,2,7327,5
12-31-2023,780,2,8055,2
12-31-2023,790,2,7016,1
12-31-2023,800,2,6633,2
12-31-2023,810,2,6092,0
12-31-2023,820,2,5270,1
12-31-2023,830,2,4743,0
12-31-2023,840,2,3120,0
12-31-2023,850,2,2176,0
12-31-2023,860,2,1187,0
12-31-2023,870,2,786,0
12-31-2023,880,2,240,0
12-31-2023,890,2,64,0
01-31-2024,330,2,1,0
01-31-2024,350,2,2,0
01-31-2024,360,2,4,0
01-31-2024,370,2,15,0
01-31-2024,380,2,41,1
01-31-2024,390,2,53,1
01-31-2024,400,2,109,0
01-31-2024,410,2,214,2
01-31-2024,420,2,394,7
01-31-2024,430,2,546,2
01-31-2024,440,2,785,6
01-31-2024,450,2,1112,10
01-31-2024,460,2,1441,8
01-31-2024,470,2,1966,8
01-31-2024,480,2,2189,12
01-31-2024,490,2,2554,12
01-31-2024,500,2,2887,19
01-31-2024,510,2,3477,24
01-31-2024,520,2,3412,23
01-31-2024,530,2,3529,22
01-31-2024,540,2,3605,21
01-31-2024,550,2,5853,33
01-31-2024,560,2,5650,31
01-31-2024,570,2,5996,30
01-31-2024,580,2,7860,28
01-31-2024,590,2,9685,34
01-31-2024,600,2,13522,39
01-31-2024,610,2,12717,38
01-31-2024,620,2,13973,28
01-31-2024,630,2,14213,26
01-31-2024,640,2,16288,35
01-31-2024,650,2,15586,33
01-31-2024,660,2,14756,17
01-31-2024,670,2,13885,22
01-31-2024,680,2,13511,23
01-31-2024,690,2,11866,12
01-31-2024,700,2,12563,9
01-31-2024,710,2,11201,6
01-31-2024,720,2,10402,7
01-31-2024,730,2,9634,3
01-31-2024,740,2,9310,4
01-31-2024,750,2,8231,2
01-31-2024,760,2,7923,3
01-31-2024,770,2,7327,3
01-31-2024,780,2,8055,3
01-31-2024,790,2,7016,2
01-31-2024,800,2,6633,1
01-31-2024,810,2,6092,2
01-31-2024,820,2,5270,0
01-31-2024,830,2,4743,1
01-31-2024,840,2,3120,0
01-31-2024,850,2,2176,0
01-31-2024,860,2,1187,0
01-31-2024,870,2,786,0
01-31-2024,880,2,240,0
01-31-2024,890,2,64,0
02-29-2024,330,2,1,0
02-29-2024,350,2,2,0
02-29-2024,360,2,4,0
02-29-2024,370,2,15,0
02-29-2024,380,2,41,0
02-29-2024,390,2,53,0
02-29-2024,400,2,109,2
02-29-2024,410,2,214,6
02-29-2024,420,2,394,1
02-29-2024,430,2,546,3
02-29-2024,440,2,785,1
02-29-2024,450,2,1112,4
02-29-2024,460,2,1441,11
02-29-2024,470,2,1966,7
02-29-2024,480,2,2189,17
02-29-2024,490,2,2554,21
02-29-2024,500,2,2887,12
02-29-2024,510,2,3477,20
02-29-2024,520,2,3412,14
02-29-2024,530,2,3529,11
02-29-2024,540,2,3605,22
02-29-2024,550,2,5853,28
02-29-2024,560,2,5650,13
02-29-2024,570,2,5996,33
02-29-2024,580,2,7860,31
02-29-2024,590,2,9685,28
02-29-2024,600,2,13522,26
02-29-2024,610,2,12717,32
02-29-2024,620,2,13973,37
02-29-2024,630,2,14213,29
02-29-2024,640,2,16288,33
02-29-2024,650,2,15586,30
02-29-2024,660,2,14756,17
02-29-2024,670,2,13885,19
02-29-2024,680,2,13511,18
02-29-2024,690,2,11866,19
02-29-2024,700,2,12563,9
02-29-2024,710,2,11201,5
02-29-2024,720,2,10402,9
02-29-2024,730,2,9634,4
02-29-2024,740,2,9310,5
02-29-2024,750,2,8231,3
02-29-2024,760,2,7923,3
02-29-2024,770,2,7327,1
02-29-2024,780,2,8055,2
02-29-2024,790,2,7016,1
02-29-2024,800,2,6633,2
02-29-2024,810,2,6092,1
02-29-2024,820,2,5270,0
02-29-2024,830,2,4743,0
02-29-2024,840,2,3120,0
02-29-2024,850,2,2176,0
02-29-2024,860,2,1187,0
02-29-2024,870,2,786,0
02-29-2024,880,2,240,0
02-29-2024,890,2,64,0
03-31-2024,330,2,1,0
03-31-2024,350,2,2,0
03-31-2024,360,2,4,0
03-31-2024,370,2,15,0
03-31-2024,380,2,41,0
03-31-2024,390,2,53,0
03-31-2024,400,2,109,0
03-31-2024,410,2,214,0
03-31-2024,420,2,394,4
03-31-2024,430,2,546,3
03-31-2024,440,2,785,2
03-31-2024,450,2,1112,7
03-31-2024,460,2,1441,2
03-31-2024,470,2,1966,17
03-31-2024,480,2,2189,6
03-31-2024,490,2,2554,20
03-31-2024,500,2,2887,13
03-31-2024,510,2,3477,13
03-31-2024,520,2,3412,27
03-31-2024,530,2,3529,28
03-31-2024,540,2,3605,17
03-31-2024,550,2,5853,37
03-31-2024,560,2,5650,24
03-31-2024,570,2,5996,30
03-31-2024,580,2,7860,28
03-31-2024,590,2,9685,27
03-31-2024,600,2,13522,37
03-31-2024,610,2,12717,34
03-31-2024,620,2,13973,24
03-31-2024,630,2,14213,33
03-31-2024,640,2,16288,21
03-31-2024,650,2,15586,19
03-31-2024,660,2,14756,18
03-31-2024,670,2,13885,21
03-31-2024,680,2,13511,13
03-31-2024,690,2,11866,11
03-31-2024,700,2,12563,11
03-31-2024,710,2,11201,6
03-31-2024,720,2,10402,7
03-31-2024,730,2,9634,6
03-31-2024,740,2,9310,1
03-31-2024,750,2,8231,6
03-31-2024,760,2,7923,4
03-31-2024,770,2,7327,1
03-31-2024,780,2,8055,3
03-31-2024,790,2,7016,1
03-31-2024,800,2,6633,1
03-31-2024,810,2,6092,0
03-31-2024,820,2,5270,0
03-31-2024,830,2,4743,0
03-31-2024,840,2,3120,0
03-31-2024,850,2,2176,1
03-31-2024,860,2,1187,0
03-31-2024,870,2,786,1
03-31-2024,880,2,240,0
03-31-2024,890,2,64,0
04-30-2024,330,2,1,0
04-30-2024,350,2,2,0
04-30-2024,360,2,4,0
04-30-2024,370,2,15,0
04-30-2024,380,2,41,0
04-30-2024,390,2,53,0
04-30-2024,400,2,109,0
04-30-2024,410,2,214,1
04-30-2024,420,2,394,3
04-30-2024,430,2,546,2
04-30-2024,440,2,785,7
04-30-2024,450,2,1112,11
04-30-2024,460,2,1441,10
04-30-2024,470,2,1966,11
04-30-2024,480,2,2189,10
04-30-2024,490,2,2554,15
04-30-2024,500,2,2887,17
04-30-2024,510,2,3477,21
04-30-2024,520,2,3412,15
04-30-2024,530,2,3529,19
04-30-2024,540,2,3605,29
04-30-2024,550,2,5853,29
04-30-2024,560,2,5650,20
04-30-2024,570,2,5996,24
04-30-2024,580,2,8408,30
04-30-2024,590,2,10372,45
04-30-2024,600,2,14351,37
04-30-2024,610,2,13629,39
04-30-2024,620,2,14906,28
04-30-2024,630,2,15145,42
04-30-2024,640,2,17343,30
04-30-2024,650,2,16608,30
04-30-2024,660,2,15795,29
04-30-2024,670,2,14848,15
04-30-2024,680,2,14494,19
04-30-2024,690,2,12714,18
04-30-2024,700,2,13457,13
04-30-2024,710,2,12050,12
04-30-2024,720,2,11177,6
04-30-2024,730,2,10342,7
04-30-2024,740,2,10074,6
04-30-2024,750,2,8888,4
04-30-2024,760,2,8513,1
04-30-2024,770,2,7927,2
04-30-2024,780,2,8708,2
04-30-2024,790,2,7576,0
04-30-2024,800,2,7195,2
04-30-2024,810,2,6622,2
04-30-2024,820,2,5740,4
04-30-2024,830,2,5248,0
04-30-2024,840,2,3430,0
04-30-2024,850,2,2415,1
04-30-2024,860,2,1327,1
04-30-2024,870,2,878,0
04-30-2024,880,2,270,0
04-30-2024,890,2,72,0
05-31-2024,330,2,1,0
05-31-2024,350,2,2,0
05-31-2024,360,2,4,0
05-31-2024,370,2,15,0
05-31-2024,380,2,41,0
05-31-2024,390,2,53,0
05-31-2024,400,2,109,1
05-31-2024,410,2,214,0
05-31-2024,420,2,394,0
05-31-2024,430,2,546,2
05-31-2024,440,2,785,7
05-31-2024,450,2,1112,6
05-31-2024,460,2,1441,12
05-31-2024,470,2,1966,11
05-31-2024,480,2,2189,11
05-31-2024,490,2,2554,14
05-31-2024,500,2,2887,12
05-31-2024,510,2,3477,28
05-31-2024,520,2,3412,17
05-31-2024,530,2,3529,20
05-31-2024,540,2,3605,24
05-31-2024,550,2,5853,26
05-31-2024,560,2,5650,28
05-31-2024,570,2,5996,28
05-31-2024,580,2,8408,32
05-31-2024,590,2,10372,25
05-31-2024,600,2,14351,39
05-31-2024,610,2,13629,36
05-31-2024,620,2,14906,32
05-31-2024,630,2,15145,35
05-31-2024,640,2,17343,46
05-31-2024,650,2,16608,24
05-31-2024,660,2,15795,28
05-31-2024,670,2,14848,13
05-31-2024,680,2,14494,7
05-31-2024,690,2,12714,7
05-31-2024,700,2,13457,16
05-31-2024,710,2,12050,6
05-31-2024,720,2,11177,6
05-31-2024,730,2,10342,8
05-31-2024,740,2,10074,5
05-31-2024,750,2,8888,4
05-31-2024,760,2,8513,3
05-31-2024,770,2,7927,5
05-31-2024,780,2,8708,1
05-31-2024,790,2,7576,1
05-31-2024,800,2,7195,2
05-31-2024,810,2,6622,1
05-31-2024,820,2,5740,2
05-31-2024,830,2,5248,0
05-31-2024,840,2,3430,0
05-31-2024,850,2,2415,2
05-31-2024,860,2,1327,0
05-31-2024,870,2,878,0
05-31-2024,880,2,270,0
05-31-2024,890,2,72,0
06-30-2024,330,2,1,0
06-30-2024,350,2,2,0
06-30-2024,360,2,4,0
06-30-2024,370,2,15,0
06-30-2024,380,2,41,0
06-30-2024,390,2,53,1
06-30-2024,400,2,109,0
06-30-2024,410,2,214,1
06-30-2024,420,2,394,2
06-30-2024,430,2,546,3
06-30-2024,440,2,785,7
06-30-2024,450,2,1112,7
06-30-2024,460,2,1441,8
06-30-2024,470,2,1966,15
06-30-2024,480,2,2189,11
06-30-2024,490,2,2554,21
06-30-2024,500,2,2887,21
06-30-2024,510,2,3477,20
06-30-2024,520,2,3412,19
06-30-2024,530,2,3529,24
06-30-2024,540,2,3605,17
06-30-2024,550,2,5853,26
06-30-2024,560,2,5650,28
06-30-2024,570,2,5996,25
06-30-2024,580,2,8408,29
06-30-2024,590,2,10372,32
06-30-2024,600,2,14351,30
06-30-2024,610,2,13629,38
06-30-2024,620,2,14906,33
06-30-2024,630,2,15145,25
06-30-2024,640,2,17343,23
06-30-2024,650,2,16608,27
06-30-2024,660,2,15795,21
06-30-2024,670,2,14848,21
06-30-2024,680,2,14494,13
06-30-2024,690,2,12714,9
06-30-2024,700,2,13457,14
06-30-2024,710,2,12050,6
06-30-2024,720,2,11177,11
06-30-2024,730,2,10342,2
06-30-2024,740,2,10074,7
06-30-2024,750,2,8888,5
06-30-2024,760,2,8513,4
06-30-2024,770,2,7927,4
06-30-2024,780,2,8708,2
06-30-2024,790,2,7576,1
06-30-2024,800,2,7195,4
06-30-2024,810,2,6622,1
06-30-2024,820,2,5740,0
06-30-2024,830,2,5248,0
06-30-2024,840,2,3430,0
06-30-2024,850,2,2415,0
06-30-2024,860,2,1327,1
06-30-2024,870,2,878,0
06-30-2024,880,2,270,0
06-30-2024,890,2,72,0
07-31-2024,330,2,1,0
07-31-2024,350,2,2,0
07-31-2024,360,2,4,0
07-31-2024,370,2,15,0
07-31-2024,380,2,41,0
07-31-2024,390,2,53,0
07-31-2024,400,2,109,0
07-31-2024,410,2,214,1
07-31-2024,420,2,394,3
07-31-2024,430,2,546,4
07-31-2024,440,2,785,5
07-31-2024,450,2,1112,4
07-31-2024,460,2,1441,6
07-31-2024,470,2,1966,14
07-31-2024,480,2,2189,21
07-31-2024,490,2,2554,9
07-31-2024,500,2,2887,14
07-31-2024,510,2,3477,9
07-31-2024,520,2,3412,17
07-31-2024,530,2,3529,8
07-31-2024,540,2,3605,23
07-31-2024,550,2,5853,35
07-31-2024,560,2,5650,28
07-31-2024,570,2,6199,30
07-31-2024,580,2,9153,28
07-31-2024,590,2,11223,30
07-31-2024,600,2,15302,42
07-31-2024,610,2,14697,27
07-31-2024,620,2,15975,27
07-31-2024,630,2,16244,30
07-31-2024,640,2,18669,33
07-31-2024,650,2,17940,39
07-31-2024,660,2,17043,28
07-31-2024,670,2,16086,20
07-31-2024,680,2,15712,19
07-31-2024,690,2,13790,16
07-31-2024,700,2,14627,9
07-31-2024,710,2,13053,9
07-31-2024,720,2,12160,9
07-31-2024,730,2,11259,2
07-31-2024,740,2,11014,4
07-31-2024,750,2,9712,1
07-31-2024,760,2,9202,2
07-31-2024,770,2,8644,0
07-31-2024,780,2,9501,3
07-31-2024,790,2,8289,1
07-31-2024,800,2,7927,0
07-31-2024,810,2,7266,2
07-31-2024,820,2,6355,1
07-31-2024,830,2,5806,2
07-31-2024,840,2,3844,0
07-31-2024,850,2,2714,0
07-31-2024,860,2,1475,0
07-31-2024,870,2,992,0
07-31-2024,880,2,323,0
07-31-2024,890,2,80,0
08-31-2024,330,2,1,0
08-31-2024,350,2,2,0
08-31-2024,360,2,4,0
08-31-2024,370,2,15,0
08-31-2024,380,2,41,0
08-31-2024,390,2,53,0
08-31-2024,400,2,109,1
08-31-2024,410,2,214,1
08-31-2024,420,2,394,3
08-31-2024,430,2,546,4
08-31-2024,440,2,785,4
08-31-2024,450,2,1112,6
08-31-2024,460,2,1441,6
08-31-2024,470,2,1966,5
08-31-2024,480,2,2189,17
08-31-2024,490,2,2554,21
08-31-2024,500,2,2887,13
08-31-2024,510,2,3477,19
08-31-2024,520,2,3412,20
08-31-2024,530,2,3529,18
08-31-2024,540,2,3605,18
08-31-2024,550,2,5853,25
08-31-2024,560,2,5650,26
08-31-2024,570,2,6199,37
08-31-2024,580,2,9153,43
08-31-2024,590,2,11223,29
08-31-2024,600,2,15302,42
08-31-2024,610,2,14697,35
08-31-2024,620,2,15975,34
08-31-2024,630,2,16244,43
08-31-2024,640,2,18669,39
08-31-2024,650,2,17940,28
08-31-2024,660,2,17043,19
08-31-2024,670,2,16086,18
08-31-2024,680,2,15712,15
08-31-2024,690,2,13790,24
08-31-2024,700,2,14627,14
08-31-2024,710,2,13053,16
08-31-2024,720,2,12160,9
08-31-2024,730,2,11259,6
08-31-2024,740,2,11014,4
08-31-2024,750,2,9712,4
08-31-2024,760,2,9202,4
08-31-2024,770,2,8644,0
08-31-2024,780,2,9501,1
08-31-2024,790,2,8289,0
08-31-2024,800,2,7927,2
08-31-2024,810,2,7266,0
08-31-2024,820,2,6355,1
08-31-2024,830,2,5806,0
08-31-2024,840,2,3844,0
08-31-2024,850,2,2714,0
08-31-2024,860,2,1475,0
08-31-2024,870,2,992,0
08-31-2024,880,2,323,0
08-31-2024,890,2,80,0
09-30-2024,330,2,1,0
09-30-2024,350,2,2,0
09-30-2024,360,2,4,0
09-30-2024,370,2,15,0
09-30-2024,380,2,41,0
09-30-2024,390,2,53,1
09-30-2024,400,2,109,0
09-30-2024,410,2,214,3
09-30-2024,420,2,394,1
09-30-2024,430,2,546,2
09-30-2024,440,2,785,6
09-30-2024,450,2,1112,7
09-30-2024,460,2,1441,8
09-30-2024,470,2,1966,12
09-30-2024,480,2,2189,4
09-30-2024,490,2,2554,15
09-30-2024,500,2,2887,9
09-30-2024,510,2,3477,15
09-30-2024,520,2,3412,25
09-30-2024,530,2,3529,21
09-30-2024,540,2,3605,17
09-30-2024,550,2,5853,25
09-30-2024,560,2,5650,20
09-30-2024,570,2,6199,24
09-30-2024,580,2,9153,25
09-30-2024,590,2,11223,29
09-30-2024,600,2,15302,54
09-30-2024,610,2,14697,40
09-30-2024,620,2,15975,38
09-30-2024,630,2,16244,38
09-30-2024,640,2,18669,36
09-30-2024,650,2,17940,27
09-30-2024,660,2,17043,30
09-30-2024,670,2,16086,21
09-30-2024,680,2,15712,18
09-30-2024,690,2,13790,14
09-30-2024,700,2,14627,10
09-30-2024,710,2,13053,9
09-30-2024,720,2,12160,5
09-30-2024,730,2,11259,3
09-30-2024,740,2,11014,9
09-30-2024,750,2,9712,4
09-30-2024,760,2,9202,5
09-30-2024,770,2,8644,2
09-30-2024,780,2,9501,1
09-30-2024,790,2,8289,1
09-30-2024,800,2,7927,2
09-30-2024,810,2,7266,1
09-30-2024,820,2,6355,1
09-30-2024,830,2,5806,0
09-30-2024,840,2,3844,0
09-30-2024,850,2,2714,1
09-30-2024,860,2,1475,0
09-30-2024,870,2,992,0
09-30-2024,880,2,323,0
09-30-2024,890,2,80,0
10-31-2024,330,2,1,0
10-31-2024,350,2,2,0
10-31-2024,360,2,4,1
10-31-2024,370,2,15,0
10-31-2024,380,2,41,2
10-31-2024,390,2,53,1
10-31-2024,400,2,109,0
10-31-2024,410,2,214,1
10-31-2024,420,2,394,3
10-31-2024,430,2,546,2
10-31-2024,440,2,785,5
10-31-2024,450,2,1112,9
10-31-2024,460,2,1441,15
10-31-2024,470,2,1966,13
10-31-2024,480,2,2189,11
10-31-2024,490,2,2554,15
10-31-2024,500,2,2887,15
10-31-2024,510,2,3477,20
10-31-2024,520,2,3412,23
10-31-2024,530,2,3529,22
10-31-2024,540,2,3605,24
10-31-2024,550,2,5853,37
10-31-2024,560,2,5650,41
10-31-2024,570,2,6199,24
10-31-2024,580,2,9153,34
10-31-2024,590,2,11223,49
10-31-2024,600,2,15302,60
10-31-2024,610,2,14697,54
10-31-2024,620,2,15975,44
10-31-2024,630,2,16244,45
10-31-2024,640,2,18669,37
10-31-2024,650,2,17940,39
10-31-2024,660,2,17043,31
10-31-2024,670,2,16086,20
10-31-2024,680,2,15712,17
10-31-2024,690,2,13790,21
10-31-2024,700,2,14627,18
10-31-2024,710,2,13053,14
10-31-2024,720,2,12160,7
10-31-2024,730,2,11259,5
10-31-2024,740,2,11014,9
10-31-2024,750,2,9712,5
10-31-2024,760,2,9202,3
10-31-2024,770,2,8644,3
10-31-2024,780,2,9501,3
10-31-2024,790,2,8289,1
10-31-2024,800,2,7927,2
10-31-2024,810,2,7266,2
10-31-2024,820,2,6355,1
10-31-2024,830,2,5806,0
10-31-2024,840,2,3844,1
10-31-2024,850,2,2714,0
10-31-2024,860,2,1475,0
10-31-2024,870,2,992,1
10-31-2024,880,2,323,0
10-31-2024,890,2,80,0
11-30-2024,330,2,1,0
11-30-2024,350,2,2,0
11-30-2024,360,2,4,0
11-30-2024,370,2,15,1
11-30-2024,380,2,41,0
11-30-2024,390,2,53,0
11-30-2024,400,2,109,0
11-30-2024,410,2,214,0
11-30-2024,420,2,394,2
11-30-2024,430,2,546,3
11-30-2024,440,2,785,0
11-30-2024,450,2,1112,4
11-30-2024,460,2,1441,3
11-30-2024,470,2,1966,6
11-30-2024,480,2,2189,11
11-30-2024,490,2,2554,10
11-30-2024,500,2,2887,15
11-30-2024,510,2,3477,12
11-30-2024,520,2,3412,13
11-30-2024,530,2,3529,13
11-30-2024,540,2,3605,18
11-30-2024,550,2,5853,22
11-30-2024,560,2,5650,17
11-30-2024,570,2,6199,18
11-30-2024,580,2,9553,32
11-30-2024,590,2,12068,27
11-30-2024,600,2,16318,29
11-30-2024,610,2,15749,31
11-30-2024,620,2,17110,28
11-30-2024,630,2,17396,28
11-30-2024,640,2,20028,25
11-30-2024,650,2,19223,18
11-30-2024,660,2,18284,14
11-30-2024,670,2,17336,15
11-30-2024,680,2,16970,15
11-30-2024,690,2,14886,9
11-30-2024,700,2,15733,10
11-30-2024,710,2,14054,5
11-30-2024,720,2,13101,5
11-30-2024,730,2,12153,3
11-30-2024,740,2,11899,5
11-30-2024,750,2,10501,2
11-30-2024,760,2,9962,2
11-30-2024,770,2,9312,1
11-30-2024,780,2,10244,2
11-30-2024,790,2,8977,0
11-30-2024,800,2,8578,1
11-30-2024,810,2,7858,4
11-30-2024,820,2,6928,1
11-30-2024,830,2,6319,2
11-30-2024,840,2,4223,0
11-30-2024,850,2,2976,0
11-30-2024,860,2,1614,0
11-30-2024,870,2,1113,0
11-30-2024,880,2,366,0
11-30-2024,890,2,90,0
12-31-2024,330,2,1,0
12-31-2024,350,2,2,0
12-31-2024,360,2,4,0
12-31-2024,370,2,15,0
12-31-2024,380,2,41,0
12-31-2024,390,2,53,1
12-31-2024,400,2,109,0
12-31-2024,410,2,214,2
12-31-2024,420,2,394,2
12-31-2024,430,2,546,5
12-31-2024,440,2,785,2
12-31-2024,450,2,1112,11
12-31-2024,460,2,1441,7
12-31-2024,470,2,1966,11
12-31-2024,480,2,2189,10
12-31-2024,490,2,2554,15
12-31-2024,500,2,2887,12
12-31-2024,510,2,3477,18
12-31-2024,520,2,3412,20
12-31-2024,530,2,3529,10
12-31-2024,540,2,3605,9
12-31-2024,550,2,5853,24
12-31-2024,560,2,5650,17
12-31-2024,570,2,6199,24
12-31-2024,580,2,9553,34
12-31-2024,590,2,12068,28
12-31-2024,600,2,16318,35
12-31-2024,610,2,15749,28
12-31-2024,620,2,17110,26
12-31-2024,630,2,17396,34
12-31-2024,640,2,20028,26
12-31-2024,650,2,19223,31
12-31-2024,660,2,18284,20
12-31-2024,670,2,17336,12
12-31-2024,680,2,16970,14
12-31-2024,690,2,14886,6
12-31-2024,700,2,15733,7
12-31-2024,710,2,14054,10
12-31-2024,720,2,13101,10
12-31-2024,730,2,12153,2
12-31-2024,740,2,11899,10
12-31-2024,750,2,10501,5
12-31-2024,760,2,9962,2
12-31-2024,770,2,9312,2
12-31-2024,780,2,10244,4
12-31-2024,790,2,8977,1
12-31-2024,800,2,8578,2
12-31-2024,810,2,7858,2
12-31-2024,820,2,6928,0
12-31-2024,830,2,6319,0
12-31-2024,840,2,4223,0
12-31-2024,850,2,2976,0
12-31-2024,860,2,1614,0
12-31-2024,870,2,1113,0
12-31-2024,880,2,366,0
12-31-2024,890,2,90,0
01-31-2025,330,2,1,0
01-31-2025,350,2,2,0
01-31-2025,360,2,4,0
01-31-2025,370,2,15,0
01-31-2025,380,2,41,0
01-31-2025,390,2,53,1
01-31-2025,400,2,109,1
01-31-2025,410,2,214,1
01-31-2025,420,2,394,3
01-31-2025,430,2,546,3
01-31-2025,440,2,785,1
01-31-2025,450,2,1112,5
01-31-2025,460,2,1441,8
01-31-2025,470,2,1966,7
01-31-2025,480,2,2189,14
01-31-2025,490,2,2554,12
01-31-2025,500,2,2887,13
01-31-2025,510,2,3477,17
01-31-2025,520,2,3412,16
01-31-2025,530,2,3529,16
01-31-2025,540,2,3605,13
01-31-2025,550,2,5853,26
01-31-2025,560,2,5650,23
01-31-2025,570,2,6199,30
01-31-2025,580,2,9553,33
01-31-2025,590,2,12068,27
01-31-2025,600,2,16318,43
01-31-2025,610,2,15749,34
01-31-2025,620,2,17110,38
01-31-2025,630,2,17396,40
01-31-2025,640,2,20028,32
01-31-2025,650,2,19223,29
01-31-2025,660,2,18284,22
01-31-2025,670,2,17336,20
01-31-2025,680,2,16970,24
01-31-2025,690,2,14886,10
01-31-2025,700,2,15733,13
01-31-2025,710,2,14054,12
01-31-2025,720,2,13101,6
01-31-2025,730,2,12153,4
01-31-2025,740,2,11899,12
01-31-2025,750,2,10501,4
01-31-2025,760,2,9962,7
01-31-2025,770,2,9312,2
01-31-2025,780,2,10244,0
01-31-2025,790,2,8977,5
01-31-2025,800,2,8578,2
01-31-2025,810,2,7858,1
01-31-2025,820,2,6928,2
01-31-2025,830,2,6319,1
01-31-2025,840,2,4223,2
01-31-2025,850,2,2976,0
01-31-2025,860,2,1614,0
01-31-2025,870,2,1113,0
01-31-2025,880,2,366,0
01-31-2025,890,2,90,0
02-28-2025,330,2,1,0
02-28-2025,350,2,2,0
02-28-2025,360,2,4,0
02-28-2025,370,2,15,0
02-28-2025,380,2,41,2
02-28-2025,390,2,53,1
02-28-2025,400,2,110,1
02-28-2025,410,2,214,3
02-28-2025,420,2,394,2
02-28-2025,430,2,549,3
02-28-2025,440,2,791,1
02-28-2025,450,2,1123,11
02-28-2025,460,2,1447,10
02-28-2025,470,2,1989,6
02-28-2025,480,2,2224,10
02-28-2025,490,2,2619,12
02-28-2025,500,2,2959,15
02-28-2025,510,2,3560,21
02-28-2025,520,2,3547,11
02-28-2025,530,2,3688,22
02-28-2025,540,2,3798,6
02-28-2025,550,2,6045,19
02-28-2025,560,2,5879,14
02-28-2025,570,2,6491,25
02-28-2025,580,2,9886,36
02-28-2025,590,2,12498,27
02-28-2025,600,2,16986,40
02-28-2025,610,2,16486,30
02-28-2025,620,2,18017,26
02-28-2025,630,2,18397,32
02-28-2025,640,2,21150,40
02-28-2025,650,2,20444,26
02-28-2025,660,2,19422,20
02-28-2025,670,2,18555,19
02-28-2025,680,2,18155,11
02-28-2025,690,2,15929,6
02-28-2025,700,2,16817,15
02-28-2025,710,2,14999,6
02-28-2025,720,2,14110,6
02-28-2025,730,2,13080,7
02-28-2025,740,2,12733,3
02-28-2025,750,2,11317,3
02-28-2025,760,2,10631,5
02-28-2025,770,2,10076,2
02-28-2025,780,2,10968,2
02-28-2025,790,2,9589,0
02-28-2025,800,2,9265,1
02-28-2025,810,2,8370,0
02-28-2025,820,2,7469,0
02-28-2025,830,2,6814,1
02-28-2025,840,2,4602,0
02-28-2025,850,2,3315,0
02-28-2025,860,2,1808,0
02-28-2025,870,2,1220,0
02-28-2025,880,2,374,0
02-28-2025,890,2,91,0
03-31-2025,330,2,1,0
03-31-2025,350,2,2,0
03-31-2025,360,2,4,0
03-31-2025,370,2,15,0
03-31-2025,380,2,41,0
03-31-2025,390,2,53,0
03-31-2025,400,2,110,2
03-31-2025,410,2,214,3
03-31-2025,420,2,394,3
03-31-2025,430,2,549,4
03-31-2025,440,2,791,5
03-31-2025,450,2,1123,6
03-31-2025,460,2,1447,11
03-31-2025,470,2,1989,12
03-31-2025,480,2,2224,9
03-31-2025,490,2,2619,15
03-31-2025,500,2,2959,18
03-31-2025,510,2,3560,22
03-31-2025,520,2,3547,20
03-31-2025,530,2,3688,20
03-31-2025,540,2,3798,28
03-31-2025,550,2,6045,23
03-31-2025,560,2,5879,38
03-31-2025,570,2,6491,23
03-31-2025,580,2,9886,33
03-31-2025,590,2,12498,32
03-31-2025,600,2,16986,42
03-31-2025,610,2,16486,31
03-31-2025,620,2,18017,40
03-31-2025,630,2,18397,42
03-31-2025,640,2,21150,41
03-31-2025,650,2,20444,32
03-31-2025,660,2,19422,29
03-31-2025,670,2,18555,20
03-31-2025,680,2,18155,33
03-31-2025,690,2,15929,10
03-31-2025,700,2,16817,21
03-31-2025,710,2,14999,23
03-31-2025,720,2,14110,5
03-31-2025,730,2,13080,11
03-31-2025,740,2,12733,10
03-31-2025,750,2,11317,4
03-31-2025,760,2,10631,7
03-31-2025,770,2,10076,4
03-31-2025,780,2,10968,2
03-31-2025,790,2,9589,2
03-31-2025,800,2,9265,2
03-31-2025,810,2,8370,0
03-31-2025,820,2,7469,2
03-31-2025,830,2,6814,0
03-31-2025,840,2,4602,0
03-31-2025,850,2,3315,1
03-31-2025,860,2,1808,0
03-31-2025,870,2,1220,0
03-31-2025,880,2,374,0
03-31-2025,890,2,91,0
04-30-2025,330,2,1,0
04-30-2025,350,2,2,0
04-30-2025,360,2,4,0
04-30-2025,370,2,15,0
04-30-2025,380,2,41,1
04-30-2025,390,2,53,0
04-30-2025,400,2,110,1
04-30-2025,410,2,214,1
04-30-2025,420,2,394,2
04-30-2025,430,2,549,2
04-30-2025,440,2,791,4
04-30-2025,450,2,1123,6
04-30-2025,460,2,1447,10
04-30-2025,470,2,1989,11
04-30-2025,480,2,2224,11
04-30-2025,490,2,2619,8
04-30-2025,500,2,2959,17
04-30-2025,510,2,3560,18
04-30-2025,520,2,3547,14
04-30-2025,530,2,3688,9
04-30-2025,540,2,3798,22
04-30-2025,550,2,6045,28
04-30-2025,560,2,5879,24
04-30-2025,570,2,6491,23
04-30-2025,580,2,9886,24
04-30-2025,590,2,12498,31
04-30-2025,600,2,16986,37
04-30-2025,610,2,16486,37
04-30-2025,620,2,18017,37
04-30-2025,630,2,18397,31
04-30-2025,640,2,21150,34
04-30-2025,650,2,20444,28
04-30-2025,660,2,19422,32
04-30-2025,670,2,18555,19
04-30-2025,680,2,18155,20
04-30-2025,690,2,15929,20
04-30-2025,700,2,16817,17
04-30-2025,710,2,14999,11
04-30-2025,720,2,14110,7
04-30-2025,730,2,13080,7
04-30-2025,740,2,12733,6
04-30-2025,750,2,11317,3
04-30-2025,760,2,10631,4
04-30-2025,770,2,10076,3
04-30-2025,780,2,10968,6
04-30-2025,790,2,9589,3
04-30-2025,800,2,9265,0
04-30-2025,810,2,8370,5
04-30-2025,820,2,7469,0
04-30-2025,830,2,6814,0
04-30-2025,840,2,4602,0
04-30-2025,850,2,3315,0
04-30-2025,860,2,1808,0
04-30-2025,870,2,1220,0
04-30-2025,880,2,374,0
04-30-2025,890,2,91,0
05-31-2025,330,2,1,1
05-31-2025,350,2,2,0
05-31-2025,360,2,4,0
05-31-2025,370,2,15,0
05-31-2025,380,2,41,0
05-31-2025,390,2,53,2
05-31-2025,400,2,111,0
05-31-2025,410,2,214,1
05-31-2025,420,2,395,0
05-31-2025,430,2,555,4
05-31-2025,440,2,800,1
05-31-2025,450,2,1134,6
05-31-2025,460,2,1463,5
05-31-2025,470,2,2005,11
05-31-2025,480,2,2260,9
05-31-2025,490,2,2672,18
05-31-2025,500,2,3028,16
05-31-2025,510,2,3650,16
05-31-2025,520,2,3666,18
05-31-2025,530,2,3853,13
05-31-2025,540,2,3992,22
05-31-2025,550,2,6249,23
05-31-2025,560,2,6103,27
05-31-2025,570,2,6791,24
05-31-2025,580,2,10182,17
05-31-2025,590,2,12912,46
05-31-2025,600,2,17595,45
05-31-2025,610,2,17273,35
05-31-2025,620,2,19069,31
05-31-2025,630,2,19321,29
05-31-2025,640,2,22308,46
05-31-2025,650,2,21798,28
05-31-2025,660,2,20641,34
05-31-2025,670,2,19888,22
05-31-2025,680,2,19426,13
05-31-2025,690,2,17155,9
05-31-2025,700,2,17985,11
05-31-2025,710,2,16003,7
05-31-2025,720,2,15117,9
05-31-2025,730,2,14059,9
05-31-2025,740,2,13576,5
05-31-2025,750,2,12174,1
05-31-2025,760,2,11297,6
05-31-2025,770,2,10796,1
05-31-2025,780,2,11663,2
05-31-2025,790,2,10190,3
05-31-2025,800,2,9908,1
05-31-2025,810,2,8886,4
05-31-2025,820,2,8021,1
05-31-2025,830,2,7288,2
05-31-2025,840,2,4987,2
05-31-2025,850,2,3696,0
05-31-2025,860,2,2031,0
05-31-2025,870,2,1348,0
05-31-2025,880,2,385,0
05-31-2025,890,2,93,0
06-30-2025,330,2,1,0
06-30-2025,350,2,2,0
06-30-2025,360,2,4,0
06-30-2025,370,2,15,0
06-30-2025,380,2,41,1
06-30-2025,390,2,53,0
06-30-2025,400,2,111,0
06-30-2025,410,2,214,0
06-30-2025,420,2,395,3
06-30-2025,430,2,555,2
06-30-2025,440,2,800,1
06-30-2025,450,2,1134,7
06-30-2025,460,2,1463,7
06-30-2025,470,2,2005,7
06-30-2025,480,2,2260,8
06-30-2025,490,2,2672,11
06-30-2025,500,2,3028,17
06-30-2025,510,2,3650,10
06-30-2025,520,2,3666,15
06-30-2025,530,2,3853,17
06-30-2025,540,2,3992,12
06-30-2025,550,2,6249,25
06-30-2025,560,2,6103,17
06-30-2025,570,2,6791,21
06-30-2025,580,2,10182,34
06-30-2025,590,2,12912,28
06-30-2025,600,2,17595,43
06-30-2025,610,2,17273,42
06-30-2025,620,2,19069,49
06-30-2025,630,2,19321,36
06-30-2025,640,2,22308,36
06-30-2025,650,2,21798,23
06-30-2025,660,2,20641,24
06-30-2025,670,2,19888,21
06-30-2025,680,2,19426,16
06-30-2025,690,2,17155,10
06-30-2025,700,2,17985,12
06-30-2025,710,2,16003,12
06-30-2025,720,2,15117,5
06-30-2025,730,2,14059,7
06-30-2025,740,2,13576,6
06-30-2025,750,2,12174,3
06-30-2025,760,2,11297,6
06-30-2025,770,2,10796,6
06-30-2025,780,2,11663,6
06-30-2025,790,2,10190,1
06-30-2025,800,2,9908,2
06-30-2025,810,2,8886,4
06-30-2025,820,2,8021,0
06-30-2025,830,2,7288,0
06-30-2025,840,2,4987,0
06-30-2025,850,2,3696,1
06-30-2025,860,2,2031,1
06-30-2025,870,2,1348,0
06-30-2025,880,2,385,0
06-30-2025,890,2,93,0
07-31-2025,330,2,1,0
07-31-2025,350,2,2,0
07-31-2025,360,2,4,0
07-31-2025,370,2,15,0
07-31-2025,380,2,41,0
07-31-2025,390,2,53,0
07-31-2025,400,2,111,0
07-31-2025,410,2,214,3
07-31-2025,420,2,395,2
07-31-2025,430,2,555,2
07-31-2025,440,2,800,3
07-31-2025,450,2,1134,4
07-31-2025,460,2,1463,3
07-31-2025,470,2,2005,8
07-31-2025,480,2,2260,19
07-31-2025,490,2,2672,19
07-31-2025,500,2,3028,15
07-31-2025,510,2,3650,14
07-31-2025,520,2,3666,23
07-31-2025,530,2,3853,14
07-31-2025,540,2,3992,11
07-31-2025,550,2,6249,33
07-31-2025,560,2,6103,34
07-31-2025,570,2,6791,21
07-31-2025,580,2,10182,40
07-31-2025,590,2,12912,34
07-31-2025,600,2,17595,43
07-31-2025,610,2,17273,39
07-31-2025,620,2,19069,42
07-31-2025,630,2,19321,37
07-31-2025,640,2,22308,36
07-31-2025,650,2,21798,34
07-31-2025,660,2,20641,21
07-31-2025,670,2,19888,27
07-31-2025,680,2,19426,28
07-31-2025,690,2,17155,18
07-31-2025,700,2,17985,18
07-31-2025,710,2,16003,15
07-31-2025,720,2,15117,12
07-31-2025,730,2,14059,2
07-31-2025,740,2,13576,7
07-31-2025,750,2,12174,10
07-31-2025,760,2,11297,3
07-31-2025,770,2,10796,3
07-31-2025,780,2,11663,2
07-31-2025,790,2,10190,2
07-31-2025,800,2,9908,0
07-31-2025,810,2,8886,2
07-31-2025,820,2,8021,1
07-31-2025,830,2,7288,1
07-31-2025,840,2,4987,0
07-31-2025,850,2,3696,0
07-31-2025,860,2,2031,0
07-31-2025,870,2,1348,0
07-31-2025,880,2,385,0
07-31-2025,890,2,93,0
08-31-2025,330,2,1,0
08-31-2025,350,2,2,0
08-31-2025,360,2,4,0
08-31-2025,370,2,15,0
08-31-2025,380,2,41,0
08-31-2025,390,2,53,1
08-31-2025,400,2,111,0
08-31-2025,410,2,214,1
08-31-2025,420,2,396,2
08-31-2025,430,2,559,1
08-31-2025,440,2,814,6
08-31-2025,450,2,1142,6
08-31-2025,460,2,1486,4
08-31-2025,470,2,2042,9
08-31-2025,480,2,2306,13
08-31-2025,490,2,2745,10
08-31-2025,500,2,3140,16
08-31-2025,510,2,3794,21
08-31-2025,520,2,3863,17
08-31-2025,530,2,4070,23
08-31-2025,540,2,4282,17
08-31-2025,550,2,6606,21
08-31-2025,560,2,6489,21
08-31-2025,570,2,7323,18
08-31-2025,580,2,10705,36
08-31-2025,590,2,13629,28
08-31-2025,600,2,18510,51
08-31-2025,610,2,18321,36
08-31-2025,620,2,20352,30
08-31-2025,630,2,20684,34
08-31-2025,640,2,23939,44
08-31-2025,650,2,23588,35
08-31-2025,660,2,22269,26
08-31-2025,670,2,21806,19
08-31-2025,680,2,21048,17
08-31-2025,690,2,18826,19
08-31-2025,700,2,19778,19
08-31-2025,710,2,17569,13
08-31-2025,720,2,16716,13
08-31-2025,730,2,15495,11
08-31-2025,740,2,14772,9
08-31-2025,750,2,13460,4
08-31-2025,760,2,12372,2
08-31-2025,770,2,11952,6
08-31-2025,780,2,12745,5
08-31-2025,790,2,11108,5
08-31-2025,800,2,10908,2
08-31-2025,810,2,9756,0
08-31-2025,820,2,8889,1
08-31-2025,830,2,7996,2
08-31-2025,840,2,5630,1
08-31-2025,850,2,4234,0
08-31-2025,860,2,2355,0
08-31-2025,870,2,1541,0
08-31-2025,880,2,407,0
08-31-2025,890,2,93,0
09-30-2025,330,2,1,0
09-30-2025,350,2,2,0
09-30-2025,360,2,4,0
09-30-2025,370,2,15,0
09-30-2025,380,2,41,0
09-30-2025,390,2,53,0
09-30-2025,400,2,111,1
09-30-2025,410,2,214,2
09-30-2025,420,2,396,4
09-30-2025,430,2,559,3
09-30-2025,440,2,814,8
09-30-2025,450,2,1142,4
09-30-2025,460,2,1486,10
09-30-2025,470,2,2042,8
09-30-2025,480,2,2306,11
09-30-2025,490,2,2745,14
09-30-2025,500,2,3140,11
09-30-2025,510,2,3794,12
09-30-2025,520,2,3863,11
09-30-2025,530,2,4070,16
09-30-2025,540,2,4282,15
09-30-2025,550,2,6606,26
09-30-2025,560,2,6490,22
09-30-2025,570,2,7323,18
09-30-2025,580,2,10707,33
09-30-2025,590,2,13629,27
09-30-2025,600,2,18512,42
09-30-2025,610,2,18325,35
09-30-2025,620,2,20353,38
09-30-2025,630,2,20685,37
09-30-2025,640,2,23942,29
09-30-2025,650,2,23590,28
09-30-2025,660,2,22270,18
09-30-2025,670,2,21807,16
09-30-2025,680,2,21049,20
09-30-2025,690,2,18827,13
09-30-2025,700,2,19779,15
09-30-2025,710,2,17569,9
09-30-2025,720,2,16716,11
09-30-2025,730,2,15496,3
09-30-2025,740,2,14772,11
09-30-2025,750,2,13460,9
09-30-2025,760,2,12372,6
09-30-2025,770,2,11952,4
09-30-2025,780,2,12745,1
09-30-2025,790,2,11111,7
09-30-2025,800,2,10909,1
09-30-2025,810,2,9756,4
09-30-2025,820,2,8889,1
09-30-2025,830,2,7996,1
09-30-2025,840,2,5631,1
09-30-2025,850,2,4234,0
09-30-2025,860,2,2355,0
09-30-2025,870,2,1541,0
09-30-2025,880,2,407,0
09-30-2025,890,2,93,0
10-31-2025,330,2,1,0
10-31-2025,350,2,2,0
10-31-2025,360,2,4,0
10-31-2025,370,2,15,0
10-31-2025,380,2,41,1
10-31-2025,390,2,53,0
10-31-2025,400,2,111,2
10-31-2025,410,2,215,0
10-31-2025,420,2,398,2
10-31-2025,430,2,566,0
10-31-2025,440,2,827,2
10-31-2025,450,2,1158,3
10-31-2025,460,2,1504,2
10-31-2025,470,2,2073,3
10-31-2025,480,2,2349,13
10-31-2025,490,2,2800,5
10-31-2025,500,2,3231,11
10-31-2025,510,2,3932,11
10-31-2025,520,2,4034,14
10-31-2025,530,2,4264,16
10-31-2025,540,2,4546,14
10-31-2025,550,2,6883,13
10-31-2025,560,2,6815,24
10-31-2025,570,2,7750,20
10-31-2025,580,2,11180,22
10-31-2025,590,2,14248,22
10-31-2025,600,2,19237,36
10-31-2025,610,2,19265,45
10-31-2025,620,2,21496,39
10-31-2025,630,2,21832,38
10-31-2025,640,2,25313,40
10-31-2025,650,2,25249,34
10-31-2025,660,2,23773,28
10-31-2025,670,2,23480,17
10-31-2025,680,2,22619,14
10-31-2025,690,2,20399,10
10-31-2025,700,2,21473,16
10-31-2025,710,2,18966,10
10-31-2025,720,2,18250,6
10-31-2025,730,2,16914,5
10-31-2025,740,2,16001,11
10-31-2025,750,2,14738,8
10-31-2025,760,2,13422,6
10-31-2025,770,2,13042,5
10-31-2025,780,2,13792,5
10-31-2025,790,2,12028,3
10-31-2025,800,2,11912,0
10-31-2025,810,2,10586,0
10-31-2025,820,2,9719,0
10-31-2025,830,2,8758,0
10-31-2025,840,2,6311,1
10-31-2025,850,2,4801,1
10-31-2025,860,2,2715,0
10-31-2025,870,2,1734,0
10-31-2025,880,2,444,0
10-31-2025,890,2,93,0
11-30-2025,330,2,1,0
11-30-2025,350,2,2,0
11-30-2025,360,2,4,0
11-30-2025,370,2,15,0
11-30-2025,380,2,41,0
11-30-2025,390,2,53,0
11-30-2025,400,2,111,0
11-30-2025,410,2,215,0
11-30-2025,420,2,398,2
11-30-2025,430,2,566,3
11-30-2025,440,2,827,6
11-30-2025,450,2,1158,2
11-30-2025,460,2,1504,7
11-30-2025,470,2,2073,11
11-30-2025,480,2,2349,13
11-30-2025,490,2,2800,13
11-30-2025,500,2,3231,19
11-30-2025,510,2,3932,15
11-30-2025,520,2,4034,15
11-30-2025,530,2,4264,12
11-30-2025,540,2,4546,14
11-30-2025,550,2,6883,25
11-30-2025,560,2,6815,19
11-30-2025,570,2,7750,21
11-30-2025,580,2,11180,21
11-30-2025,590,2,14248,31
11-30-2025,600,2,19237,42
11-30-2025,610,2,19265,34
11-30-2025,620,2,21496,41
11-30-2025,630,2,21832,37
11-30-2025,640,2,25313,27
11-30-2025,650,2,25249,33
11-30-2025,660,2,23773,30
11-30-2025,670,2,23480,22
11-30-2025,680,2,22619,13
11-30-2025,690,2,20399,15
11-30-2025,700,2,21473,16
11-30-2025,710,2,18966,5
11-30-2025,720,2,18250,7
11-30-2025,730,2,16914,6
11-30-2025,740,2,16001,8
11-30-2025,750,2,14738,4
11-30-2025,760,2,13422,3
11-30-2025,770,2,13042,7
11-30-2025,780,2,13792,1
11-30-2025,790,2,12028,4
11-30-2025,800,2,11912,1
11-30-2025,810,2,10586,3
11-30-2025,820,2,9719,0
11-30-2025,830,2,8758,3
11-30-2025,840,2,6311,0
11-30-2025,850,2,4801,0
11-30-2025,860,2,2715,0
11-30-2025,870,2,1734,0
11-30-2025,880,2,444,0
11-30-2025,890,2,93,0
12-31-2025,330,2,1,0
12-31-2025,350,2,2,0
12-31-2025,360,2,4,0
12-31-2025,370,2,15,0
12-31-2025,380,2,41,0
12-31-2025,390,2,53,0
12-31-2025,400,2,111,1
12-31-2025,410,2,215,0
12-31-2025,420,2,398,5
12-31-2025,430,2,566,1
12-31-2025,440,2,827,3
12-31-2025,450,2,1158,4
12-31-2025,460,2,1504,8
12-31-2025,470,2,2073,9
12-31-2025,480,2,2349,5
12-31-2025,490,2,2800,11
12-31-2025,500,2,3231,11
12-31-2025,510,2,3932,9
12-31-2025,520,2,4034,11
12-31-2025,530,2,4264,9
12-31-2025,540,2,4546,2
12-31-2025,550,2,6883,21
12-31-2025,560,2,6815,17
12-31-2025,570,2,7750,17
12-31-2025,580,2,11180,23
12-31-2025,590,2,14006,29
12-31-2025,600,2,18448,31
12-31-2025,610,2,18524,34
12-31-2025,620,2,20630,26
12-31-2025,630,2,20891,23
12-31-2025,640,2,24237,22
12-31-2025,650,2,24025,13
12-31-2025,660,2,22653,28
12-31-2025,670,2,22405,30
12-31-2025,680,2,21559,19
12-31-2025,690,2,19502,12
12-31-2025,700,2,20482,20
12-31-2025,710,2,18120,6
12-31-2025,720,2,17437,12
12-31-2025,730,2,16148,6
12-31-2025,740,2,15215,2
12-31-2025,750,2,14050,5
12-31-2025,760,2,12778,0
12-31-2025,770,2,12421,2
12-31-2025,780,2,13155,3
12-31-2025,790,2,11468,2
12-31-2025,800,2,11346,1
12-31-2025,810,2,10054,2
12-31-2025,820,2,9228,2
12-31-2025,830,2,8294,1
12-31-2025,840,2,6038,0
12-31-2025,850,2,4621,0
12-31-2025,860,2,2600,0
12-31-2025,870,2,1668,0
12-31-2025,880,2,422,0
12-31-2025,890,2,80,0
01-31-2026,330,2,1,0
01-31-2026,350,2,2,0
01-31-2026,360,2,4,0
01-31-2026,370,2,15,0
01-31-2026,380,2,41,0
01-31-2026,390,2,53,0
01-31-2026,400,2,111,1
01-31-2026,410,2,215,2
01-31-2026,420,2,398,2
01-31-2026,430,2,566,3
01-31-2026,440,2,827,3
01-31-2026,450,2,1158,4
01-31-2026,460,2,1504,8
01-31-2026,470,2,2073,6
01-31-2026,480,2,2349,10
01-31-2026,490,2,2800,12
01-31-2026,500,2,3231,13
01-31-2026,510,2,3932,12
01-31-2026,520,2,4034,19
01-31-2026,530,2,4264,17
01-31-2026,540,2,4546,13
01-31-2026,550,2,6883,28
01-31-2026,560,2,6815,21
01-31-2026,570,2,7750,27
01-31-2026,580,2,11180,24
01-31-2026,590,2,14006,25
01-31-2026,600,2,18448,34
01-31-2026,610,2,18524,35
01-31-2026,620,2,20630,31
01-31-2026,630,2,20891,39
01-31-2026,640,2,24237,47
01-31-2026,650,2,24025,40
01-31-2026,660,2,22653,27
01-31-2026,670,2,22405,23
01-31-2026,680,2,21559,26
01-31-2026,690,2,19502,22
01-31-2026,700,2,20482,12
01-31-2026,710,2,18120,11
01-31-2026,720,2,17437,11
01-31-2026,730,2,16148,8
01-31-2026,740,2,15215,11
01-31-2026,750,2,14050,8
01-31-2026,760,2,12778,4
01-31-2026,770,2,12421,0
01-31-2026,780,2,13155,3
01-31-2026,790,2,11468,1
01-31-2026,800,2,11346,2
01-31-2026,810,2,10054,3
01-31-2026,820,2,9228,0
01-31-2026,830,2,8294,3
01-31-2026,840,2,6038,2
01-31-2026,850,2,4621,1
01-31-2026,860,2,2600,1
01-31-2026,870,2,1668,0
01-31-2026,880,2,422,0
01-31-2026,890,2,80,0
02-28-2026,330,2,1,0
02-28-2026,350,2,2,0
02-28-2026,360,2,4,0
02-28-2026,370,2,15,0
02-28-2026,380,2,41,0
02-28-2026,390,2,53,1
02-28-2026,400,2,111,0
02-28-2026,410,2,215,1
02-28-2026,420,2,398,2
02-28-2026,430,2,566,2
02-28-2026,440,2,827,4
02-28-2026,450,2,1158,3
02-28-2026,460,2,1504,1
02-28-2026,470,2,2073,7
02-28-2026,480,2,2349,4
02-28-2026,490,2,2800,7
02-28-2026,500,2,3231,11
02-28-2026,510,2,3932,13
02-28-2026,520,2,4034,18
02-28-2026,530,2,4264,15
02-28-2026,540,2,4546,18
02-28-2026,550,2,6883,20
02-28-2026,560,2,6815,17
02-28-2026,570,2,7750,10
02-28-2026,580,2,11180,29
02-28-2026,590,2,14006,31
02-28-2026,600,2,18448,27
02-28-2026,610,2,18524,30
02-28-2026,620,2,20630,30
02-28-2026,630,2,20891,30
02-28-2026,640,2,24237,24
02-28-2026,650,2,24025,32
02-28-2026,660,2,22653,27
02-28-2026,670,2,22405,17
02-28-2026,680,2,21559,19
02-28-2026,690,2,19502,11
02-28-2026,700,2,20482,9
02-28-2026,710,2,18120,10
02-28-2026,720,2,17437,9
02-28-2026,730,2,16148,6
02-28-2026,740,2,15215,6
02-28-2026,750,2,14050,5
02-28-2026,760,2,12778,4
02-28-2026,770,2,12421,1
02-28-2026,780,2,13155,2
02-28-2026,790,2,11468,6
02-28-2026,800,2,11346,2
02-28-2026,810,2,10054,0
02-28-2026,820,2,9228,1
02-28-2026,830,2,8294,0
02-28-2026,840,2,6038,0
02-28-2026,850,2,4621,2
02-28-2026,860,2,2600,0
02-28-2026,870,2,1668,0
02-28-2026,880,2,422,0
02-28-2026,890,2,80,0
03-31-2026,330,2,1,0
03-31-2026,350,2,2,0
03-31-2026,360,2,4,0
03-31-2026,370,2,15,0
03-31-2026,380,2,41,0
03-31-2026,390,2,53,0
03-31-2026,400,2,111,0
03-31-2026,410,2,215,3
03-31-2026,420,2,398,3
03-31-2026,430,2,566,1
03-31-2026,440,2,827,2
03-31-2026,450,2,1158,8
03-31-2026,460,2,1504,11
03-31-2026,470,2,2073,6
03-31-2026,480,2,2349,6
03-31-2026,490,2,2800,10
03-31-2026,500,2,3231,8
03-31-2026,510,2,3932,14
03-31-2026,520,2,4034,13
03-31-2026,530,2,4264,8
03-31-2026,540,2,4546,16
03-31-2026,550,2,6883,24
03-31-2026,560,2,6815,13
03-31-2026,570,2,7750,8
03-31-2026,580,2,11180,21
03-31-2026,590,2,13913,34
03-31-2026,600,2,17507,35
03-31-2026,610,2,17614,30
03-31-2026,620,2,19665,32
03-31-2026,630,2,19851,37
03-31-2026,640,2,22920,35
03-31-2026,650,2,22827,30
03-31-2026,660,2,21413,21
03-31-2026,670,2,21249,28
03-31-2026,680,2,20455,16
03-31-2026,690,2,18501,22
03-31-2026,700,2,19467,15
03-31-2026,710,2,17139,14
03-31-2026,720,2,16594,12
03-31-2026,730,2,15339,6
03-31-2026,740,2,14442,8
03-31-2026,750,2,13337,3
03-31-2026,760,2,12086,3
03-31-2026,770,2,11800,2
03-31-2026,780,2,12457,2
03-31-2026,790,2,10879,1
03-31-2026,800,2,10758,1
03-31-2026,810,2,9487,1
03-31-2026,820,2,8757,1
03-31-2026,830,2,7913,0
03-31-2026,840,2,5773,1
03-31-2026,850,2,4414,0
03-31-2026,860,2,2490,0
03-31-2026,870,2,1593,0
03-31-2026,880,2,398,0
03-31-2026,890,2,76,0
04-30-2026,330,2,1,0
04-30-2026,350,2,2,0
04-30-2026,360,2,4,0
04-30-2026,370,2,15,0
04-30-2026,380,2,41,0
04-30-2026,390,2,53,0
04-30-2026,400,2,111,0
04-30-2026,410,2,215,2
04-30-2026,420,2,398,0
04-30-2026,430,2,566,2
04-30-2026,440,2,827,5
04-30-2026,450,2,1158,3
04-30-2026,460,2,1504,4
04-30-2026,470,2,2073,5
04-30-2026,480,2,2349,7
04-30-2026,490,2,2800,12
04-30-2026,500,2,3231,4
04-30-2026,510,2,3932,15
04-30-2026,520,2,4034,12
04-30-2026,530,2,4264,9
04-30-2026,540,2,4546,13
04-30-2026,550,2,6883,18
04-30-2026,560,2,6815,17
04-30-2026,570,2,7750,20
04-30-2026,580,2,11180,23
04-30-2026,590,2,13913,28
04-30-2026,600,2,17507,23
04-30-2026,610,2,17614,26
04-30-2026,620,2,19665,27
04-30-2026,630,2,19851,20
04-30-2026,640,2,22920,23
04-30-2026,650,2,22827,27
04-30-2026,660,2,21413,24
04-30-2026,670,2,21249,28
04-30-2026,680,2,20455,15
04-30-2026,690,2,18501,14
04-30-2026,700,2,19467,8
04-30-2026,710,2,17139,11
04-30-2026,720,2,16594,6
04-30-2026,730,2,15339,4
04-30-2026,740,2,14442,5
04-30-2026,750,2,13337,3
04-30-2026,760,2,12086,3
04-30-2026,770,2,11800,1
04-30-2026,780,2,12457,1
04-30-2026,790,2,10879,1
04-30-2026,800,2,10758,1
04-30-2026,810,2,9487,4
04-30-2026,820,2,8757,1
04-30-2026,830,2,7913,0
04-30-2026,840,2,5773,0
04-30-2026,850,2,4414,0
04-30-2026,860,2,2490,0
04-30-2026,870,2,1593,0
04-30-2026,880,2,398,0
04-30-2026,890,2,76,0
05-31-2026,330,2,1,0
05-31-2026,350,2,2,0
05-31-2026,360,2,4,0
05-31-2026,370,2,15,0
05-31-2026,380,2,41,0
05-31-2026,390,2,53,0
05-31-2026,400,2,110,0
05-31-2026,410,2,214,0
05-31-2026,420,2,394,2
05-31-2026,430,2,549,2
05-31-2026,440,2,791,0
05-31-2026,450,2,1123,2
05-31-2026,460,2,1447,6
05-31-2026,470,2,1989,4
05-31-2026,480,2,2224,10
05-31-2026,490,2,2619,7
05-31-2026,500,2,2959,7
05-31-2026,510,2,3560,5
05-31-2026,520,2,3547,7
05-31-2026,530,2,3688,10
05-31-2026,540,2,3798,11
05-31-2026,550,2,6045,20
05-31-2026,560,2,5879,13
05-31-2026,570,2,6491,14
05-31-2026,580,2,9886,19
05-31-2026,590,2,12163,27
05-31-2026,600,2,15256,25
05-31-2026,610,2,14835,27
05-31-2026,620,2,16186,32
05-31-2026,630,2,16416,21
05-31-2026,640,2,18757,31
05-31-2026,650,2,18022,33
05-31-2026,660,2,17062,22
05-31-2026,670,2,16324,20
05-31-2026,680,2,15991,16
05-31-2026,690,2,14031,8
05-31-2026,700,2,14811,10
05-31-2026,710,2,13172,9
05-31-2026,720,2,12454,12
05-31-2026,730,2,11505,8
05-31-2026,740,2,11174,9
05-31-2026,750,2,9916,3
05-31-2026,760,2,9295,2
05-31-2026,770,2,8834,0
05-31-2026,780,2,9633,3
05-31-2026,790,2,8440,0
05-31-2026,800,2,8111,1
05-31-2026,810,2,7271,0
05-31-2026,820,2,6507,1
05-31-2026,830,2,5969,2
05-31-2026,840,2,4064,1
05-31-2026,850,2,2928,0
05-31-2026,860,2,1583,0
05-31-2026,870,2,1079,0
05-31-2026,880,2,328,0
05-31-2026,890,2,74,0
