series,reporting_date,vintage_month,cum_co_amount,cnl_rate,original_balance
BMW Vehicle Lease Trust 2017-1,2017-03-31,0,6647.6839,5.698276343984431e-06,1166613112.2296028
BMW Vehicle Lease Trust 2017-1,2017-04-30,1,9773.3722,8.377560733327749e-06,1166613112.2296028
BMW Vehicle Lease Trust 2017-1,2017-05-31,2,28704.7143,2.4605170299466497e-05,1166613112.2296028
BMW Vehicle Lease Trust 2017-1,2017-06-30,3,55790.1785,4.782234822766149e-05,1166613112.2296028
BMW Vehicle Lease Trust 2017-1,2017-07-31,4,79472.4486,6.812236873295053e-05,1166613112.2296028
BMW Vehicle Lease Trust 2017-1,2017-08-31,5,81921.4067,7.022157203722303e-05,1166613112.2296028
BMW Vehicle Lease Trust 2017-1,2017-09-30,6,171445.3079,0.00014695986707395896,1166613112.2296028
BMW Vehicle Lease Trust 2017-1,2017-10-31,7,194953.2626,0.00016711046752029902,1166613112.2296028
BMW Vehicle Lease Trust 2017-1,2017-11-30,8,218726.5584,0.00018748851363583176,1166613112.2296028
BMW Vehicle Lease Trust 2017-1,2017-12-31,9,264257.1789,0.00022651655131404965,1166613112.2296028
BMW Vehicle Lease Trust 2017-1,2018-01-31,10,285088.95160000003,0.0002443731761724715,1166613112.2296028
BMW Vehicle Lease Trust 2017-1,2018-02-28,11,337482.0669,0.00028928362227560804,1166613112.2296028
BMW Vehicle Lease Trust 2017-1,2018-03-31,12,385485.2392,0.0003304310873578902,1166613112.2296028
BMW Vehicle Lease Trust 2017-1,2018-04-30,13,631117.5902,0.0005409827676236412,1166613112.2296028
BMW Vehicle Lease Trust 2017-1,2018-05-31,14,789183.5458,0.0006764740919907299,1166613112.2296028
BMW Vehicle Lease Trust 2017-1,2018-06-30,15,832258.9813999999,0.0007133975888625208,1166613112.2296028
BMW Vehicle Lease Trust 2017-1,2018-07-31,16,881658.8717,0.0007557422957598983,1166613112.2296028
BMW Vehicle Lease Trust 2017-1,2018-08-31,17,910033.2809,0.0007800643344054023,1166613112.2296028
BMW Vehicle Lease Trust 2017-1,2018-09-30,18,938705.3386,0.0008046415120484708,1166613112.2296028
BMW Vehicle Lease Trust 2017-1,2018-10-31,19,965036.8025999999,0.0008272123744226095,1166613112.2296028
BMW Vehicle Lease Trust 2017-1,2018-11-30,20,972122.1819,0.0008332858354747132,1166613112.2296028
BMW Vehicle Lease Trust 2017-1,2018-12-31,21,997131.8099,0.0008547236435516362,1166613112.2296028
BMW Vehicle Lease Trust 2017-1,2019-01-31,22,1013450.3826,0.0008687116336821537,1166613112.2296028
BMW Vehicle Lease Trust 2017-1,2019-02-28,23,1043297.6501,0.0008942961802530015,1166613112.2296028
BMW Vehicle Lease Trust 2017-1,2019-03-31,24,1089041.6108,0.0009335070893542846,1166613112.2296028
BMW Vehicle Lease Trust 2017-1,2019-04-30,25,1102662.7398,0.0009451828787459946,1166613112.2296028
BMW Vehicle Lease Trust 2017-1,2019-05-31,26,1146878.0001,0.0009830834130675203,1166613112.2296028
BMW Vehicle Lease Trust 2017-1,2019-06-30,27,1167768.6601,0.0010009905150716065,1166613112.2296028
BMW Vehicle Lease Trust 2017-1,2019-07-31,28,1224517.8105,0.0010496348769471063,1166613112.2296028
BMW Vehicle Lease Trust 2017-1,2019-08-31,29,1247215.091,0.0010690905818951002,1166613112.2296028
BMW Vehicle Lease Trust 2017-2,2017-11-30,0,37701.9577,3.454240810266898e-05,1091468712.5443027
BMW Vehicle Lease Trust 2017-2,2017-12-31,1,57887.69929999999,5.303651734098639e-05,1091468712.5443027
BMW Vehicle Lease Trust 2017-2,2018-01-31,2,75695.1733,6.935166572347123e-05,1091468712.5443027
BMW Vehicle Lease Trust 2017-2,2018-02-28,3,99622.20479999999,9.127353231021391e-05,1091468712.5443027
BMW Vehicle Lease Trust 2017-2,2018-03-31,4,157920.97999999998,0.00014468667602195694,1091468712.5443027
BMW Vehicle Lease Trust 2017-2,2018-04-30,5,211404.7051,0.00019368828686550105,1091468712.5443027
BMW Vehicle Lease Trust 2017-2,2018-05-31,6,239099.718,0.00021906236546409015,1091468712.5443027
BMW Vehicle Lease Trust 2017-2,2018-06-30,7,279340.4456,0.00025593078609540223,1091468712.5443027
BMW Vehicle Lease Trust 2017-2,2018-07-31,8,283686.6686,0.00025991278113570766,1091468712.5443027
BMW Vehicle Lease Trust 2017-2,2018-08-31,9,319329.0168,0.00029256818187267864,1091468712.5443027
BMW Vehicle Lease Trust 2017-2,2018-09-30,10,359179.5361,0.00032907909495886805,1091468712.5443027
BMW Vehicle Lease Trust 2017-2,2018-10-31,11,385208.7469,0.00035292697122031743,1091468712.5443027
BMW Vehicle Lease Trust 2017-2,2018-11-30,12,421328.2597,0.0003860195485749192,1091468712.5443027
BMW Vehicle Lease Trust 2017-2,2018-12-31,13,457388.2516,0.00041905759307913704,1091468712.5443027
BMW Vehicle Lease Trust 2017-2,2019-01-31,14,478046.0832,0.00043798422960346296,1091468712.5443027
BMW Vehicle Lease Trust 2017-2,2019-02-28,15,549365.6278,0.0005033269588822055,1091468712.5443027
BMW Vehicle Lease Trust 2017-2,2019-03-31,16,587049.0575,0.0005378523916929701,1091468712.5443027
BMW Vehicle Lease Trust 2017-2,2019-04-30,17,609508.5952999999,0.0005584297454383146,1091468712.5443027
BMW Vehicle Lease Trust 2017-2,2019-05-31,18,652505.9255,0.0005978237561926584,1091468712.5443027
BMW Vehicle Lease Trust 2017-2,2019-06-30,19,672372.5075,0.0006160254524682111,1091468712.5443027
BMW Vehicle Lease Trust 2017-2,2019-07-31,20,705815.2073,0.0006466655426656134,1091468712.5443027
BMW Vehicle Lease Trust 2017-2,2019-08-31,21,741618.9669,0.0006794688279897879,1091468712.5443027
BMW Vehicle Lease Trust 2017-2,2019-09-30,22,796239.7013,0.0007295121629679152,1091468712.5443027
BMW Vehicle Lease Trust 2017-2,2019-10-31,23,867509.0501,0.0007948089030218426,1091468712.5443027
BMW Vehicle Lease Trust 2017-2,2019-11-30,24,902947.443,0.0008272774405920952,1091468712.5443027
BMW Vehicle Lease Trust 2017-2,2019-12-31,25,941597.9856,0.0008626889390214935,1091468712.5443027
BMW Vehicle Lease Trust 2017-2,2020-01-31,26,1017245.8588,0.0009319972685508473,1091468712.5443027
BMW Vehicle Lease Trust 2017-2,2020-02-29,27,1095797.5163,0.0010039660355866788,1091468712.5443027
BMW Vehicle Lease Trust 2017-2,2020-03-31,28,1137117.2628,0.001041823049741194,1091468712.5443027
BMW Vehicle Lease Trust 2018-1,2018-12-31,0,10877.525,1.0114052551478878e-05,1075486304.2914965
BMW Vehicle Lease Trust 2018-1,2019-01-31,1,18044.2944,1.6777800263934674e-05,1075486304.2914965
BMW Vehicle Lease Trust 2018-1,2019-02-28,2,39652.8067,3.686965286473106e-05,1075486304.2914965
BMW Vehicle Lease Trust 2018-1,2019-03-31,3,54250.9779,5.044320665314207e-05,1075486304.2914965
BMW Vehicle Lease Trust 2018-1,2019-04-30,4,65696.34109999999,6.108524193925379e-05,1075486304.2914965
BMW Vehicle Lease Trust 2018-1,2019-05-31,5,81990.057,7.62353334234349e-05,1075486304.2914965
BMW Vehicle Lease Trust 2018-1,2019-06-30,6,91591.42499999999,8.516279996734884e-05,1075486304.2914965
BMW Vehicle Lease Trust 2018-1,2019-07-31,7,113446.7992,0.00010548418770868115,1075486304.2914965
BMW Vehicle Lease Trust 2018-1,2019-08-31,8,131965.6641,0.00012270324928678256,1075486304.2914965
BMW Vehicle Lease Trust 2018-1,2019-09-30,9,133402.1222,0.00012403888517007383,1075486304.2914965
BMW Vehicle Lease Trust 2018-1,2019-10-31,10,143876.0764,0.00013377769277571783,1075486304.2914965
BMW Vehicle Lease Trust 2018-1,2019-11-30,11,172572.7823,0.00016046023237244907,1075486304.2914965
BMW Vehicle Lease Trust 2018-1,2019-12-31,12,195911.2879,0.00018216065338838642,1075486304.2914965
BMW Vehicle Lease Trust 2018-1,2020-01-31,13,226133.2039,0.0002102613515371271,1075486304.2914965
BMW Vehicle Lease Trust 2018-1,2020-02-29,14,243156.1462,0.00022608948643022022,1075486304.2914965
BMW Vehicle Lease Trust 2018-1,2020-03-31,15,247624.7283,0.00023024442739243337,1075486304.2914965
BMW Vehicle Lease Trust 2018-1,2020-04-30,16,259871.2659,0.0002416314041964455,1075486304.2914965
BMW Vehicle Lease Trust 2018-1,2020-05-31,17,296261.0052,0.00027546701805298147,1075486304.2914965
BMW Vehicle Lease Trust 2018-1,2020-06-30,18,325116.7311,0.00030229741634337106,1075486304.2914965
BMW Vehicle Lease Trust 2018-1,2020-08-31,20,329106.5451,0.00030600719301284563,1075486304.2914965
BMW Vehicle Lease Trust 2018-1,2020-09-30,21,347398.21969999996,0.0003230150103388413,1075486304.2914965
BMW Vehicle Lease Trust 2018-1,2020-10-31,22,368117.2314,0.0003422797946669404,1075486304.2914965
BMW Vehicle Lease Trust 2018-1,2020-11-30,23,448710.38489999995,0.0004172162705461871,1075486304.2914965
BMW Vehicle Lease Trust 2018-1,2021-01-31,25,480099.44779999997,0.00044640219581064535,1075486304.2914965
BMW Vehicle Lease Trust 2019-1,2019-03-31,0,2422.6132,2.0825949439803353e-06,1163266628.972895
BMW Vehicle Lease Trust 2019-1,2019-05-31,2,2979.7996999999996,2.5615792852503735e-06,1163266628.972895
BMW Vehicle Lease Trust 2019-1,2019-06-30,3,7501.4951,6.448646349137891e-06,1163266628.972895
BMW Vehicle Lease Trust 2019-1,2019-07-31,4,16159.795699999999,1.3891738400738164e-05,1163266628.972895
BMW Vehicle Lease Trust 2019-1,2019-08-31,5,39030.15299999999,3.355219863434201e-05,1163266628.972895
BMW Vehicle Lease Trust 2019-1,2019-09-30,6,50956.01379999999,4.3804242751287e-05,1163266628.972895
BMW Vehicle Lease Trust 2019-1,2019-10-31,7,62996.0741,5.4154458256592744e-05,1163266628.972895
BMW Vehicle Lease Trust 2019-1,2019-11-30,8,77327.96459999999,6.64748413425017e-05,1163266628.972895
BMW Vehicle Lease Trust 2019-1,2019-12-31,9,101948.00839999999,8.763941633055775e-05,1163266628.972895
BMW Vehicle Lease Trust 2019-1,2020-01-31,10,110357.992,9.486904313367991e-05,1163266628.972895
BMW Vehicle Lease Trust 2019-1,2020-02-29,11,134133.0284,0.00011530720907762362,1163266628.972895
BMW Vehicle Lease Trust 2019-1,2020-03-31,12,139680.4531,0.00012007604243176023,1163266628.972895
BMW Vehicle Lease Trust 2019-1,2020-05-31,14,168864.3833,0.000145163953898599,1163266628.972895
BMW Vehicle Lease Trust 2019-1,2020-06-30,15,176356.9462,0.00015160492169857413,1163266628.972895
BMW Vehicle Lease Trust 2019-1,2020-09-30,18,248569.8934,0.00021368264782036645,1163266628.972895
BMW Vehicle Lease Trust 2019-1,2020-10-31,19,248571.1742,0.00021368374885771086,1163266628.972895
BMW Vehicle Lease Trust 2019-1,2020-11-30,20,269795.1967,0.00023192894043407345,1163266628.972895
BMW Vehicle Lease Trust 2019-1,2020-12-31,21,301782.9522,0.00025942715511959535,1163266628.972895
BMW Vehicle Lease Trust 2019-1,2021-01-31,22,366731.17220000003,0.00031525977197833393,1163266628.972895
BMW Vehicle Lease Trust 2019-1,2021-02-28,23,407618.4656,0.00035040845791296045,1163266628.972895
BMW Vehicle Lease Trust 2019-1,2021-03-31,24,511238.6135,0.0004394853258632525,1163266628.972895
BMW Vehicle Lease Trust 2019-1,2021-04-30,25,528635.1301,0.00045444020909183805,1163266628.972895
BMW Vehicle Lease Trust 2021-1,2022-01-31,0,33318.3553,2.2904704865360598e-05,1454651151.1872065
BMW Vehicle Lease Trust 2021-1,2022-05-31,4,54399.274300000005,3.739678359007402e-05,1454651151.1872065
BMW Vehicle Lease Trust 2021-1,2022-08-31,7,76903.84180000001,5.286754954081968e-05,1454651151.1872065
BMW Vehicle Lease Trust 2021-1,2022-09-30,8,97232.1753,6.684226332935181e-05,1454651151.1872065
BMW Vehicle Lease Trust 2021-1,2022-10-31,9,116052.4795,7.978028230705646e-05,1454651151.1872065
BMW Vehicle Lease Trust 2021-1,2022-11-30,10,139503.48940000002,9.590168012869954e-05,1454651151.1872065
BMW Vehicle Lease Trust 2021-1,2023-02-28,13,217222.9166,0.00014932990388981892,1454651151.1872065
BMW Vehicle Lease Trust 2021-1,2023-03-31,14,246387.68550000002,0.000169379225595712,1454651151.1872065
BMW Vehicle Lease Trust 2021-1,2023-04-30,15,303360.7283,0.00020854534645809315,1454651151.1872065
BMW Vehicle Lease Trust 2021-1,2023-06-30,17,309379.8261,0.00021268317551428133,1454651151.1872065
BMW Vehicle Lease Trust 2021-2,2021-09-30,0,404.8056,3.216735789487182e-07,1258435962.7016022
BMW Vehicle Lease Trust 2021-2,2022-10-31,13,22533.8838,1.7906261794699828e-05,1258435962.7016022
BMW Vehicle Lease Trust 2021-2,2022-12-31,15,40878.6743,3.248371431808252e-05,1258435962.7016022
BMW Vehicle Lease Trust 2021-2,2023-01-31,16,41439.4963,3.292936432858924e-05,1258435962.7016022
BMW Vehicle Lease Trust 2021-2,2023-03-31,18,60828.289399999994,4.8336420130122646e-05,1258435962.7016022
BMW Vehicle Lease Trust 2021-2,2023-04-30,19,168874.2773,0.00013419377886933695,1258435962.7016022
BMW Vehicle Lease Trust 2021-2,2023-05-31,20,243583.05359999998,0.00019356014991583477,1258435962.7016022
BMW Vehicle Lease Trust 2021-2,2023-06-30,21,273701.9488,0.0002174937437519017,1258435962.7016022
BMW Vehicle Lease Trust 2021-2,2023-07-31,22,318034.08999999997,0.0002527217112559676,1258435962.7016022
BMW Vehicle Lease Trust 2021-2,2023-08-31,23,409830.1871,0.00032566630265411293,1258435962.7016022
BMW Vehicle Lease Trust 2021-2,2023-09-30,24,411524.9435,0.00032701301909438517,1258435962.7016022
BMW Vehicle Lease Trust 2021-2,2023-10-31,25,413813.09829999995,0.0003288312719636752,1258435962.7016022
BMW Vehicle Lease Trust 2021-2,2023-11-30,26,417670.4407,0.0003318964596365696,1258435962.7016022
BMW Vehicle Lease Trust 2021-2,2023-12-31,27,510276.37729999993,0.00040548457960827973,1258435962.7016022
BMW Vehicle Lease Trust 2022-1,2022-06-30,0,2041.9382,1.4613446414587348e-06,1397300911.8244061
BMW Vehicle Lease Trust 2022-1,2022-09-30,3,7141.9751,5.1112648961739935e-06,1397300911.8244061
BMW Vehicle Lease Trust 2022-1,2022-10-31,4,39447.7485,2.8231391081320114e-05,1397300911.8244061
BMW Vehicle Lease Trust 2022-1,2022-11-30,5,98932.5729,7.080262530626081e-05,1397300911.8244061
BMW Vehicle Lease Trust 2022-1,2022-12-31,6,124551.4662,8.91371823678105e-05,1397300911.8244061
BMW Vehicle Lease Trust 2022-1,2023-02-28,8,149469.867,0.00010697042114203054,1397300911.8244061
BMW Vehicle Lease Trust 2022-1,2023-05-31,11,179829.8122,0.00012869798529309095,1397300911.8244061
BMW Vehicle Lease Trust 2022-1,2023-06-30,12,286767.3292,0.0002052294726019881,1397300911.8244061
BMW Vehicle Lease Trust 2022-1,2023-07-31,13,305290.7635,0.00021848605473347377,1397300911.8244061
BMW Vehicle Lease Trust 2022-1,2023-08-31,14,387982.82680000004,0.0002776659082641152,1397300911.8244061
BMW Vehicle Lease Trust 2022-1,2023-09-30,15,411570.65510000003,0.0002945469022578872,1397300911.8244061
BMW Vehicle Lease Trust 2022-1,2023-11-30,17,439778.25310000003,0.0003147341058597015,1397300911.8244061
BMW Vehicle Lease Trust 2022-1,2023-12-31,18,492229.1042,0.00035227136834635995,1397300911.8244061
BMW Vehicle Lease Trust 2022-1,2024-01-31,19,505530.895,0.0003617910005797866,1397300911.8244061
BMW Vehicle Lease Trust 2022-1,2024-02-29,20,509819.4507,0.00036486017176811747,1397300911.8244061
BMW Vehicle Lease Trust 2022-1,2024-03-31,21,653091.1532000001,0.000467394780661298,1397300911.8244061
BMW Vehicle Lease Trust 2022-1,2024-04-30,22,679753.8808,0.000486476373877456,1397300911.8244061
BMW Vehicle Lease Trust 2023-1,2023-03-31,0,50036.6388,6.480652310247005e-05,772092629.0226007
BMW Vehicle Lease Trust 2023-1,2023-08-31,5,83796.8392,0.00010853210618793138,772092629.0226007
BMW Vehicle Lease Trust 2023-1,2023-09-30,6,115116.4369,0.00014909666609008688,772092629.0226007
BMW Vehicle Lease Trust 2023-1,2023-10-31,7,118782.90580000001,0.0001538454083551716,772092629.0226007
BMW Vehicle Lease Trust 2023-1,2023-11-30,8,119464.4024,0.00015472807006489768,772092629.0226007
BMW Vehicle Lease Trust 2023-1,2023-12-31,9,134093.0205,0.00017367478390481415,772092629.0226007
BMW Vehicle Lease Trust 2023-1,2024-01-31,10,149829.3804,0.00019405622430260786,772092629.0226007
BMW Vehicle Lease Trust 2023-1,2024-02-29,11,282100.52489999996,0.00036537134832787313,772092629.0226007
BMW Vehicle Lease Trust 2023-1,2024-03-31,12,387363.6089,0.0005017061351697752,772092629.0226007
BMW Vehicle Lease Trust 2023-1,2024-04-30,13,430814.3263,0.0005579826954770595,772092629.0226007
BMW Vehicle Lease Trust 2023-1,2024-05-31,14,493916.04250000004,0.0006397108636113429,772092629.0226007
BMW Vehicle Lease Trust 2023-1,2024-06-30,15,552742.482,0.0007159017729514163,772092629.0226007
BMW Vehicle Lease Trust 2023-1,2024-07-31,16,575288.0077,0.0007451023181354062,772092629.0226007
BMW Vehicle Lease Trust 2023-1,2024-08-31,17,608500.3271,0.0007881182959489023,772092629.0226007
BMW Vehicle Lease Trust 2023-1,2024-09-30,18,641667.1888,0.000831075397795589,772092629.0226007
BMW Vehicle Lease Trust 2023-1,2024-10-31,19,658615.2677,0.0008530262340850828,772092629.0226007
BMW Vehicle Lease Trust 2023-1,2024-11-30,20,785043.619,0.0010167738811258879,772092629.0226007
BMW Vehicle Lease Trust 2023-1,2024-12-31,21,825707.4389,0.0010694409036714557,772092629.0226007
BMW Vehicle Lease Trust 2023-1,2025-01-31,22,905829.2062,0.001173213125148854,772092629.0226007
BMW Vehicle Lease Trust 2023-1,2025-02-28,23,980594.9765999999,0.0012700483591474567,772092629.0226007
BMW Vehicle Lease Trust 2023-1,2025-03-31,24,994806.3249,0.001288454632910218,772092629.0226007
BMW Vehicle Lease Trust 2023-2,2023-11-30,0,8.5286,6.637036658517237e-09,1285001189.356901
BMW Vehicle Lease Trust 2023-2,2024-01-31,2,80972.20040000002,6.30133272020735e-05,1285001189.356901
BMW Vehicle Lease Trust 2023-2,2024-03-31,4,90144.43240000002,7.015124433084317e-05,1285001189.356901
BMW Vehicle Lease Trust 2023-2,2024-04-30,5,92717.63830000002,7.215373734120979e-05,1285001189.356901
BMW Vehicle Lease Trust 2023-2,2024-05-31,6,117292.66160000002,9.127825139111425e-05,1285001189.356901
BMW Vehicle Lease Trust 2023-2,2024-06-30,7,121980.10150000002,9.492606116656349e-05,1285001189.356901
BMW Vehicle Lease Trust 2023-2,2024-07-31,8,217359.2656,0.00016915102289421295,1285001189.356901
BMW Vehicle Lease Trust 2023-2,2024-08-31,9,232179.9351,0.00018068460716071252,1285001189.356901
BMW Vehicle Lease Trust 2023-2,2024-09-30,10,310150.303,0.0002413618801047333,1285001189.356901
BMW Vehicle Lease Trust 2023-2,2024-10-31,11,387202.1229000001,0.00030132433036406873,1285001189.356901
BMW Vehicle Lease Trust 2023-2,2024-11-30,12,447021.1783,0.00034787608136278755,1285001189.356901
BMW Vehicle Lease Trust 2023-2,2024-12-31,13,472596.98840000003,0.00036777941710428974,1285001189.356901
BMW Vehicle Lease Trust 2023-2,2025-01-31,14,528558.0349000001,0.0004113288293254618,1285001189.356901
BMW Vehicle Lease Trust 2023-2,2025-02-28,15,567066.1624,0.0004412962159854476,1285001189.356901
BMW Vehicle Lease Trust 2023-2,2025-03-31,16,706719.1678,0.0005499754970294531,1285001189.356901
BMW Vehicle Lease Trust 2023-2,2025-04-30,17,809986.5488,0.0006303391432698755,1285001189.356901
BMW Vehicle Lease Trust 2023-2,2025-05-31,18,861609.4071000001,0.0006705125366702625,1285001189.356901
BMW Vehicle Lease Trust 2023-2,2025-06-30,19,912053.7577000001,0.0007097688043047274,1285001189.356901
BMW Vehicle Lease Trust 2023-2,2025-07-31,20,922523.4896000001,0.0007179164480475629,1285001189.356901
BMW Vehicle Lease Trust 2023-2,2025-08-31,21,951595.1671000001,0.0007405403006484694,1285001189.356901
BMW Vehicle Lease Trust 2023-2,2025-09-30,22,1023668.6747000001,0.0007966285814975091,1285001189.356901
BMW Vehicle Lease Trust 2023-2,2025-10-31,23,1147440.7799,0.0008929491967818759,1285001189.356901
BMW Vehicle Lease Trust 2023-2,2025-11-30,24,1167224.3637,0.0009083449675903848,1285001189.356901
BMW Vehicle Lease Trust 2024-1,2024-02-29,0,6905.4917,6.388424274709149e-06,1080938178.6582093
BMW Vehicle Lease Trust 2024-1,2024-03-31,1,20567.6427,1.90275846538523e-05,1080938178.6582093
BMW Vehicle Lease Trust 2024-1,2024-05-31,3,93739.23019999999,8.672025102893527e-05,1080938178.6582093
BMW Vehicle Lease Trust 2024-1,2024-06-30,4,122527.8963,0.00011335328765248756,1080938178.6582093
BMW Vehicle Lease Trust 2024-1,2024-07-31,5,158778.63679999998,0.00014688965561110548,1080938178.6582093
BMW Vehicle Lease Trust 2024-1,2024-09-30,7,177830.0136,0.00016451450888777382,1080938178.6582093
BMW Vehicle Lease Trust 2024-1,2024-10-31,8,182209.5289,0.0001685660960982805,1080938178.6582093
BMW Vehicle Lease Trust 2024-1,2024-11-30,9,249759.9314,0.00023105847895023204,1080938178.6582093
BMW Vehicle Lease Trust 2024-1,2024-12-31,10,358601.38649999996,0.0003317501348181995,1080938178.6582093
BMW Vehicle Lease Trust 2024-1,2025-01-31,11,369885.5124,0.0003421893311781683,1080938178.6582093
BMW Vehicle Lease Trust 2024-1,2025-02-28,12,510128.6333,0.00047193136792821316,1080938178.6582093
BMW Vehicle Lease Trust 2024-1,2025-03-31,13,604925.5138,0.0005596300748215836,1080938178.6582093
BMW Vehicle Lease Trust 2024-1,2025-04-30,14,699592.0837,0.0006472082284746551,1080938178.6582093
BMW Vehicle Lease Trust 2024-1,2025-05-31,15,719338.5082,0.0006654760858691564,1080938178.6582093
BMW Vehicle Lease Trust 2024-1,2025-06-30,16,728430.1485,0.0006738869649365289,1080938178.6582093
BMW Vehicle Lease Trust 2024-1,2025-07-31,17,812651.9834,0.0007518024614587686,1080938178.6582093
BMW Vehicle Lease Trust 2024-1,2025-08-31,18,840191.5353999999,0.0007772799147893424,1080938178.6582093
BMW Vehicle Lease Trust 2024-1,2025-09-30,19,963345.0486999999,0.0008912119746716874,1080938178.6582093
BMW Vehicle Lease Trust 2024-1,2025-10-31,20,1002397.7936,0.0009273405393491577,1080938178.6582093
BMW Vehicle Lease Trust 2024-1,2025-11-30,21,1091379.0323,0.0010096590663998483,1080938178.6582093
BMW Vehicle Lease Trust 2024-1,2025-12-31,22,1129977.3387,0.001045367219892875,1080938178.6582093
BMW Vehicle Lease Trust 2024-1,2026-01-31,23,1216708.5624,0.0011256042079208686,1080938178.6582093
BMW Vehicle Lease Trust 2024-1,2026-02-28,24,1292676.6557,0.0011958839841373962,1080938178.6582093
BMW Vehicle Lease Trust 2024-1,2026-03-31,25,1365428.8577,0.0012631886676395636,1080938178.6582093
BMW Vehicle Lease Trust 2024-1,2026-04-30,26,1423849.5168,0.001317234921397127,1080938178.6582093
BMW Vehicle Lease Trust 2024-1,2026-05-31,27,1436918.9434,0.0013293257392237518,1080938178.6582093
BMW Vehicle Lease Trust 2024-2,2024-10-31,0,942.8794,7.067385716075604e-07,1334127551.3735006
BMW Vehicle Lease Trust 2024-2,2024-11-30,1,5114.4825,3.833578352185725e-06,1334127551.3735006
BMW Vehicle Lease Trust 2024-2,2025-01-31,3,12817.801599999999,9.607628286218897e-06,1334127551.3735006
BMW Vehicle Lease Trust 2024-2,2025-02-28,4,37633.5502,2.8208359958727933e-05,1334127551.3735006
BMW Vehicle Lease Trust 2024-2,2025-03-31,5,46047.5041,3.4515068707331265e-05,1334127551.3735006
BMW Vehicle Lease Trust 2024-2,2025-04-30,6,109188.7402,8.184280437622988e-05,1334127551.3735006
BMW Vehicle Lease Trust 2024-2,2025-05-31,7,159125.805,0.00011927330699090806,1334127551.3735006
BMW Vehicle Lease Trust 2024-2,2025-06-30,8,221191.9043,0.00016579517008870722,1334127551.3735006
BMW Vehicle Lease Trust 2024-2,2025-07-31,9,327820.6567,0.00024571912660262854,1334127551.3735006
BMW Vehicle Lease Trust 2024-2,2025-08-31,10,364624.2461,0.000273305386523661,1334127551.3735006
BMW Vehicle Lease Trust 2024-2,2025-09-30,11,411674.7769,0.00030857227742293143,1334127551.3735006
BMW Vehicle Lease Trust 2024-2,2025-10-31,12,546623.0738,0.00040972324815363037,1334127551.3735006
BMW Vehicle Lease Trust 2024-2,2025-11-30,13,624614.2852,0.0004681818350553903,1334127551.3735006
BMW Vehicle Lease Trust 2024-2,2025-12-31,14,769635.5247,0.0005768830153516062,1334127551.3735006
BMW Vehicle Lease Trust 2024-2,2026-01-31,15,892570.2104,0.0006690291415397936,1334127551.3735006
BMW Vehicle Lease Trust 2024-2,2026-02-28,16,958726.9249999999,0.000718617139727741,1334127551.3735006
BMW Vehicle Lease Trust 2024-2,2026-03-31,17,1028017.9948,0.0007705545048834671,1334127551.3735006
BMW Vehicle Lease Trust 2024-2,2026-04-30,18,1056557.9389,0.0007919467203958577,1334127551.3735006
BMW Vehicle Lease Trust 2024-2,2026-05-31,19,1073914.9596,0.00080495673632884,1334127551.3735006
BMW Vehicle Lease Trust 2024-2,2026-06-30,20,1121915.1897,0.0008409354776797575,1334127551.3735006
BMW Vehicle Lease Trust 2024-2,2026-07-31,21,1141311.6064,0.0008554741300597576,1334127551.3735006
BMW Vehicle Lease Trust 2025-1,2025-07-31,0,38003.9885,3.0319430037533567e-05,1253453262.5762894
BMW Vehicle Lease Trust 2025-1,2025-08-31,1,49911.557499999995,3.981924096428941e-05,1253453262.5762894
BMW Vehicle Lease Trust 2025-1,2025-09-30,2,77812.3912,6.207841450750866e-05,1253453262.5762894
BMW Vehicle Lease Trust 2025-1,2025-10-31,3,83806.2071,6.686025686171069e-05,1253453262.5762894
BMW Vehicle Lease Trust 2025-1,2025-11-30,4,102971.7715,8.215046749198819e-05,1253453262.5762894
BMW Vehicle Lease Trust 2025-1,2025-12-31,5,112049.205,8.939240763528692e-05,1253453262.5762894
BMW Vehicle Lease Trust 2025-1,2026-01-31,6,152386.9478,0.00012157369752007423,1253453262.5762894
BMW Vehicle Lease Trust 2025-1,2026-02-28,7,200406.1766,0.0001598832462154149,1253453262.5762894
BMW Vehicle Lease Trust 2025-1,2026-03-31,8,281855.2501,0.0002248629913178317,1253453262.5762894
BMW Vehicle Lease Trust 2025-1,2026-04-30,9,285281.73470000003,0.00022759662702831476,1253453262.5762894
BMW Vehicle Lease Trust 2025-1,2026-05-31,10,370964.9635,0.00029595436429559084,1253453262.5762894
BMW Vehicle Lease Trust 2025-1,2026-06-30,11,398746.93450000003,0.00031811870965211273,1253453262.5762894
BMW Vehicle Lease Trust 2025-1,2026-07-31,12,471370.2843,0.00037605732768301826,1253453262.5762894
BMW Vehicle Lease Trust 2025-2,2025-12-31,0,52784.1517,4.142893884856921e-05,1274088913.8613057
BMW Vehicle Lease Trust 2025-2,2026-01-31,1,54116.7923,4.247489457858278e-05,1274088913.8613057
BMW Vehicle Lease Trust 2025-2,2026-02-28,2,83096.11720000001,6.522003001200719e-05,1274088913.8613057
BMW Vehicle Lease Trust 2025-2,2026-03-31,3,272031.5949,0.00021351068354842677,1274088913.8613057
BMW Vehicle Lease Trust 2025-2,2026-04-30,4,374884.1733,0.000294237057729245,1274088913.8613057
BMW Vehicle Lease Trust 2025-2,2026-05-31,5,431824.6294,0.0003389281742443663,1274088913.8613057
BMW Vehicle Lease Trust 2025-2,2026-06-30,6,484232.2698,0.00038006159894482246,1274088913.8613057
BMW Vehicle Lease Trust 2025-2,2026-07-31,7,648533.9357,0.0005090177998131438,1274088913.8613057
BMW Vehicle Lease Trust 2026-1,2026-05-31,0,108659.0753,5.7074491489543104e-05,1903811535.8401039
BMW Vehicle Lease Trust 2026-1,2026-06-30,1,129126.31169999999,6.782515457498781e-05,1903811535.8401039
BMW Vehicle Lease Trust 2026-1,2026-07-31,2,434112.7587,0.00022802296893764594,1903811535.8401039
