series,reporting_date,n_returned,n_retained,n_chargeoff,n_other,scheduled_returned,realized_returned,excess_fees_returned,cum_n_returned,cum_n_retained,cum_n_chargeoff,cum_n_other,cum_scheduled_returned,cum_realized_returned,cum_excess_fees_returned,initial_pool_balance
BMW Vehicle Lease Trust 2017-1,2017-01-31,0.0,0.0,0.0,0.0,0.0,0.0,0.0,0.0,0.0,0.0,0.0,0.0,0.0,0.0,1166613112.2295997
BMW Vehicle Lease Trust 2017-1,2017-03-31,0.0,0.0,0.0,13.0,0.0,0.0,0.0,0.0,0.0,0.0,13.0,0.0,0.0,0.0,1166613112.2295997
BMW Vehicle Lease Trust 2017-1,2017-04-30,0.0,0.0,0.0,4.0,0.0,0.0,0.0,0.0,0.0,0.0,17.0,0.0,0.0,0.0,1166613112.2295997
BMW Vehicle Lease Trust 2017-1,2017-05-31,0.0,0.0,0.0,2.0,0.0,0.0,0.0,0.0,0.0,0.0,19.0,0.0,0.0,0.0,1166613112.2295997
BMW Vehicle Lease Trust 2017-1,2017-06-30,0.0,0.0,0.0,2.0,0.0,0.0,0.0,0.0,0.0,0.0,21.0,0.0,0.0,0.0,1166613112.2295997
BMW Vehicle Lease Trust 2017-1,2017-07-31,0.0,0.0,0.0,2.0,0.0,0.0,0.0,0.0,0.0,0.0,23.0,0.0,0.0,0.0,1166613112.2295997
BMW Vehicle Lease Trust 2017-1,2017-08-31,0.0,0.0,0.0,6.0,0.0,0.0,0.0,0.0,0.0,0.0,29.0,0.0,0.0,0.0,1166613112.2295997
BMW Vehicle Lease Trust 2017-1,2017-09-30,0.0,0.0,0.0,1.0,0.0,0.0,0.0,0.0,0.0,0.0,30.0,0.0,0.0,0.0,1166613112.2295997
BMW Vehicle Lease Trust 2017-1,2017-10-31,0.0,0.0,0.0,6.0,0.0,0.0,0.0,0.0,0.0,0.0,36.0,0.0,0.0,0.0,1166613112.2295997
BMW Vehicle Lease Trust 2017-1,2017-11-30,0.0,0.0,0.0,6.0,0.0,0.0,0.0,0.0,0.0,0.0,42.0,0.0,0.0,0.0,1166613112.2295997
BMW Vehicle Lease Trust 2017-1,2017-12-31,0.0,0.0,0.0,3.0,0.0,0.0,0.0,0.0,0.0,0.0,45.0,0.0,0.0,0.0,1166613112.2295997
BMW Vehicle Lease Trust 2017-1,2018-01-31,2657.0,854.0,65.0,6.0,73336751.94,0.0,428095.62,2657.0,854.0,65.0,51.0,73336751.94,0.0,428095.62,1166613112.2295997
BMW Vehicle Lease Trust 2017-1,2018-02-28,0.0,0.0,0.0,3.0,0.0,0.0,0.0,2657.0,854.0,65.0,54.0,73336751.94,0.0,428095.62,1166613112.2295997
BMW Vehicle Lease Trust 2017-1,2018-03-31,0.0,0.0,0.0,4.0,0.0,0.0,0.0,2657.0,854.0,65.0,58.0,73336751.94,0.0,428095.62,1166613112.2295997
BMW Vehicle Lease Trust 2017-1,2018-04-30,0.0,0.0,0.0,1.0,0.0,0.0,0.0,2657.0,854.0,65.0,59.0,73336751.94,0.0,428095.62,1166613112.2295997
BMW Vehicle Lease Trust 2017-1,2018-05-31,0.0,0.0,0.0,2.0,0.0,0.0,0.0,2657.0,854.0,65.0,61.0,73336751.94,0.0,428095.62,1166613112.2295997
BMW Vehicle Lease Trust 2017-1,2018-06-30,0.0,0.0,0.0,7.0,0.0,0.0,0.0,2657.0,854.0,65.0,68.0,73336751.94,0.0,428095.62,1166613112.2295997
BMW Vehicle Lease Trust 2017-1,2018-07-31,0.0,0.0,0.0,33.0,0.0,0.0,0.0,2657.0,854.0,65.0,101.0,73336751.94,0.0,428095.62,1166613112.2295997
BMW Vehicle Lease Trust 2017-1,2018-08-31,0.0,0.0,0.0,4.0,0.0,0.0,0.0,2657.0,854.0,65.0,105.0,73336751.94,0.0,428095.62,1166613112.2295997
BMW Vehicle Lease Trust 2017-1,2018-09-30,0.0,0.0,0.0,17.0,0.0,0.0,0.0,2657.0,854.0,65.0,122.0,73336751.94,0.0,428095.62,1166613112.2295997
BMW Vehicle Lease Trust 2017-1,2018-10-31,0.0,0.0,0.0,6.0,0.0,0.0,0.0,2657.0,854.0,65.0,128.0,73336751.94,0.0,428095.62,1166613112.2295997
BMW Vehicle Lease Trust 2017-1,2018-11-30,0.0,0.0,0.0,5.0,0.0,0.0,0.0,2657.0,854.0,65.0,133.0,73336751.94,0.0,428095.62,1166613112.2295997
BMW Vehicle Lease Trust 2017-1,2018-12-31,0.0,0.0,0.0,8.0,0.0,0.0,0.0,2657.0,854.0,65.0,141.0,73336751.94,0.0,428095.62,1166613112.2295997
BMW Vehicle Lease Trust 2017-1,2019-01-31,8453.0,857.0,102.0,21.0,228270359.85,0.0,1447435.75,11110.0,1711.0,167.0,162.0,301607111.78999996,0.0,1875531.37,1166613112.2295997
BMW Vehicle Lease Trust 2017-1,2019-02-28,995.0,70.0,6.0,6.0,27938302.05,0.0,210077.19,12105.0,1781.0,173.0,168.0,329545413.84,0.0,2085608.56,1166613112.2295997
BMW Vehicle Lease Trust 2017-1,2019-03-31,1295.0,76.0,8.0,6.0,35904401.22,0.0,273426.03,13400.0,1857.0,181.0,174.0,365449815.06,0.0,2359034.5900000003,1166613112.2295997
BMW Vehicle Lease Trust 2017-1,2019-04-30,1512.0,58.0,3.0,4.0,42431585.589999996,0.0,222988.24,14912.0,1915.0,184.0,178.0,407881400.65,0.0,2582022.83,1166613112.2295997
BMW Vehicle Lease Trust 2017-1,2019-05-31,1523.0,86.0,5.0,6.0,41996026.370000005,0.0,247162.56,16435.0,2001.0,189.0,184.0,449877427.02,0.0,2829185.39,1166613112.2295997
BMW Vehicle Lease Trust 2017-1,2019-06-30,1444.0,52.0,4.0,6.0,39716194.239999995,0.0,250688.18,17879.0,2053.0,193.0,190.0,489593621.26,0.0,3079873.5700000003,1166613112.2295997
BMW Vehicle Lease Trust 2017-1,2019-07-31,1813.0,58.0,4.0,11.0,48622775.94,0.0,308779.04000000004,19692.0,2111.0,197.0,201.0,538216397.1999999,0.0,3388652.6100000003,1166613112.2295997
BMW Vehicle Lease Trust 2017-1,2019-08-31,1958.0,48.0,5.0,5.0,52452364.03,0.0,176895.95,21650.0,2159.0,202.0,206.0,590668761.23,0.0,3565548.56,1166613112.2295997
BMW Vehicle Lease Trust 2017-2,2017-08-31,13.0,86.0,0.0,0.0,339038.45,0.0,620.2,13.0,86.0,0.0,0.0,339038.45,0.0,620.2,1523774609.1413972
BMW Vehicle Lease Trust 2017-2,2017-10-31,0.0,0.0,0.0,11.0,0.0,0.0,0.0,13.0,86.0,0.0,11.0,339038.45,0.0,620.2,1523774609.1413972
BMW Vehicle Lease Trust 2017-2,2017-11-30,0.0,0.0,0.0,2.0,0.0,0.0,0.0,13.0,86.0,0.0,13.0,339038.45,0.0,620.2,1523774609.1413972
BMW Vehicle Lease Trust 2017-2,2017-12-31,0.0,0.0,0.0,5.0,0.0,0.0,0.0,13.0,86.0,0.0,18.0,339038.45,0.0,620.2,1523774609.1413972
BMW Vehicle Lease Trust 2017-2,2018-01-31,353.0,318.0,9.0,4.0,10034996.400000002,0.0,49093.68,366.0,404.0,9.0,22.0,10374034.850000001,0.0,49713.88,1523774609.1413972
BMW Vehicle Lease Trust 2017-2,2018-02-28,0.0,0.0,0.0,6.0,0.0,0.0,0.0,366.0,404.0,9.0,28.0,10374034.850000001,0.0,49713.88,1523774609.1413972
BMW Vehicle Lease Trust 2017-2,2018-03-31,0.0,0.0,0.0,4.0,0.0,0.0,0.0,366.0,404.0,9.0,32.0,10374034.850000001,0.0,49713.88,1523774609.1413972
BMW Vehicle Lease Trust 2017-2,2018-04-30,0.0,0.0,0.0,4.0,0.0,0.0,0.0,366.0,404.0,9.0,36.0,10374034.850000001,0.0,49713.88,1523774609.1413972
BMW Vehicle Lease Trust 2017-2,2018-05-31,0.0,0.0,0.0,3.0,0.0,0.0,0.0,366.0,404.0,9.0,39.0,10374034.850000001,0.0,49713.88,1523774609.1413972
BMW Vehicle Lease Trust 2017-2,2018-06-30,0.0,0.0,0.0,4.0,0.0,0.0,0.0,366.0,404.0,9.0,43.0,10374034.850000001,0.0,49713.88,1523774609.1413972
BMW Vehicle Lease Trust 2017-2,2018-07-31,0.0,0.0,0.0,26.0,0.0,0.0,0.0,366.0,404.0,9.0,69.0,10374034.850000001,0.0,49713.88,1523774609.1413972
BMW Vehicle Lease Trust 2017-2,2018-08-31,0.0,0.0,0.0,10.0,0.0,0.0,0.0,366.0,404.0,9.0,79.0,10374034.850000001,0.0,49713.88,1523774609.1413972
BMW Vehicle Lease Trust 2017-2,2018-09-30,0.0,0.0,0.0,13.0,0.0,0.0,0.0,366.0,404.0,9.0,92.0,10374034.850000001,0.0,49713.88,1523774609.1413972
BMW Vehicle Lease Trust 2017-2,2018-10-31,0.0,0.0,0.0,11.0,0.0,0.0,0.0,366.0,404.0,9.0,103.0,10374034.850000001,0.0,49713.88,1523774609.1413972
BMW Vehicle Lease Trust 2017-2,2018-11-30,0.0,0.0,0.0,7.0,0.0,0.0,0.0,366.0,404.0,9.0,110.0,10374034.850000001,0.0,49713.88,1523774609.1413972
BMW Vehicle Lease Trust 2017-2,2018-12-31,0.0,0.0,0.0,7.0,0.0,0.0,0.0,366.0,404.0,9.0,117.0,10374034.850000001,0.0,49713.88,1523774609.1413972
BMW Vehicle Lease Trust 2017-2,2019-01-31,5265.0,890.0,94.0,7.0,145769548.73999998,0.0,992601.09,5631.0,1294.0,103.0,124.0,156143583.58999997,0.0,1042314.97,1523774609.1413972
BMW Vehicle Lease Trust 2017-2,2019-02-28,0.0,0.0,0.0,7.0,0.0,0.0,0.0,5631.0,1294.0,103.0,131.0,156143583.58999997,0.0,1042314.97,1523774609.1413972
BMW Vehicle Lease Trust 2017-2,2019-03-31,0.0,0.0,0.0,7.0,0.0,0.0,0.0,5631.0,1294.0,103.0,138.0,156143583.58999997,0.0,1042314.97,1523774609.1413972
BMW Vehicle Lease Trust 2017-2,2019-04-30,0.0,0.0,0.0,9.0,0.0,0.0,0.0,5631.0,1294.0,103.0,147.0,156143583.58999997,0.0,1042314.97,1523774609.1413972
BMW Vehicle Lease Trust 2017-2,2019-05-31,0.0,0.0,0.0,8.0,0.0,0.0,0.0,5631.0,1294.0,103.0,155.0,156143583.58999997,0.0,1042314.97,1523774609.1413972
BMW Vehicle Lease Trust 2017-2,2019-06-30,0.0,0.0,0.0,7.0,0.0,0.0,0.0,5631.0,1294.0,103.0,162.0,156143583.58999997,0.0,1042314.97,1523774609.1413972
BMW Vehicle Lease Trust 2017-2,2019-07-31,0.0,0.0,0.0,3.0,0.0,0.0,0.0,5631.0,1294.0,103.0,165.0,156143583.58999997,0.0,1042314.97,1523774609.1413972
BMW Vehicle Lease Trust 2017-2,2019-08-31,0.0,0.0,0.0,4.0,0.0,0.0,0.0,5631.0,1294.0,103.0,169.0,156143583.58999997,0.0,1042314.97,1523774609.1413972
BMW Vehicle Lease Trust 2017-2,2019-09-30,0.0,0.0,0.0,8.0,0.0,0.0,0.0,5631.0,1294.0,103.0,177.0,156143583.58999997,0.0,1042314.97,1523774609.1413972
BMW Vehicle Lease Trust 2017-2,2019-10-31,0.0,0.0,0.0,3.0,0.0,0.0,0.0,5631.0,1294.0,103.0,180.0,156143583.58999997,0.0,1042314.97,1523774609.1413972
BMW Vehicle Lease Trust 2017-2,2019-11-30,0.0,0.0,0.0,4.0,0.0,0.0,0.0,5631.0,1294.0,103.0,184.0,156143583.58999997,0.0,1042314.97,1523774609.1413972
BMW Vehicle Lease Trust 2017-2,2019-12-31,0.0,1.0,0.0,3.0,0.0,0.0,0.0,5631.0,1295.0,103.0,187.0,156143583.58999997,0.0,1042314.97,1523774609.1413972
BMW Vehicle Lease Trust 2017-2,2020-01-31,13870.0,1005.0,84.0,10.0,372257905.76,0.0,2767789.87,19501.0,2300.0,187.0,197.0,528401489.34999996,0.0,3810104.84,1523774609.1413972
BMW Vehicle Lease Trust 2017-2,2020-02-29,1577.0,75.0,4.0,8.0,41282980.75,0.0,257243.53,21078.0,2375.0,191.0,205.0,569684470.0999999,0.0,4067348.3699999996,1523774609.1413972
BMW Vehicle Lease Trust 2017-2,2020-03-31,1423.0,34.0,5.0,5.0,37873649.65,0.0,161407.05,22501.0,2409.0,196.0,210.0,607558119.75,0.0,4228755.42,1523774609.1413972
BMW Vehicle Lease Trust 2018-1,2018-08-31,0.0,0.0,0.0,0.0,0.0,0.0,0.0,0.0,0.0,0.0,0.0,0.0,0.0,0.0,1163384489.9985974
BMW Vehicle Lease Trust 2018-1,2018-10-31,0.0,0.0,0.0,24.0,0.0,0.0,0.0,0.0,0.0,0.0,24.0,0.0,0.0,0.0,1163384489.9985974
BMW Vehicle Lease Trust 2018-1,2018-11-30,0.0,0.0,0.0,5.0,0.0,0.0,0.0,0.0,0.0,0.0,29.0,0.0,0.0,0.0,1163384489.9985974
BMW Vehicle Lease Trust 2018-1,2018-12-31,0.0,0.0,0.0,10.0,0.0,0.0,0.0,0.0,0.0,0.0,39.0,0.0,0.0,0.0,1163384489.9985974
BMW Vehicle Lease Trust 2018-1,2019-01-31,254.0,347.0,12.0,4.0,7192204.56,0.0,51937.11,254.0,347.0,12.0,43.0,7192204.56,0.0,51937.11,1163384489.9985974
BMW Vehicle Lease Trust 2018-1,2019-02-28,0.0,0.0,0.0,10.0,0.0,0.0,0.0,254.0,347.0,12.0,53.0,7192204.56,0.0,51937.11,1163384489.9985974
BMW Vehicle Lease Trust 2018-1,2019-03-31,0.0,0.0,0.0,11.0,0.0,0.0,0.0,254.0,347.0,12.0,64.0,7192204.56,0.0,51937.11,1163384489.9985974
BMW Vehicle Lease Trust 2018-1,2019-04-30,0.0,0.0,0.0,5.0,0.0,0.0,0.0,254.0,347.0,12.0,69.0,7192204.56,0.0,51937.11,1163384489.9985974
BMW Vehicle Lease Trust 2018-1,2019-05-31,0.0,0.0,0.0,9.0,0.0,0.0,0.0,254.0,347.0,12.0,78.0,7192204.56,0.0,51937.11,1163384489.9985974
BMW Vehicle Lease Trust 2018-1,2019-06-30,0.0,0.0,0.0,8.0,0.0,0.0,0.0,254.0,347.0,12.0,86.0,7192204.56,0.0,51937.11,1163384489.9985974
BMW Vehicle Lease Trust 2018-1,2019-07-31,0.0,0.0,0.0,12.0,0.0,0.0,0.0,254.0,347.0,12.0,98.0,7192204.56,0.0,51937.11,1163384489.9985974
BMW Vehicle Lease Trust 2018-1,2019-08-31,0.0,0.0,0.0,11.0,0.0,0.0,0.0,254.0,347.0,12.0,109.0,7192204.56,0.0,51937.11,1163384489.9985974
BMW Vehicle Lease Trust 2018-1,2019-09-30,0.0,0.0,0.0,10.0,0.0,0.0,0.0,254.0,347.0,12.0,119.0,7192204.56,0.0,51937.11,1163384489.9985974
BMW Vehicle Lease Trust 2018-1,2019-10-31,0.0,0.0,0.0,10.0,0.0,0.0,0.0,254.0,347.0,12.0,129.0,7192204.56,0.0,51937.11,1163384489.9985974
BMW Vehicle Lease Trust 2018-1,2019-11-30,0.0,0.0,0.0,3.0,0.0,0.0,0.0,254.0,347.0,12.0,132.0,7192204.56,0.0,51937.11,1163384489.9985974
BMW Vehicle Lease Trust 2018-1,2019-12-31,0.0,0.0,0.0,7.0,0.0,0.0,0.0,254.0,347.0,12.0,139.0,7192204.56,0.0,51937.11,1163384489.9985974
BMW Vehicle Lease Trust 2018-1,2020-01-31,6722.0,1005.0,71.0,4.0,180423991.73999998,0.0,1345015.27,6976.0,1352.0,83.0,143.0,187616196.29999998,0.0,1396952.3800000001,1163384489.9985974
BMW Vehicle Lease Trust 2018-1,2020-02-29,0.0,0.0,0.0,6.0,0.0,0.0,0.0,6976.0,1352.0,83.0,149.0,187616196.29999998,0.0,1396952.3800000001,1163384489.9985974
BMW Vehicle Lease Trust 2018-1,2020-03-31,0.0,0.0,0.0,11.0,0.0,0.0,0.0,6976.0,1352.0,83.0,160.0,187616196.29999998,0.0,1396952.3800000001,1163384489.9985974
BMW Vehicle Lease Trust 2018-1,2020-04-30,0.0,0.0,0.0,7.0,0.0,0.0,0.0,6976.0,1352.0,83.0,167.0,187616196.29999998,0.0,1396952.3800000001,1163384489.9985974
BMW Vehicle Lease Trust 2018-1,2020-05-31,0.0,0.0,0.0,8.0,0.0,0.0,0.0,6976.0,1352.0,83.0,175.0,187616196.29999998,0.0,1396952.3800000001,1163384489.9985974
BMW Vehicle Lease Trust 2018-1,2020-06-30,0.0,0.0,0.0,8.0,0.0,0.0,0.0,6976.0,1352.0,83.0,183.0,187616196.29999998,0.0,1396952.3800000001,1163384489.9985974
BMW Vehicle Lease Trust 2018-1,2020-07-31,0.0,0.0,0.0,9.0,0.0,0.0,0.0,6976.0,1352.0,83.0,192.0,187616196.29999998,0.0,1396952.3800000001,1163384489.9985974
BMW Vehicle Lease Trust 2018-1,2020-08-31,0.0,0.0,0.0,7.0,0.0,0.0,0.0,6976.0,1352.0,83.0,199.0,187616196.29999998,0.0,1396952.3800000001,1163384489.9985974
BMW Vehicle Lease Trust 2018-1,2020-09-30,0.0,0.0,0.0,9.0,0.0,0.0,0.0,6976.0,1352.0,83.0,208.0,187616196.29999998,0.0,1396952.3800000001,1163384489.9985974
BMW Vehicle Lease Trust 2018-1,2020-10-31,0.0,0.0,0.0,9.0,0.0,0.0,0.0,6976.0,1352.0,83.0,217.0,187616196.29999998,0.0,1396952.3800000001,1163384489.9985974
BMW Vehicle Lease Trust 2018-1,2020-11-30,0.0,0.0,0.0,13.0,0.0,0.0,0.0,6976.0,1352.0,83.0,230.0,187616196.29999998,0.0,1396952.3800000001,1163384489.9985974
BMW Vehicle Lease Trust 2018-1,2020-12-31,0.0,0.0,0.0,7.0,0.0,0.0,0.0,6976.0,1352.0,83.0,237.0,187616196.29999998,0.0,1396952.3800000001,1163384489.9985974
BMW Vehicle Lease Trust 2018-1,2021-01-31,15078.0,793.0,42.0,16.0,392300464.69,0.0,2199125.1399999997,22054.0,2145.0,125.0,253.0,579916660.99,0.0,3596077.5199999996,1163384489.9985974
BMW Vehicle Lease Trust 2019-1,2019-01-31,0.0,0.0,0.0,0.0,0.0,0.0,0.0,0.0,0.0,0.0,0.0,0.0,0.0,0.0,1163266628.972895
BMW Vehicle Lease Trust 2019-1,2019-03-31,0.0,0.0,0.0,12.0,0.0,0.0,0.0,0.0,0.0,0.0,12.0,0.0,0.0,0.0,1163266628.972895
BMW Vehicle Lease Trust 2019-1,2019-04-30,0.0,0.0,0.0,6.0,0.0,0.0,0.0,0.0,0.0,0.0,18.0,0.0,0.0,0.0,1163266628.972895
BMW Vehicle Lease Trust 2019-1,2019-05-31,0.0,0.0,0.0,9.0,0.0,0.0,0.0,0.0,0.0,0.0,27.0,0.0,0.0,0.0,1163266628.972895
BMW Vehicle Lease Trust 2019-1,2019-06-30,0.0,0.0,0.0,6.0,0.0,0.0,0.0,0.0,0.0,0.0,33.0,0.0,0.0,0.0,1163266628.972895
BMW Vehicle Lease Trust 2019-1,2019-07-31,0.0,0.0,0.0,14.0,0.0,0.0,0.0,0.0,0.0,0.0,47.0,0.0,0.0,0.0,1163266628.972895
BMW Vehicle Lease Trust 2019-1,2019-08-31,0.0,0.0,0.0,8.0,0.0,0.0,0.0,0.0,0.0,0.0,55.0,0.0,0.0,0.0,1163266628.972895
BMW Vehicle Lease Trust 2019-1,2019-09-30,0.0,0.0,0.0,8.0,0.0,0.0,0.0,0.0,0.0,0.0,63.0,0.0,0.0,0.0,1163266628.972895
BMW Vehicle Lease Trust 2019-1,2019-10-31,0.0,0.0,0.0,11.0,0.0,0.0,0.0,0.0,0.0,0.0,74.0,0.0,0.0,0.0,1163266628.972895
BMW Vehicle Lease Trust 2019-1,2019-11-30,0.0,0.0,0.0,7.0,0.0,0.0,0.0,0.0,0.0,0.0,81.0,0.0,0.0,0.0,1163266628.972895
BMW Vehicle Lease Trust 2019-1,2019-12-31,0.0,0.0,0.0,7.0,0.0,0.0,0.0,0.0,0.0,0.0,88.0,0.0,0.0,0.0,1163266628.972895
BMW Vehicle Lease Trust 2019-1,2020-01-31,4304.0,990.0,49.0,5.0,113888676.09,0.0,897955.2999999999,4304.0,990.0,49.0,93.0,113888676.09,0.0,897955.2999999999,1163266628.972895
BMW Vehicle Lease Trust 2019-1,2020-02-29,0.0,0.0,0.0,7.0,0.0,0.0,0.0,4304.0,990.0,49.0,100.0,113888676.09,0.0,897955.2999999999,1163266628.972895
BMW Vehicle Lease Trust 2019-1,2020-03-31,0.0,0.0,0.0,5.0,0.0,0.0,0.0,4304.0,990.0,49.0,105.0,113888676.09,0.0,897955.2999999999,1163266628.972895
BMW Vehicle Lease Trust 2019-1,2020-04-30,0.0,0.0,0.0,7.0,0.0,0.0,0.0,4304.0,990.0,49.0,112.0,113888676.09,0.0,897955.2999999999,1163266628.972895
BMW Vehicle Lease Trust 2019-1,2020-05-31,0.0,0.0,0.0,9.0,0.0,0.0,0.0,4304.0,990.0,49.0,121.0,113888676.09,0.0,897955.2999999999,1163266628.972895
BMW Vehicle Lease Trust 2019-1,2020-06-30,0.0,0.0,0.0,11.0,0.0,0.0,0.0,4304.0,990.0,49.0,132.0,113888676.09,0.0,897955.2999999999,1163266628.972895
BMW Vehicle Lease Trust 2019-1,2020-07-31,0.0,0.0,0.0,13.0,0.0,0.0,0.0,4304.0,990.0,49.0,145.0,113888676.09,0.0,897955.2999999999,1163266628.972895
BMW Vehicle Lease Trust 2019-1,2020-08-31,0.0,1.0,0.0,7.0,0.0,0.0,0.0,4304.0,991.0,49.0,152.0,113888676.09,0.0,897955.2999999999,1163266628.972895
BMW Vehicle Lease Trust 2019-1,2020-09-30,0.0,0.0,0.0,6.0,0.0,0.0,0.0,4304.0,991.0,49.0,158.0,113888676.09,0.0,897955.2999999999,1163266628.972895
BMW Vehicle Lease Trust 2019-1,2020-10-31,0.0,0.0,0.0,5.0,0.0,0.0,0.0,4304.0,991.0,49.0,163.0,113888676.09,0.0,897955.2999999999,1163266628.972895
BMW Vehicle Lease Trust 2019-1,2020-11-30,0.0,0.0,0.0,18.0,0.0,0.0,0.0,4304.0,991.0,49.0,181.0,113888676.09,0.0,897955.2999999999,1163266628.972895
BMW Vehicle Lease Trust 2019-1,2020-12-31,0.0,0.0,0.0,9.0,0.0,0.0,0.0,4304.0,991.0,49.0,190.0,113888676.09,0.0,897955.2999999999,1163266628.972895
BMW Vehicle Lease Trust 2019-1,2021-01-31,13452.0,945.0,51.0,14.0,350997340.03,0.0,2222221.63,17756.0,1936.0,100.0,204.0,464886016.12,0.0,3120176.9299999997,1163266628.972895
BMW Vehicle Lease Trust 2019-1,2021-02-28,1313.0,69.0,1.0,6.0,34113267.21,0.0,241892.78999999998,19069.0,2005.0,101.0,210.0,498999283.33,0.0,3362069.7199999997,1163266628.972895
BMW Vehicle Lease Trust 2019-1,2021-03-31,1690.0,98.0,0.0,10.0,43045668.29000001,0.0,278751.23,20759.0,2103.0,101.0,220.0,542044951.62,0.0,3640820.9499999997,1163266628.972895
BMW Vehicle Lease Trust 2019-1,2021-04-30,1441.0,96.0,0.0,6.0,36623251.78,0.0,143487.61,22200.0,2199.0,101.0,226.0,578668203.4,0.0,3784308.5599999996,1163266628.972895
BMW Vehicle Lease Trust 2019-1,2021-05-31,1222.0,80.0,0.0,4.0,31354457.45,0.0,50423.939999999995,23422.0,2279.0,101.0,230.0,610022660.85,0.0,3834732.4999999995,1163266628.972895
BMW Vehicle Lease Trust 2021-1,2021-01-31,0.0,0.0,0.0,0.0,0.0,0.0,0.0,0.0,0.0,0.0,0.0,0.0,0.0,0.0,1454651151.1872034
BMW Vehicle Lease Trust 2021-1,2021-03-31,0.0,0.0,0.0,19.0,0.0,0.0,0.0,0.0,0.0,0.0,19.0,0.0,0.0,0.0,1454651151.1872034
BMW Vehicle Lease Trust 2021-1,2021-04-30,0.0,0.0,0.0,1.0,0.0,0.0,0.0,0.0,0.0,0.0,20.0,0.0,0.0,0.0,1454651151.1872034
BMW Vehicle Lease Trust 2021-1,2021-05-31,0.0,0.0,0.0,10.0,0.0,0.0,0.0,0.0,0.0,0.0,30.0,0.0,0.0,0.0,1454651151.1872034
BMW Vehicle Lease Trust 2021-1,2021-06-30,0.0,0.0,0.0,1.0,0.0,0.0,0.0,0.0,0.0,0.0,31.0,0.0,0.0,0.0,1454651151.1872034
BMW Vehicle Lease Trust 2021-1,2021-07-31,0.0,0.0,0.0,8.0,0.0,0.0,0.0,0.0,0.0,0.0,39.0,0.0,0.0,0.0,1454651151.1872034
BMW Vehicle Lease Trust 2021-1,2021-08-31,0.0,0.0,0.0,14.0,0.0,0.0,0.0,0.0,0.0,0.0,53.0,0.0,0.0,0.0,1454651151.1872034
BMW Vehicle Lease Trust 2021-1,2021-09-30,0.0,0.0,0.0,3.0,0.0,0.0,0.0,0.0,0.0,0.0,56.0,0.0,0.0,0.0,1454651151.1872034
BMW Vehicle Lease Trust 2021-1,2021-10-31,0.0,0.0,0.0,2.0,0.0,0.0,0.0,0.0,0.0,0.0,58.0,0.0,0.0,0.0,1454651151.1872034
BMW Vehicle Lease Trust 2021-1,2021-11-30,0.0,0.0,0.0,6.0,0.0,0.0,0.0,0.0,0.0,0.0,64.0,0.0,0.0,0.0,1454651151.1872034
BMW Vehicle Lease Trust 2021-1,2021-12-31,0.0,0.0,0.0,6.0,0.0,0.0,0.0,0.0,0.0,0.0,70.0,0.0,0.0,0.0,1454651151.1872034
BMW Vehicle Lease Trust 2021-1,2022-01-31,4281.0,2950.0,9.0,3.0,106636739.63,0.0,263928.17,4281.0,2950.0,9.0,73.0,106636739.63,0.0,263928.17,1454651151.1872034
BMW Vehicle Lease Trust 2021-1,2022-02-28,0.0,0.0,0.0,2.0,0.0,0.0,0.0,4281.0,2950.0,9.0,75.0,106636739.63,0.0,263928.17,1454651151.1872034
BMW Vehicle Lease Trust 2021-1,2022-03-31,0.0,1.0,0.0,6.0,0.0,0.0,0.0,4281.0,2951.0,9.0,81.0,106636739.63,0.0,263928.17,1454651151.1872034
BMW Vehicle Lease Trust 2021-1,2022-04-30,0.0,0.0,0.0,4.0,0.0,0.0,0.0,4281.0,2951.0,9.0,85.0,106636739.63,0.0,263928.17,1454651151.1872034
BMW Vehicle Lease Trust 2021-1,2022-05-31,0.0,1.0,0.0,6.0,0.0,0.0,0.0,4281.0,2952.0,9.0,91.0,106636739.63,0.0,263928.17,1454651151.1872034
BMW Vehicle Lease Trust 2021-1,2022-06-30,0.0,0.0,0.0,5.0,0.0,0.0,0.0,4281.0,2952.0,9.0,96.0,106636739.63,0.0,263928.17,1454651151.1872034
BMW Vehicle Lease Trust 2021-1,2022-07-31,0.0,0.0,0.0,5.0,0.0,0.0,0.0,4281.0,2952.0,9.0,101.0,106636739.63,0.0,263928.17,1454651151.1872034
BMW Vehicle Lease Trust 2021-1,2022-08-31,0.0,0.0,0.0,5.0,0.0,0.0,0.0,4281.0,2952.0,9.0,106.0,106636739.63,0.0,263928.17,1454651151.1872034
BMW Vehicle Lease Trust 2021-1,2022-09-30,0.0,0.0,0.0,1.0,0.0,0.0,0.0,4281.0,2952.0,9.0,107.0,106636739.63,0.0,263928.17,1454651151.1872034
BMW Vehicle Lease Trust 2021-1,2022-10-31,0.0,0.0,0.0,7.0,0.0,0.0,0.0,4281.0,2952.0,9.0,114.0,106636739.63,0.0,263928.17,1454651151.1872034
BMW Vehicle Lease Trust 2021-1,2022-11-30,0.0,0.0,0.0,3.0,0.0,0.0,0.0,4281.0,2952.0,9.0,117.0,106636739.63,0.0,263928.17,1454651151.1872034
BMW Vehicle Lease Trust 2021-1,2022-12-31,0.0,0.0,0.0,6.0,0.0,0.0,0.0,4281.0,2952.0,9.0,123.0,106636739.63,0.0,263928.17,1454651151.1872034
BMW Vehicle Lease Trust 2021-1,2023-01-31,12535.0,2599.0,17.0,7.0,337103240.93,875.42,498130.85000000003,16816.0,5551.0,26.0,130.0,443739980.56,875.42,762059.02,1454651151.1872034
BMW Vehicle Lease Trust 2021-1,2023-02-28,1076.0,131.0,3.0,7.0,28711735.9,0.0,85932.81,17892.0,5682.0,29.0,137.0,472451716.46,875.42,847991.8300000001,1454651151.1872034
BMW Vehicle Lease Trust 2021-1,2023-03-31,1149.0,228.0,2.0,2.0,30862621.13,0.0,70503.75,19041.0,5910.0,31.0,139.0,503314337.59,875.42,918495.5800000001,1454651151.1872034
BMW Vehicle Lease Trust 2021-1,2023-04-30,960.0,164.0,1.0,6.0,25892822.4,0.0,88209.54000000001,20001.0,6074.0,32.0,145.0,529207159.99,875.42,1006705.12,1454651151.1872034
BMW Vehicle Lease Trust 2021-1,2023-05-31,1234.0,194.0,3.0,1.0,32723755.050000004,0.0,77545.91,21235.0,6268.0,35.0,146.0,561930915.04,875.42,1084251.03,1454651151.1872034
BMW Vehicle Lease Trust 2021-1,2023-06-30,1244.0,150.0,5.0,1.0,33728323.81,0.0,49541.130000000005,22479.0,6418.0,40.0,147.0,595659238.85,875.42,1133792.1600000001,1454651151.1872034
BMW Vehicle Lease Trust 2021-2,2021-07-31,0.0,0.0,0.0,0.0,0.0,0.0,0.0,0.0,0.0,0.0,0.0,0.0,0.0,0.0,1842220229.7517965
BMW Vehicle Lease Trust 2021-2,2021-09-30,0.0,0.0,0.0,11.0,0.0,0.0,0.0,0.0,0.0,0.0,11.0,0.0,0.0,0.0,1842220229.7517965
BMW Vehicle Lease Trust 2021-2,2021-10-31,0.0,0.0,0.0,4.0,0.0,0.0,0.0,0.0,0.0,0.0,15.0,0.0,0.0,0.0,1842220229.7517965
BMW Vehicle Lease Trust 2021-2,2021-11-30,0.0,0.0,0.0,2.0,0.0,0.0,0.0,0.0,0.0,0.0,17.0,0.0,0.0,0.0,1842220229.7517965
BMW Vehicle Lease Trust 2021-2,2021-12-31,0.0,0.0,0.0,2.0,0.0,0.0,0.0,0.0,0.0,0.0,19.0,0.0,0.0,0.0,1842220229.7517965
BMW Vehicle Lease Trust 2021-2,2022-01-31,591.0,1739.0,5.0,4.0,17169579.73,0.0,10078.679999999998,591.0,1739.0,5.0,23.0,17169579.73,0.0,10078.679999999998,1842220229.7517965
BMW Vehicle Lease Trust 2021-2,2022-02-28,0.0,0.0,0.0,4.0,0.0,0.0,0.0,591.0,1739.0,5.0,27.0,17169579.73,0.0,10078.679999999998,1842220229.7517965
BMW Vehicle Lease Trust 2021-2,2022-03-31,0.0,0.0,0.0,6.0,0.0,0.0,0.0,591.0,1739.0,5.0,33.0,17169579.73,0.0,10078.679999999998,1842220229.7517965
BMW Vehicle Lease Trust 2021-2,2022-04-30,0.0,0.0,0.0,8.0,0.0,0.0,0.0,591.0,1739.0,5.0,41.0,17169579.73,0.0,10078.679999999998,1842220229.7517965
BMW Vehicle Lease Trust 2021-2,2022-05-31,0.0,0.0,0.0,7.0,0.0,0.0,0.0,591.0,1739.0,5.0,48.0,17169579.73,0.0,10078.679999999998,1842220229.7517965
BMW Vehicle Lease Trust 2021-2,2022-06-30,0.0,0.0,0.0,2.0,0.0,0.0,0.0,591.0,1739.0,5.0,50.0,17169579.73,0.0,10078.679999999998,1842220229.7517965
BMW Vehicle Lease Trust 2021-2,2022-07-31,0.0,0.0,0.0,13.0,0.0,0.0,0.0,591.0,1739.0,5.0,63.0,17169579.73,0.0,10078.679999999998,1842220229.7517965
BMW Vehicle Lease Trust 2021-2,2022-08-31,0.0,0.0,0.0,6.0,0.0,0.0,0.0,591.0,1739.0,5.0,69.0,17169579.73,0.0,10078.679999999998,1842220229.7517965
BMW Vehicle Lease Trust 2021-2,2022-09-30,0.0,0.0,0.0,5.0,0.0,0.0,0.0,591.0,1739.0,5.0,74.0,17169579.73,0.0,10078.679999999998,1842220229.7517965
BMW Vehicle Lease Trust 2021-2,2022-10-31,0.0,0.0,0.0,3.0,0.0,0.0,0.0,591.0,1739.0,5.0,77.0,17169579.73,0.0,10078.679999999998,1842220229.7517965
BMW Vehicle Lease Trust 2021-2,2022-11-30,0.0,0.0,0.0,3.0,0.0,0.0,0.0,591.0,1739.0,5.0,80.0,17169579.73,0.0,10078.679999999998,1842220229.7517965
BMW Vehicle Lease Trust 2021-2,2022-12-31,0.0,0.0,0.0,6.0,0.0,0.0,0.0,591.0,1739.0,5.0,86.0,17169579.73,0.0,10078.679999999998,1842220229.7517965
BMW Vehicle Lease Trust 2021-2,2023-01-31,8957.0,2905.0,19.0,11.0,242566181.17000002,0.0,407936.57,9548.0,4644.0,24.0,97.0,259735760.9,0.0,418015.25,1842220229.7517965
BMW Vehicle Lease Trust 2021-2,2023-02-28,819.0,163.0,3.0,1.0,22156145.76,0.0,84947.12,10367.0,4807.0,27.0,98.0,281891906.66,0.0,502962.37,1842220229.7517965
BMW Vehicle Lease Trust 2021-2,2023-03-31,878.0,219.0,4.0,5.0,23982215.619999997,0.0,103843.70000000001,11245.0,5026.0,31.0,103.0,305874122.28000003,0.0,606806.0700000001,1842220229.7517965
BMW Vehicle Lease Trust 2021-2,2023-04-30,738.0,232.0,2.0,4.0,20220511.980000004,0.0,60449.71,11983.0,5258.0,33.0,107.0,326094634.26,0.0,667255.78,1842220229.7517965
BMW Vehicle Lease Trust 2021-2,2023-05-31,860.0,254.0,6.0,9.0,23553484.1,0.0,58789.409999999996,12843.0,5512.0,39.0,116.0,349648118.36,0.0,726045.19,1842220229.7517965
BMW Vehicle Lease Trust 2021-2,2023-06-30,920.0,225.0,5.0,6.0,24887716.35,0.0,69169.58,13763.0,5737.0,44.0,122.0,374535834.71000004,0.0,795214.77,1842220229.7517965
BMW Vehicle Lease Trust 2021-2,2023-07-31,741.0,189.0,2.0,4.0,20427305.95,0.0,56574.619999999995,14504.0,5926.0,46.0,126.0,394963140.66,0.0,851789.39,1842220229.7517965
BMW Vehicle Lease Trust 2021-2,2023-08-31,998.0,198.0,7.0,8.0,27961129.799999997,0.0,62753.22,15502.0,6124.0,53.0,134.0,422924270.46000004,0.0,914542.61,1842220229.7517965
BMW Vehicle Lease Trust 2021-2,2023-09-30,920.0,129.0,4.0,1.0,26298058.7,0.0,78386.15,16422.0,6253.0,57.0,135.0,449222329.16,0.0,992928.76,1842220229.7517965
BMW Vehicle Lease Trust 2021-2,2023-10-31,1047.0,147.0,1.0,9.0,29750407.490000002,0.0,71338.85,17469.0,6400.0,58.0,144.0,478972736.65000004,0.0,1064267.61,1842220229.7517965
BMW Vehicle Lease Trust 2021-2,2023-11-30,1108.0,121.0,1.0,6.0,31483427.83,0.0,39008.37,18577.0,6521.0,59.0,150.0,510456164.48,0.0,1103275.98,1842220229.7517965
BMW Vehicle Lease Trust 2021-2,2023-12-31,19838.0,6639.0,63.0,19.0,547270100.88,0.0,1204691.63,38415.0,13160.0,122.0,169.0,1057726265.36,0.0,2307967.61,1842220229.7517965
BMW Vehicle Lease Trust 2022-1,2021-11-30,0.0,0.0,0.0,0.0,0.0,0.0,0.0,0.0,0.0,0.0,0.0,0.0,0.0,0.0,1458504815.937107
BMW Vehicle Lease Trust 2022-1,2022-01-31,13.0,598.0,0.0,10.0,396540.05,0.0,4295.25,13.0,598.0,0.0,10.0,396540.05,0.0,4295.25,1458504815.937107
BMW Vehicle Lease Trust 2022-1,2022-02-28,0.0,1.0,0.0,1.0,0.0,0.0,0.0,13.0,599.0,0.0,11.0,396540.05,0.0,4295.25,1458504815.937107
BMW Vehicle Lease Trust 2022-1,2022-03-31,0.0,0.0,0.0,8.0,0.0,0.0,0.0,13.0,599.0,0.0,19.0,396540.05,0.0,4295.25,1458504815.937107
BMW Vehicle Lease Trust 2022-1,2022-04-30,0.0,0.0,0.0,3.0,0.0,0.0,0.0,13.0,599.0,0.0,22.0,396540.05,0.0,4295.25,1458504815.937107
BMW Vehicle Lease Trust 2022-1,2022-05-31,0.0,0.0,0.0,6.0,0.0,0.0,0.0,13.0,599.0,0.0,28.0,396540.05,0.0,4295.25,1458504815.937107
BMW Vehicle Lease Trust 2022-1,2022-06-30,0.0,0.0,0.0,5.0,0.0,0.0,0.0,13.0,599.0,0.0,33.0,396540.05,0.0,4295.25,1458504815.937107
BMW Vehicle Lease Trust 2022-1,2022-07-31,0.0,0.0,0.0,4.0,0.0,0.0,0.0,13.0,599.0,0.0,37.0,396540.05,0.0,4295.25,1458504815.937107
BMW Vehicle Lease Trust 2022-1,2022-08-31,0.0,0.0,0.0,7.0,0.0,0.0,0.0,13.0,599.0,0.0,44.0,396540.05,0.0,4295.25,1458504815.937107
BMW Vehicle Lease Trust 2022-1,2022-09-30,0.0,0.0,0.0,3.0,0.0,0.0,0.0,13.0,599.0,0.0,47.0,396540.05,0.0,4295.25,1458504815.937107
BMW Vehicle Lease Trust 2022-1,2022-10-31,0.0,0.0,0.0,5.0,0.0,0.0,0.0,13.0,599.0,0.0,52.0,396540.05,0.0,4295.25,1458504815.937107
BMW Vehicle Lease Trust 2022-1,2022-11-30,0.0,0.0,0.0,4.0,0.0,0.0,0.0,13.0,599.0,0.0,56.0,396540.05,0.0,4295.25,1458504815.937107
BMW Vehicle Lease Trust 2022-1,2022-12-31,0.0,0.0,0.0,5.0,0.0,0.0,0.0,13.0,599.0,0.0,61.0,396540.05,0.0,4295.25,1458504815.937107
BMW Vehicle Lease Trust 2022-1,2023-01-31,6047.0,3046.0,16.0,7.0,163149037.25,0.0,312363.95,6060.0,3645.0,16.0,68.0,163545577.3,0.0,316659.2,1458504815.937107
BMW Vehicle Lease Trust 2022-1,2023-02-28,684.0,193.0,1.0,7.0,18408092.1,0.0,47134.020000000004,6744.0,3838.0,17.0,75.0,181953669.4,0.0,363793.22000000003,1458504815.937107
BMW Vehicle Lease Trust 2022-1,2023-03-31,777.0,260.0,2.0,2.0,21160633.58,0.0,101265.31999999999,7521.0,4098.0,19.0,77.0,203114302.98000002,0.0,465058.54000000004,1458504815.937107
BMW Vehicle Lease Trust 2022-1,2023-04-30,621.0,256.0,4.0,2.0,16791516.33,0.0,36588.880000000005,8142.0,4354.0,23.0,79.0,219905819.31,0.0,501647.42000000004,1458504815.937107
BMW Vehicle Lease Trust 2022-1,2023-05-31,825.0,313.0,4.0,5.0,22506794.479999997,0.0,69058.23999999999,8967.0,4667.0,27.0,84.0,242412613.79000002,0.0,570705.66,1458504815.937107
BMW Vehicle Lease Trust 2022-1,2023-06-30,817.0,297.0,6.0,6.0,22230784.0,0.0,81207.62,9784.0,4964.0,33.0,90.0,264643397.79000002,0.0,651913.28,1458504815.937107
BMW Vehicle Lease Trust 2022-1,2023-07-31,725.0,231.0,2.0,10.0,20067516.71,0.0,41994.47,10509.0,5195.0,35.0,100.0,284710914.5,0.0,693907.75,1458504815.937107
BMW Vehicle Lease Trust 2022-1,2023-08-31,884.0,265.0,4.0,5.0,25062124.46,0.0,72164.61,11393.0,5460.0,39.0,105.0,309773038.96000004,0.0,766072.36,1458504815.937107
BMW Vehicle Lease Trust 2022-1,2023-09-30,868.0,186.0,2.0,5.0,24722272.46,0.0,57129.69,12261.0,5646.0,41.0,110.0,334495311.42,0.0,823202.05,1458504815.937107
BMW Vehicle Lease Trust 2022-1,2023-10-31,958.0,228.0,1.0,7.0,27552186.25,0.0,45946.79,13219.0,5874.0,42.0,117.0,362047497.67,0.0,869148.84,1458504815.937107
BMW Vehicle Lease Trust 2022-1,2023-11-30,971.0,207.0,4.0,6.0,28123570.43,0.0,42135.240000000005,14190.0,6081.0,46.0,123.0,390171068.1,0.0,911284.08,1458504815.937107
BMW Vehicle Lease Trust 2022-1,2023-12-31,0.0,0.0,0.0,0.0,0.0,0.0,0.0,14190.0,6081.0,46.0,123.0,390171068.1,0.0,911284.08,1458504815.937107
BMW Vehicle Lease Trust 2022-1,2024-01-31,16407.0,6421.0,60.0,16.0,455035766.46000004,0.0,1190252.46,30597.0,12502.0,106.0,139.0,845206834.5600001,0.0,2101536.54,1458504815.937107
BMW Vehicle Lease Trust 2022-1,2024-02-29,1096.0,114.0,3.0,5.0,32248083.450000003,0.0,150885.0,31693.0,12616.0,109.0,144.0,877454918.0100001,0.0,2252421.54,1458504815.937107
BMW Vehicle Lease Trust 2022-1,2024-03-31,1522.0,104.0,3.0,7.0,44867659.46,0.0,233860.78999999998,33215.0,12720.0,112.0,151.0,922322577.47,0.0,2486282.33,1458504815.937107
BMW Vehicle Lease Trust 2022-1,2024-04-30,1623.0,131.0,8.0,10.0,47121477.35,0.0,167596.2,34838.0,12851.0,120.0,161.0,969444054.82,0.0,2653878.5300000003,1458504815.937107
BMW Vehicle Lease Trust 2023-1,2022-12-31,0.0,0.0,0.0,0.0,0.0,0.0,0.0,0.0,0.0,0.0,0.0,0.0,0.0,0.0,1150003459.0580955
BMW Vehicle Lease Trust 2023-1,2023-02-28,2.0,291.0,0.0,5.0,47766.45,0.0,0.0,2.0,291.0,0.0,5.0,47766.45,0.0,0.0,1150003459.0580955
BMW Vehicle Lease Trust 2023-1,2023-03-31,23.0,216.0,1.0,2.0,679253.0,0.0,2002.75,25.0,507.0,1.0,7.0,727019.45,0.0,2002.75,1150003459.0580955
BMW Vehicle Lease Trust 2023-1,2023-04-30,35.0,225.0,0.0,6.0,1083960.5999999999,0.0,0.0,60.0,732.0,1.0,13.0,1810980.0499999998,0.0,2002.75,1150003459.0580955
BMW Vehicle Lease Trust 2023-1,2023-05-31,87.0,223.0,0.0,6.0,2543304.2999999993,0.0,0.0,147.0,955.0,1.0,19.0,4354284.35,0.0,2002.75,1150003459.0580955
BMW Vehicle Lease Trust 2023-1,2023-06-30,160.0,262.0,2.0,5.0,4752721.4,0.0,2081.5,307.0,1217.0,3.0,24.0,9107005.75,0.0,4084.25,1150003459.0580955
BMW Vehicle Lease Trust 2023-1,2023-07-31,218.0,182.0,4.0,7.0,6476869.0,0.0,15630.5,525.0,1399.0,7.0,31.0,15583874.75,0.0,19714.75,1150003459.0580955
BMW Vehicle Lease Trust 2023-1,2023-08-31,334.0,254.0,2.0,10.0,9312570.7,0.0,17091.5,859.0,1653.0,9.0,41.0,24896445.45,0.0,36806.25,1150003459.0580955
BMW Vehicle Lease Trust 2023-1,2023-09-30,400.0,208.0,4.0,6.0,11757018.45,0.0,14186.33,1259.0,1861.0,13.0,47.0,36653463.9,0.0,50992.58,1150003459.0580955
BMW Vehicle Lease Trust 2023-1,2023-10-31,499.0,197.0,7.0,9.0,14346352.85,0.0,22550.02,1758.0,2058.0,20.0,56.0,50999816.75,0.0,73542.6,1150003459.0580955
BMW Vehicle Lease Trust 2023-1,2023-11-30,492.0,234.0,3.0,9.0,14361001.799999999,0.0,35194.3,2250.0,2292.0,23.0,65.0,65360818.55,0.0,108736.9,1150003459.0580955
BMW Vehicle Lease Trust 2023-1,2023-12-31,0.0,0.0,0.0,3.0,0.0,0.0,0.0,2250.0,2292.0,23.0,68.0,65360818.55,0.0,108736.9,1150003459.0580955
BMW Vehicle Lease Trust 2023-1,2024-01-31,3446.0,2694.0,33.0,7.0,101396616.11,0.0,260990.08000000002,5696.0,4986.0,56.0,75.0,166757434.66,0.0,369726.98,1150003459.0580955
BMW Vehicle Lease Trust 2023-1,2024-02-29,0.0,0.0,0.0,4.0,0.0,0.0,0.0,5696.0,4986.0,56.0,79.0,166757434.66,0.0,369726.98,1150003459.0580955
BMW Vehicle Lease Trust 2023-1,2024-03-31,0.0,0.0,0.0,2.0,0.0,0.0,0.0,5696.0,4986.0,56.0,81.0,166757434.66,0.0,369726.98,1150003459.0580955
BMW Vehicle Lease Trust 2023-1,2024-04-30,0.0,0.0,0.0,11.0,0.0,0.0,0.0,5696.0,4986.0,56.0,92.0,166757434.66,0.0,369726.98,1150003459.0580955
BMW Vehicle Lease Trust 2023-1,2024-05-31,0.0,0.0,0.0,8.0,0.0,0.0,0.0,5696.0,4986.0,56.0,100.0,166757434.66,0.0,369726.98,1150003459.0580955
BMW Vehicle Lease Trust 2023-1,2024-06-30,0.0,0.0,0.0,2.0,0.0,0.0,0.0,5696.0,4986.0,56.0,102.0,166757434.66,0.0,369726.98,1150003459.0580955
BMW Vehicle Lease Trust 2023-1,2024-07-31,0.0,0.0,0.0,4.0,0.0,0.0,0.0,5696.0,4986.0,56.0,106.0,166757434.66,0.0,369726.98,1150003459.0580955
BMW Vehicle Lease Trust 2023-1,2024-08-31,0.0,0.0,0.0,4.0,0.0,0.0,0.0,5696.0,4986.0,56.0,110.0,166757434.66,0.0,369726.98,1150003459.0580955
BMW Vehicle Lease Trust 2023-1,2024-09-30,0.0,0.0,0.0,3.0,0.0,0.0,0.0,5696.0,4986.0,56.0,113.0,166757434.66,0.0,369726.98,1150003459.0580955
BMW Vehicle Lease Trust 2023-1,2024-10-31,0.0,0.0,0.0,9.0,0.0,0.0,0.0,5696.0,4986.0,56.0,122.0,166757434.66,0.0,369726.98,1150003459.0580955
BMW Vehicle Lease Trust 2023-1,2024-11-30,0.0,0.0,0.0,3.0,0.0,0.0,0.0,5696.0,4986.0,56.0,125.0,166757434.66,0.0,369726.98,1150003459.0580955
BMW Vehicle Lease Trust 2023-1,2024-12-31,0.0,0.0,0.0,3.0,0.0,0.0,0.0,5696.0,4986.0,56.0,128.0,166757434.66,0.0,369726.98,1150003459.0580955
BMW Vehicle Lease Trust 2023-1,2025-01-31,9836.0,2129.0,82.0,10.0,292422318.78999996,0.0,1201947.8,15532.0,7115.0,138.0,138.0,459179753.4499999,0.0,1571674.78,1150003459.0580955
BMW Vehicle Lease Trust 2023-1,2025-02-28,810.0,97.0,4.0,5.0,25175828.199999996,0.0,107716.62000000001,16342.0,7212.0,142.0,143.0,484355581.6499999,0.0,1679391.4000000001,1150003459.0580955
BMW Vehicle Lease Trust 2023-1,2025-03-31,1052.0,157.0,7.0,2.0,32402721.3,0.0,110500.57,17394.0,7369.0,149.0,145.0,516758302.9499999,0.0,1789891.97,1150003459.0580955
BMW Vehicle Lease Trust 2023-2,2023-08-31,0.0,0.0,0.0,1.0,0.0,0.0,0.0,0.0,0.0,0.0,1.0,0.0,0.0,0.0,1603831059.1126978
BMW Vehicle Lease Trust 2023-2,2023-10-31,18.0,438.0,0.0,9.0,493331.25,0.0,1431.5,18.0,438.0,0.0,10.0,493331.25,0.0,1431.5,1603831059.1126978
BMW Vehicle Lease Trust 2023-2,2023-11-30,46.0,248.0,2.0,8.0,1433151.25,0.0,0.0,64.0,686.0,2.0,18.0,1926482.5,0.0,1431.5,1603831059.1126978
BMW Vehicle Lease Trust 2023-2,2023-12-31,0.0,0.0,0.0,1.0,0.0,0.0,0.0,64.0,686.0,2.0,19.0,1926482.5,0.0,1431.5,1603831059.1126978
BMW Vehicle Lease Trust 2023-2,2024-01-31,407.0,1185.0,9.0,8.0,12043740.15,0.0,16148.900000000001,471.0,1871.0,11.0,27.0,13970222.65,0.0,17580.4,1603831059.1126978
BMW Vehicle Lease Trust 2023-2,2024-02-29,0.0,0.0,0.0,10.0,0.0,0.0,0.0,471.0,1871.0,11.0,37.0,13970222.65,0.0,17580.4,1603831059.1126978
BMW Vehicle Lease Trust 2023-2,2024-03-31,0.0,0.0,0.0,13.0,0.0,0.0,0.0,471.0,1871.0,11.0,50.0,13970222.65,0.0,17580.4,1603831059.1126978
BMW Vehicle Lease Trust 2023-2,2024-04-30,0.0,0.0,0.0,10.0,0.0,0.0,0.0,471.0,1871.0,11.0,60.0,13970222.65,0.0,17580.4,1603831059.1126978
BMW Vehicle Lease Trust 2023-2,2024-05-31,0.0,0.0,0.0,5.0,0.0,0.0,0.0,471.0,1871.0,11.0,65.0,13970222.65,0.0,17580.4,1603831059.1126978
BMW Vehicle Lease Trust 2023-2,2024-06-30,0.0,0.0,0.0,6.0,0.0,0.0,0.0,471.0,1871.0,11.0,71.0,13970222.65,0.0,17580.4,1603831059.1126978
BMW Vehicle Lease Trust 2023-2,2024-07-31,0.0,0.0,0.0,8.0,0.0,0.0,0.0,471.0,1871.0,11.0,79.0,13970222.65,0.0,17580.4,1603831059.1126978
BMW Vehicle Lease Trust 2023-2,2024-08-31,0.0,0.0,0.0,9.0,0.0,0.0,0.0,471.0,1871.0,11.0,88.0,13970222.65,0.0,17580.4,1603831059.1126978
BMW Vehicle Lease Trust 2023-2,2024-09-30,0.0,0.0,0.0,13.0,0.0,0.0,0.0,471.0,1871.0,11.0,101.0,13970222.65,0.0,17580.4,1603831059.1126978
BMW Vehicle Lease Trust 2023-2,2024-10-31,0.0,0.0,0.0,10.0,0.0,0.0,0.0,471.0,1871.0,11.0,111.0,13970222.65,0.0,17580.4,1603831059.1126978
BMW Vehicle Lease Trust 2023-2,2024-11-30,0.0,0.0,0.0,6.0,0.0,0.0,0.0,471.0,1871.0,11.0,117.0,13970222.65,0.0,17580.4,1603831059.1126978
BMW Vehicle Lease Trust 2023-2,2024-12-31,0.0,0.0,0.0,8.0,0.0,0.0,0.0,471.0,1871.0,11.0,125.0,13970222.65,0.0,17580.4,1603831059.1126978
BMW Vehicle Lease Trust 2023-2,2025-01-31,10493.0,2752.0,78.0,8.0,309029879.07,0.0,996590.61,10964.0,4623.0,89.0,133.0,323000101.71999997,0.0,1014171.01,1603831059.1126978
BMW Vehicle Lease Trust 2023-2,2025-02-28,715.0,179.0,10.0,10.0,22333132.2,0.0,96859.51000000001,11679.0,4802.0,99.0,143.0,345333233.91999996,0.0,1111030.52,1603831059.1126978
BMW Vehicle Lease Trust 2023-2,2025-03-31,824.0,267.0,11.0,10.0,26488712.45,0.0,122498.15,12503.0,5069.0,110.0,153.0,371821946.36999995,0.0,1233528.67,1603831059.1126978
BMW Vehicle Lease Trust 2023-2,2025-04-30,705.0,363.0,19.0,10.0,23611585.45,0.0,131021.87,13208.0,5432.0,129.0,163.0,395433531.82,0.0,1364550.54,1603831059.1126978
BMW Vehicle Lease Trust 2023-2,2025-05-31,551.0,336.0,17.0,6.0,18750989.2,0.0,70883.38,13759.0,5768.0,146.0,169.0,414184521.02,0.0,1435433.92,1603831059.1126978
BMW Vehicle Lease Trust 2023-2,2025-06-30,510.0,325.0,13.0,8.0,17784988.5,0.0,73606.29000000001,14269.0,6093.0,159.0,177.0,431969509.52,0.0,1509040.21,1603831059.1126978
BMW Vehicle Lease Trust 2023-2,2025-07-31,548.0,358.0,12.0,5.0,18488752.950000003,0.0,44566.899999999994,14817.0,6451.0,171.0,182.0,450458262.46999997,0.0,1553607.11,1603831059.1126978
BMW Vehicle Lease Trust 2023-2,2025-08-31,494.0,292.0,12.0,2.0,17029722.3,0.0,48335.16,15311.0,6743.0,183.0,184.0,467487984.77,0.0,1601942.27,1603831059.1126978
BMW Vehicle Lease Trust 2023-2,2025-09-30,638.0,274.0,17.0,9.0,21823164.55,0.0,57101.16,15949.0,7017.0,200.0,193.0,489311149.32,0.0,1659043.43,1603831059.1126978
BMW Vehicle Lease Trust 2023-2,2025-10-31,752.0,208.0,17.0,3.0,25827676.25,0.0,71638.29999999999,16701.0,7225.0,217.0,196.0,515138825.57,0.0,1730681.73,1603831059.1126978
BMW Vehicle Lease Trust 2023-2,2025-11-30,694.0,163.0,6.0,6.0,23595623.6,0.0,38181.11,17395.0,7388.0,223.0,202.0,538734449.17,0.0,1768862.84,1603831059.1126978
BMW Vehicle Lease Trust 2024-1,2023-12-31,0.0,0.0,0.0,0.0,0.0,0.0,0.0,0.0,0.0,0.0,0.0,0.0,0.0,0.0,1662178091.4192076
BMW Vehicle Lease Trust 2024-1,2024-02-29,0.0,0.0,0.0,14.0,0.0,0.0,0.0,0.0,0.0,0.0,14.0,0.0,0.0,0.0,1662178091.4192076
BMW Vehicle Lease Trust 2024-1,2024-03-31,0.0,0.0,0.0,7.0,0.0,0.0,0.0,0.0,0.0,0.0,21.0,0.0,0.0,0.0,1662178091.4192076
BMW Vehicle Lease Trust 2024-1,2024-04-30,0.0,0.0,0.0,8.0,0.0,0.0,0.0,0.0,0.0,0.0,29.0,0.0,0.0,0.0,1662178091.4192076
BMW Vehicle Lease Trust 2024-1,2024-05-31,0.0,0.0,0.0,8.0,0.0,0.0,0.0,0.0,0.0,0.0,37.0,0.0,0.0,0.0,1662178091.4192076
BMW Vehicle Lease Trust 2024-1,2024-06-30,0.0,0.0,0.0,9.0,0.0,0.0,0.0,0.0,0.0,0.0,46.0,0.0,0.0,0.0,1662178091.4192076
BMW Vehicle Lease Trust 2024-1,2024-07-31,0.0,0.0,0.0,14.0,0.0,0.0,0.0,0.0,0.0,0.0,60.0,0.0,0.0,0.0,1662178091.4192076
BMW Vehicle Lease Trust 2024-1,2024-08-31,0.0,0.0,0.0,8.0,0.0,0.0,0.0,0.0,0.0,0.0,68.0,0.0,0.0,0.0,1662178091.4192076
BMW Vehicle Lease Trust 2024-1,2024-09-30,0.0,0.0,0.0,6.0,0.0,0.0,0.0,0.0,0.0,0.0,74.0,0.0,0.0,0.0,1662178091.4192076
BMW Vehicle Lease Trust 2024-1,2024-10-31,0.0,0.0,0.0,9.0,0.0,0.0,0.0,0.0,0.0,0.0,83.0,0.0,0.0,0.0,1662178091.4192076
BMW Vehicle Lease Trust 2024-1,2024-11-30,0.0,0.0,0.0,8.0,0.0,0.0,0.0,0.0,0.0,0.0,91.0,0.0,0.0,0.0,1662178091.4192076
BMW Vehicle Lease Trust 2024-1,2024-12-31,0.0,0.0,0.0,5.0,0.0,0.0,0.0,0.0,0.0,0.0,96.0,0.0,0.0,0.0,1662178091.4192076
BMW Vehicle Lease Trust 2024-1,2025-01-31,2426.0,2350.0,42.0,9.0,73051625.15,0.0,298614.28,2426.0,2350.0,42.0,105.0,73051625.15,0.0,298614.28,1662178091.4192076
BMW Vehicle Lease Trust 2024-1,2025-02-28,0.0,0.0,0.0,7.0,0.0,0.0,0.0,2426.0,2350.0,42.0,112.0,73051625.15,0.0,298614.28,1662178091.4192076
BMW Vehicle Lease Trust 2024-1,2025-03-31,0.0,0.0,0.0,6.0,0.0,0.0,0.0,2426.0,2350.0,42.0,118.0,73051625.15,0.0,298614.28,1662178091.4192076
BMW Vehicle Lease Trust 2024-1,2025-04-30,0.0,0.0,0.0,9.0,0.0,0.0,0.0,2426.0,2350.0,42.0,127.0,73051625.15,0.0,298614.28,1662178091.4192076
BMW Vehicle Lease Trust 2024-1,2025-05-31,0.0,0.0,0.0,7.0,0.0,0.0,0.0,2426.0,2350.0,42.0,134.0,73051625.15,0.0,298614.28,1662178091.4192076
BMW Vehicle Lease Trust 2024-1,2025-06-30,0.0,0.0,0.0,6.0,0.0,0.0,0.0,2426.0,2350.0,42.0,140.0,73051625.15,0.0,298614.28,1662178091.4192076
BMW Vehicle Lease Trust 2024-1,2025-07-31,0.0,0.0,0.0,11.0,0.0,0.0,0.0,2426.0,2350.0,42.0,151.0,73051625.15,0.0,298614.28,1662178091.4192076
BMW Vehicle Lease Trust 2024-1,2025-08-31,0.0,0.0,0.0,10.0,0.0,0.0,0.0,2426.0,2350.0,42.0,161.0,73051625.15,0.0,298614.28,1662178091.4192076
BMW Vehicle Lease Trust 2024-1,2025-09-30,0.0,0.0,0.0,7.0,0.0,0.0,0.0,2426.0,2350.0,42.0,168.0,73051625.15,0.0,298614.28,1662178091.4192076
BMW Vehicle Lease Trust 2024-1,2025-10-31,0.0,0.0,0.0,6.0,0.0,0.0,0.0,2426.0,2350.0,42.0,174.0,73051625.15,0.0,298614.28,1662178091.4192076
BMW Vehicle Lease Trust 2024-1,2025-11-30,0.0,0.0,0.0,7.0,0.0,0.0,0.0,2426.0,2350.0,42.0,181.0,73051625.15,0.0,298614.28,1662178091.4192076
BMW Vehicle Lease Trust 2024-1,2025-12-31,0.0,0.0,0.0,4.0,0.0,0.0,0.0,2426.0,2350.0,42.0,185.0,73051625.15,0.0,298614.28,1662178091.4192076
BMW Vehicle Lease Trust 2024-1,2026-01-31,5916.0,4533.0,98.0,13.0,197007103.85000002,0.0,507757.7,8342.0,6883.0,140.0,198.0,270058729.0,0.0,806371.98,1662178091.4192076
BMW Vehicle Lease Trust 2024-1,2026-02-28,823.0,286.0,9.0,13.0,28788693.4,0.0,72492.72,9165.0,7169.0,149.0,211.0,298847422.40000004,0.0,878864.7000000001,1662178091.4192076
BMW Vehicle Lease Trust 2024-1,2026-03-31,982.0,374.0,13.0,4.0,35166194.650000006,0.0,64694.31999999999,10147.0,7543.0,162.0,215.0,334013617.05,0.0,943559.02,1662178091.4192076
BMW Vehicle Lease Trust 2024-2,2024-08-31,0.0,0.0,0.0,0.0,0.0,0.0,0.0,0.0,0.0,0.0,0.0,0.0,0.0,0.0,1621071959.349705
BMW Vehicle Lease Trust 2024-2,2024-10-31,0.0,0.0,0.0,10.0,0.0,0.0,0.0,0.0,0.0,0.0,10.0,0.0,0.0,0.0,1621071959.349705
BMW Vehicle Lease Trust 2024-2,2024-11-30,0.0,0.0,0.0,3.0,0.0,0.0,0.0,0.0,0.0,0.0,13.0,0.0,0.0,0.0,1621071959.349705
BMW Vehicle Lease Trust 2024-2,2024-12-31,0.0,0.0,0.0,4.0,0.0,0.0,0.0,0.0,0.0,0.0,17.0,0.0,0.0,0.0,1621071959.349705
BMW Vehicle Lease Trust 2024-2,2025-01-31,185.0,739.0,5.0,6.0,5975189.600000001,0.0,4488.97,185.0,739.0,5.0,23.0,5975189.600000001,0.0,4488.97,1621071959.349705
BMW Vehicle Lease Trust 2024-2,2025-02-28,0.0,0.0,0.0,3.0,0.0,0.0,0.0,185.0,739.0,5.0,26.0,5975189.600000001,0.0,4488.97,1621071959.349705
BMW Vehicle Lease Trust 2024-2,2025-03-31,0.0,0.0,0.0,10.0,0.0,0.0,0.0,185.0,739.0,5.0,36.0,5975189.600000001,0.0,4488.97,1621071959.349705
BMW Vehicle Lease Trust 2024-2,2025-04-30,0.0,0.0,0.0,5.0,0.0,0.0,0.0,185.0,739.0,5.0,41.0,5975189.600000001,0.0,4488.97,1621071959.349705
BMW Vehicle Lease Trust 2024-2,2025-05-31,0.0,0.0,0.0,5.0,0.0,0.0,0.0,185.0,739.0,5.0,46.0,5975189.600000001,0.0,4488.97,1621071959.349705
BMW Vehicle Lease Trust 2024-2,2025-06-30,0.0,0.0,0.0,7.0,0.0,0.0,0.0,185.0,739.0,5.0,53.0,5975189.600000001,0.0,4488.97,1621071959.349705
BMW Vehicle Lease Trust 2024-2,2025-07-31,0.0,0.0,0.0,8.0,0.0,0.0,0.0,185.0,739.0,5.0,61.0,5975189.600000001,0.0,4488.97,1621071959.349705
BMW Vehicle Lease Trust 2024-2,2025-08-31,0.0,0.0,0.0,7.0,0.0,0.0,0.0,185.0,739.0,5.0,68.0,5975189.600000001,0.0,4488.97,1621071959.349705
BMW Vehicle Lease Trust 2024-2,2025-09-30,0.0,0.0,0.0,8.0,0.0,0.0,0.0,185.0,739.0,5.0,76.0,5975189.600000001,0.0,4488.97,1621071959.349705
BMW Vehicle Lease Trust 2024-2,2025-10-31,0.0,0.0,0.0,7.0,0.0,0.0,0.0,185.0,739.0,5.0,83.0,5975189.600000001,0.0,4488.97,1621071959.349705
BMW Vehicle Lease Trust 2024-2,2025-11-30,0.0,0.0,0.0,7.0,0.0,0.0,0.0,185.0,739.0,5.0,90.0,5975189.600000001,0.0,4488.97,1621071959.349705
BMW Vehicle Lease Trust 2024-2,2025-12-31,0.0,1.0,0.0,6.0,0.0,0.0,0.0,185.0,740.0,5.0,96.0,5975189.600000001,0.0,4488.97,1621071959.349705
BMW Vehicle Lease Trust 2024-2,2026-01-31,2877.0,2663.0,89.0,6.0,96933731.15,0.0,286301.66000000003,3062.0,3403.0,94.0,102.0,102908920.75,0.0,290790.63,1621071959.349705
BMW Vehicle Lease Trust 2024-2,2026-02-28,314.0,249.0,11.0,10.0,11540406.45,0.0,51070.05,3376.0,3652.0,105.0,112.0,114449327.2,0.0,341860.68,1621071959.349705
BMW Vehicle Lease Trust 2024-2,2026-03-31,378.0,363.0,12.0,9.0,14917391.8,0.0,76514.86,3754.0,4015.0,117.0,121.0,129366719.0,0.0,418375.54000000004,1621071959.349705
BMW Vehicle Lease Trust 2025-1,2025-04-30,0.0,0.0,0.0,0.0,0.0,0.0,0.0,0.0,0.0,0.0,0.0,0.0,0.0,0.0,1704806824.0263152
BMW Vehicle Lease Trust 2025-1,2025-06-30,0.0,0.0,0.0,18.0,0.0,0.0,0.0,0.0,0.0,0.0,18.0,0.0,0.0,0.0,1704806824.0263152
BMW Vehicle Lease Trust 2025-1,2025-07-31,0.0,0.0,0.0,6.0,0.0,0.0,0.0,0.0,0.0,0.0,24.0,0.0,0.0,0.0,1704806824.0263152
BMW Vehicle Lease Trust 2025-1,2025-08-31,0.0,0.0,0.0,5.0,0.0,0.0,0.0,0.0,0.0,0.0,29.0,0.0,0.0,0.0,1704806824.0263152
BMW Vehicle Lease Trust 2025-1,2025-09-30,0.0,0.0,0.0,13.0,0.0,0.0,0.0,0.0,0.0,0.0,42.0,0.0,0.0,0.0,1704806824.0263152
BMW Vehicle Lease Trust 2025-1,2025-10-31,0.0,0.0,0.0,7.0,0.0,0.0,0.0,0.0,0.0,0.0,49.0,0.0,0.0,0.0,1704806824.0263152
BMW Vehicle Lease Trust 2025-1,2025-11-30,0.0,0.0,0.0,4.0,0.0,0.0,0.0,0.0,0.0,0.0,53.0,0.0,0.0,0.0,1704806824.0263152
BMW Vehicle Lease Trust 2025-1,2025-12-31,0.0,1.0,0.0,4.0,0.0,0.0,0.0,0.0,1.0,0.0,57.0,0.0,0.0,0.0,1704806824.0263152
BMW Vehicle Lease Trust 2025-1,2026-01-31,868.0,2104.0,30.0,5.0,28580500.200000003,0.0,67203.01,868.0,2105.0,30.0,62.0,28580500.200000003,0.0,67203.01,1704806824.0263152
BMW Vehicle Lease Trust 2025-1,2026-02-28,199.0,227.0,4.0,6.0,6956658.9,0.0,21525.28,1067.0,2332.0,34.0,68.0,35537159.1,0.0,88728.29,1704806824.0263152
BMW Vehicle Lease Trust 2025-1,2026-03-31,206.0,337.0,8.0,7.0,7237580.15,0.0,10748.1,1273.0,2669.0,42.0,75.0,42774739.25,0.0,99476.39,1704806824.0263152
BMW Vehicle Lease Trust 2025-2,2025-08-31,0.0,0.0,0.0,0.0,0.0,0.0,0.0,0.0,0.0,0.0,0.0,0.0,0.0,0.0,1550469031.3992047
BMW Vehicle Lease Trust 2025-2,2025-10-31,0.0,0.0,0.0,11.0,0.0,0.0,0.0,0.0,0.0,0.0,11.0,0.0,0.0,0.0,1550469031.3992047
BMW Vehicle Lease Trust 2025-2,2025-11-30,0.0,0.0,0.0,6.0,0.0,0.0,0.0,0.0,0.0,0.0,17.0,0.0,0.0,0.0,1550469031.3992047
BMW Vehicle Lease Trust 2025-2,2025-12-31,0.0,0.0,0.0,3.0,0.0,0.0,0.0,0.0,0.0,0.0,20.0,0.0,0.0,0.0,1550469031.3992047
BMW Vehicle Lease Trust 2025-2,2026-01-31,378.0,1185.0,11.0,5.0,13090155.25,0.0,7461.700000000001,378.0,1185.0,11.0,25.0,13090155.25,0.0,7461.700000000001,1550469031.3992047
BMW Vehicle Lease Trust 2025-2,2026-02-28,191.0,223.0,6.0,5.0,6544536.399999999,0.0,12477.33,569.0,1408.0,17.0,30.0,19634691.65,0.0,19939.03,1550469031.3992047
BMW Vehicle Lease Trust 2025-2,2026-03-31,301.0,291.0,10.0,10.0,11013886.3,0.0,11850.099999999999,870.0,1699.0,27.0,40.0,30648577.95,0.0,31789.129999999997,1550469031.3992047
BMW Vehicle Lease Trust 2026-1,2026-02-28,0.0,0.0,0.0,0.0,0.0,0.0,0.0,0.0,0.0,0.0,0.0,0.0,0.0,0.0,1903811535.8401005
