series,reporting_period_end_date,lease_count_current,lease_count_30_59,lease_count_60_plus,balance
GM Financial Automobile Leasing Trust 2017-1,01-31-2017,53716,964,0,1779403355.869992
GM Financial Automobile Leasing Trust 2017-1,01-31-2018,47330,1097,383,1389388276.9799886
GM Financial Automobile Leasing Trust 2017-1,01-31-2019,31232,595,262,809132123.3200078
GM Financial Automobile Leasing Trust 2017-1,02-28-2017,54242,280,2,1754196074.9700043
GM Financial Automobile Leasing Trust 2017-1,02-28-2018,47385,487,190,1353009663.7300014
GM Financial Automobile Leasing Trust 2017-1,02-28-2019,30178,316,125,763914329.0600039
GM Financial Automobile Leasing Trust 2017-1,03-31-2017,53427,818,26,1725170854.6499882
GM Financial Automobile Leasing Trust 2017-1,03-31-2018,45366,1070,147,1297824712.5699983
GM Financial Automobile Leasing Trust 2017-1,03-31-2019,28058,592,118,706256745.4300025
GM Financial Automobile Leasing Trust 2017-1,04-30-2017,53600,208,133,1697285550.2499974
GM Financial Automobile Leasing Trust 2017-1,04-30-2018,44885,284,301,1254531062.4899993
GM Financial Automobile Leasing Trust 2017-1,04-30-2019,26387,187,191,648958061.8300027
GM Financial Automobile Leasing Trust 2017-1,05-31-2017,52432,966,162,1666521099.4099936
GM Financial Automobile Leasing Trust 2017-1,05-31-2018,42506,1086,302,1199975571.4800022
GM Financial Automobile Leasing Trust 2017-1,05-31-2019,23725,474,174,583088677.080002
GM Financial Automobile Leasing Trust 2017-1,06-30-2017,52615,254,178,1631899368.53001
GM Financial Automobile Leasing Trust 2017-1,06-30-2018,41694,306,311,1146125855.3900068
GM Financial Automobile Leasing Trust 2017-1,06-30-2019,21688,193,196,521453202.9499972
GM Financial Automobile Leasing Trust 2017-1,07-31-2017,51372,982,210,1598222981.9500017
GM Financial Automobile Leasing Trust 2017-1,07-31-2018,39495,878,311,1092275995.1600013
GM Financial Automobile Leasing Trust 2017-1,07-31-2019,18671,407,183,450755996.9200015
GM Financial Automobile Leasing Trust 2017-1,08-31-2017,50811,924,221,1562674164.0000086
GM Financial Automobile Leasing Trust 2017-1,08-31-2018,38054,817,271,1039716914.9200097
GM Financial Automobile Leasing Trust 2017-1,08-31-2019,15604,356,157,373928182.40999967
GM Financial Automobile Leasing Trust 2017-1,09-30-2017,50835,278,231,1529048258.0999985
GM Financial Automobile Leasing Trust 2017-1,09-30-2018,37367,252,279,996934693.9400015
GM Financial Automobile Leasing Trust 2017-1,09-30-2019,13136,147,140,310450142.87999994
GM Financial Automobile Leasing Trust 2017-1,10-31-2017,49440,1021,218,1491947251.4999926
GM Financial Automobile Leasing Trust 2017-1,10-31-2018,35296,800,245,946562358.8299973
GM Financial Automobile Leasing Trust 2017-1,10-31-2019,9504,271,122,228213698.14000008
GM Financial Automobile Leasing Trust 2017-1,11-30-2017,49458,297,254,1455897057.8700032
GM Financial Automobile Leasing Trust 2017-1,11-30-2018,34349,240,259,897697862.670005
GM Financial Automobile Leasing Trust 2017-1,12-31-2017,47891,1163,328,1420740787.7099867
GM Financial Automobile Leasing Trust 2017-1,12-31-2018,32525,733,282,855266568.240004
GM Financial Automobile Leasing Trust 2017-2,01-31-2018,49809,631,253,1515983931.3200068
GM Financial Automobile Leasing Trust 2017-2,01-31-2019,38453,539,248,1017871926.5999985
GM Financial Automobile Leasing Trust 2017-2,01-31-2020,12153,293,123,282048544.01999927
GM Financial Automobile Leasing Trust 2017-2,02-28-2018,49633,566,228,1489428869.8900058
GM Financial Automobile Leasing Trust 2017-2,02-28-2019,36889,452,206,963966537.8900037
GM Financial Automobile Leasing Trust 2017-2,02-29-2020,9573,203,79,219596404.70000017
GM Financial Automobile Leasing Trust 2017-2,03-31-2018,48791,640,191,1446508641.2499933
GM Financial Automobile Leasing Trust 2017-2,03-31-2019,34968,452,137,899474397.6499932
GM Financial Automobile Leasing Trust 2017-2,04-30-2017,53085,0,0,1766766879.2999818
GM Financial Automobile Leasing Trust 2017-2,04-30-2018,48260,590,226,1414258478.120009
GM Financial Automobile Leasing Trust 2017-2,04-30-2019,33111,372,159,839791071.4200006
GM Financial Automobile Leasing Trust 2017-2,05-31-2017,52608,345,22,1742375158.5000157
GM Financial Automobile Leasing Trust 2017-2,05-31-2018,47420,712,224,1377125057.5800014
GM Financial Automobile Leasing Trust 2017-2,05-31-2019,31172,446,157,782047516.0899957
GM Financial Automobile Leasing Trust 2017-2,06-30-2017,52439,304,56,1715806926.550016
GM Financial Automobile Leasing Trust 2017-2,06-30-2018,46589,590,228,1334262337.719998
GM Financial Automobile Leasing Trust 2017-2,06-30-2019,29534,410,185,730894180.8499982
GM Financial Automobile Leasing Trust 2017-2,07-31-2017,52086,426,71,1688633404.6599917
GM Financial Automobile Leasing Trust 2017-2,07-31-2018,45662,652,221,1294811531.5399969
GM Financial Automobile Leasing Trust 2017-2,07-31-2019,27202,447,203,666847092.7800003
GM Financial Automobile Leasing Trust 2017-2,08-31-2017,51733,454,108,1659908195.170008
GM Financial Automobile Leasing Trust 2017-2,08-31-2018,44723,587,185,1250589730.9299994
GM Financial Automobile Leasing Trust 2017-2,08-31-2019,24923,429,191,603377779.4899963
GM Financial Automobile Leasing Trust 2017-2,09-30-2017,51374,473,127,1631515101.2200027
GM Financial Automobile Leasing Trust 2017-2,09-30-2018,43831,555,196,1210309239.6800098
GM Financial Automobile Leasing Trust 2017-2,09-30-2019,22894,333,207,547688459.8400023
GM Financial Automobile Leasing Trust 2017-2,10-31-2017,50872,569,123,1598798664.5200045
GM Financial Automobile Leasing Trust 2017-2,10-31-2018,42642,586,207,1164520587.5600026
GM Financial Automobile Leasing Trust 2017-2,10-31-2019,20173,376,187,479291728.7799976
GM Financial Automobile Leasing Trust 2017-2,11-30-2017,50612,477,145,1569886348.6300035
GM Financial Automobile Leasing Trust 2017-2,11-30-2018,41379,492,220,1116111749.4100013
GM Financial Automobile Leasing Trust 2017-2,11-30-2019,17782,336,178,418963077.8300013
GM Financial Automobile Leasing Trust 2017-2,12-31-2017,50050,643,203,1540267776.2000124
GM Financial Automobile Leasing Trust 2017-2,12-31-2018,39979,623,270,1071776801.0600039
GM Financial Automobile Leasing Trust 2017-2,12-31-2019,15239,337,157,355461477.84999835
GM Financial Automobile Leasing Trust 2017-3,01-31-2018,43393,592,180,1294979980.0800061
GM Financial Automobile Leasing Trust 2017-3,01-31-2019,34387,440,198,905166631.5599966
GM Financial Automobile Leasing Trust 2017-3,01-31-2020,11453,201,94,272016168.1600002
GM Financial Automobile Leasing Trust 2017-3,02-28-2018,43493,333,97,1272635071.4599988
GM Financial Automobile Leasing Trust 2017-3,02-28-2019,33146,261,113,861413045.1999984
GM Financial Automobile Leasing Trust 2017-3,02-29-2020,9729,126,51,228316758.6899999
GM Financial Automobile Leasing Trust 2017-3,03-31-2018,42635,578,82,1239635234.429995
GM Financial Automobile Leasing Trust 2017-3,03-31-2019,30785,489,90,801070426.499992
GM Financial Automobile Leasing Trust 2017-3,03-31-2020,8113,208,59,192252631.99999967
GM Financial Automobile Leasing Trust 2017-3,04-30-2018,42423,232,148,1212241095.6599965
GM Financial Automobile Leasing Trust 2017-3,04-30-2019,29157,175,139,748277963.0600052
GM Financial Automobile Leasing Trust 2017-3,04-30-2020,7456,89,76,173083014.63999975
GM Financial Automobile Leasing Trust 2017-3,05-31-2018,41494,613,178,1184331599.5399947
GM Financial Automobile Leasing Trust 2017-3,05-31-2019,27053,325,149,692926475.0400016
GM Financial Automobile Leasing Trust 2017-3,05-31-2020,6012,181,73,142467469.64000002
GM Financial Automobile Leasing Trust 2017-3,06-30-2018,41164,252,181,1152515587.5400052
GM Financial Automobile Leasing Trust 2017-3,06-30-2019,25334,185,131,639294881.2500011
GM Financial Automobile Leasing Trust 2017-3,07-31-2017,44929,356,0,1419989135.2299945
GM Financial Automobile Leasing Trust 2017-3,07-31-2018,40207,529,169,1120679720.2600045
GM Financial Automobile Leasing Trust 2017-3,07-31-2019,22908,348,134,577085004.580002
GM Financial Automobile Leasing Trust 2017-3,08-31-2017,44672,427,38,1399073346.0999973
GM Financial Automobile Leasing Trust 2017-3,08-31-2018,39528,505,159,1088107311.3800046
GM Financial Automobile Leasing Trust 2017-3,08-31-2019,20888,316,130,519573114.18999815
GM Financial Automobile Leasing Trust 2017-3,09-30-2017,44754,178,67,1379880128.6100028
GM Financial Automobile Leasing Trust 2017-3,09-30-2018,39103,206,179,1058105408.7000008
GM Financial Automobile Leasing Trust 2017-3,09-30-2019,19357,139,134,473128721.95999885
GM Financial Automobile Leasing Trust 2017-3,10-31-2017,44293,449,72,1357997439.0800047
GM Financial Automobile Leasing Trust 2017-3,10-31-2018,37902,508,166,1022801832.2499954
GM Financial Automobile Leasing Trust 2017-3,10-31-2019,16954,302,109,414390240.3999989
GM Financial Automobile Leasing Trust 2017-3,11-30-2017,44293,198,102,1336465338.5100071
GM Financial Automobile Leasing Trust 2017-3,11-30-2018,37044,217,171,983133884.0699993
GM Financial Automobile Leasing Trust 2017-3,11-30-2019,15304,169,106,367505661.32999927
GM Financial Automobile Leasing Trust 2017-3,12-31-2017,43608,604,132,1313781922.0799952
GM Financial Automobile Leasing Trust 2017-3,12-31-2018,35687,577,195,948567122.3700006
GM Financial Automobile Leasing Trust 2017-3,12-31-2019,13502,284,110,323739565.8200001
GM Financial Automobile Leasing Trust 2018-1,01-31-2018,55919,407,25,1764064023.9900072
GM Financial Automobile Leasing Trust 2018-1,01-31-2019,51200,440,190,1406380591.2800024
GM Financial Automobile Leasing Trust 2018-1,01-31-2020,24870,290,130,638240741.3899962
GM Financial Automobile Leasing Trust 2018-1,02-28-2018,55894,340,67,1741379043.7999902
GM Financial Automobile Leasing Trust 2018-1,02-28-2019,50393,409,138,1368313386.4599988
GM Financial Automobile Leasing Trust 2018-1,02-29-2020,22726,252,90,578777125.1799979
GM Financial Automobile Leasing Trust 2018-1,03-31-2018,55397,459,91,1709228689.3500075
GM Financial Automobile Leasing Trust 2018-1,03-31-2019,49383,429,127,1325159626.7399979
GM Financial Automobile Leasing Trust 2018-1,03-31-2020,20877,272,101,528337096.0999999
GM Financial Automobile Leasing Trust 2018-1,04-30-2018,55251,351,117,1682255649.520017
GM Financial Automobile Leasing Trust 2018-1,04-30-2019,48385,293,173,1282000092.279998
GM Financial Automobile Leasing Trust 2018-1,04-30-2020,19998,262,125,500046746.8600017
GM Financial Automobile Leasing Trust 2018-1,05-31-2018,54788,560,126,1655196520.5300052
GM Financial Automobile Leasing Trust 2018-1,05-31-2019,46747,388,161,1228941461.8099983
GM Financial Automobile Leasing Trust 2018-1,05-31-2020,18440,279,127,456658505.1699991
GM Financial Automobile Leasing Trust 2018-1,06-30-2018,54690,390,144,1628082982.3100016
GM Financial Automobile Leasing Trust 2018-1,06-30-2019,44693,361,148,1166947233.539999
GM Financial Automobile Leasing Trust 2018-1,06-30-2020,15895,180,115,387292579.7100014
GM Financial Automobile Leasing Trust 2018-1,07-31-2018,54260,490,148,1599356741.7700176
GM Financial Automobile Leasing Trust 2018-1,07-31-2019,41442,425,164,1082704042.460004
GM Financial Automobile Leasing Trust 2018-1,07-31-2020,11992,167,74,289575428.4699987
GM Financial Automobile Leasing Trust 2018-1,08-31-2018,53939,447,128,1568964469.630004
GM Financial Automobile Leasing Trust 2018-1,08-31-2019,38283,426,165,998983378.4899957
GM Financial Automobile Leasing Trust 2018-1,08-31-2020,9254,136,73,221791684.58999833
GM Financial Automobile Leasing Trust 2018-1,09-30-2018,53643,354,149,1539268452.7400017
GM Financial Automobile Leasing Trust 2018-1,09-30-2019,35338,346,174,920932839.2299997
GM Financial Automobile Leasing Trust 2018-1,10-31-2018,53062,477,136,1507872455.470009
GM Financial Automobile Leasing Trust 2018-1,10-31-2019,31781,389,165,830880728.3000071
GM Financial Automobile Leasing Trust 2018-1,11-30-2018,52648,381,139,1476373818.3800044
GM Financial Automobile Leasing Trust 2018-1,11-30-2019,29409,357,163,765215921.4499984
GM Financial Automobile Leasing Trust 2018-1,12-31-2017,56224,145,4,1784220615.690007
GM Financial Automobile Leasing Trust 2018-1,12-31-2018,51896,582,181,1444752423.8900042
GM Financial Automobile Leasing Trust 2018-1,12-31-2019,27227,379,150,704881012.3200024
GM Financial Automobile Leasing Trust 2018-2,01-31-2019,52083,386,134,1496026024.7999985
GM Financial Automobile Leasing Trust 2018-2,01-31-2020,30450,290,107,791421359.2100059
GM Financial Automobile Leasing Trust 2018-2,02-28-2019,51463,154,75,1455713160.1500123
GM Financial Automobile Leasing Trust 2018-2,02-29-2020,28445,157,53,728954931.1900012
GM Financial Automobile Leasing Trust 2018-2,03-31-2019,49919,462,53,1405585115.4399972
GM Financial Automobile Leasing Trust 2018-2,03-31-2020,26555,322,71,678450697.8999991
GM Financial Automobile Leasing Trust 2018-2,04-30-2018,56084,0,0,1777653971.4899998
GM Financial Automobile Leasing Trust 2018-2,04-30-2019,48928,124,106,1356915385.4299977
GM Financial Automobile Leasing Trust 2018-2,04-30-2020,25818,190,117,648943514.9499972
GM Financial Automobile Leasing Trust 2018-2,05-31-2018,55548,356,1,1750530843.2600117
GM Financial Automobile Leasing Trust 2018-2,05-31-2019,47067,368,112,1300461208.8599992
GM Financial Automobile Leasing Trust 2018-2,05-31-2020,24315,261,134,606463389.2099983
GM Financial Automobile Leasing Trust 2018-2,06-30-2018,55560,102,38,1722893818.5600085
GM Financial Automobile Leasing Trust 2018-2,06-30-2019,45555,145,118,1243106829.8100073
GM Financial Automobile Leasing Trust 2018-2,06-30-2020,22112,104,85,542618021.0099986
GM Financial Automobile Leasing Trust 2018-2,07-31-2018,54996,363,59,1693857794.650011
GM Financial Automobile Leasing Trust 2018-2,07-31-2019,42928,407,117,1171352371.5200005
GM Financial Automobile Leasing Trust 2018-2,07-31-2020,18439,178,59,453128261.1200006
GM Financial Automobile Leasing Trust 2018-2,08-31-2018,54648,372,62,1662750647.4800074
GM Financial Automobile Leasing Trust 2018-2,08-31-2019,40841,365,143,1106288615.7900066
GM Financial Automobile Leasing Trust 2018-2,08-31-2020,15654,178,52,383132040.14999914
GM Financial Automobile Leasing Trust 2018-2,09-30-2018,54594,103,79,1633942550.9999964
GM Financial Automobile Leasing Trust 2018-2,09-30-2019,39326,160,119,1050933335.3399969
GM Financial Automobile Leasing Trust 2018-2,09-30-2020,12984,93,54,314357996.4900006
GM Financial Automobile Leasing Trust 2018-2,10-31-2018,53863,440,77,1602002733.61
GM Financial Automobile Leasing Trust 2018-2,10-31-2019,36860,373,126,983273105.4500024
GM Financial Automobile Leasing Trust 2018-2,10-31-2020,9959,104,39,241012831.15999976
GM Financial Automobile Leasing Trust 2018-2,11-30-2018,53662,121,100,1567588522.4999957
GM Financial Automobile Leasing Trust 2018-2,11-30-2019,35119,155,130,924608342.0599992
GM Financial Automobile Leasing Trust 2018-2,12-31-2018,52740,514,118,1534238236.7499976
GM Financial Automobile Leasing Trust 2018-2,12-31-2019,32736,399,145,860890407.6000023
GM Financial Automobile Leasing Trust 2018-3,01-31-2019,53713,275,76,1575373181.6599975
GM Financial Automobile Leasing Trust 2018-3,01-31-2020,34823,225,95,923398300.7599974
GM Financial Automobile Leasing Trust 2018-3,02-28-2019,53014,148,44,1535957745.3300023
GM Financial Automobile Leasing Trust 2018-3,02-29-2020,32968,160,58,865271850.6700068
GM Financial Automobile Leasing Trust 2018-3,03-31-2019,51630,315,39,1485567186.1499996
GM Financial Automobile Leasing Trust 2018-3,03-31-2020,31147,290,59,813253849.3100073
GM Financial Automobile Leasing Trust 2018-3,04-30-2019,50595,111,79,1438102370.6300018
GM Financial Automobile Leasing Trust 2018-3,04-30-2020,30397,230,91,782621627.6999956
GM Financial Automobile Leasing Trust 2018-3,05-31-2019,48832,249,84,1381381556.3599963
GM Financial Automobile Leasing Trust 2018-3,05-31-2020,29051,270,134,741593645.7899969
GM Financial Automobile Leasing Trust 2018-3,06-30-2019,47369,147,86,1326916892.4199777
GM Financial Automobile Leasing Trust 2018-3,06-30-2020,27138,116,95,681841680.8100054
GM Financial Automobile Leasing Trust 2018-3,07-31-2018,56655,0,0,1770221408.9299865
GM Financial Automobile Leasing Trust 2018-3,07-31-2019,45352,302,126,1266321610.2299979
GM Financial Automobile Leasing Trust 2018-3,07-31-2020,24018,159,59,601157946.9500015
GM Financial Automobile Leasing Trust 2018-3,08-31-2018,56239,178,2,1740428962.110002
GM Financial Automobile Leasing Trust 2018-3,08-31-2019,43697,272,119,1209266310.8900056
GM Financial Automobile Leasing Trust 2018-3,08-31-2020,21670,153,55,537700949.4200033
GM Financial Automobile Leasing Trust 2018-3,09-30-2018,56037,77,23,1711934148.5800061
GM Financial Automobile Leasing Trust 2018-3,09-30-2019,42230,143,98,1155884506.4499998
GM Financial Automobile Leasing Trust 2018-3,09-30-2020,19206,101,51,470358493.70999956
GM Financial Automobile Leasing Trust 2018-3,10-31-2018,55423,287,38,1680364548.7299886
GM Financial Automobile Leasing Trust 2018-3,10-31-2019,40118,281,102,1093791266.560004
GM Financial Automobile Leasing Trust 2018-3,10-31-2020,16456,114,37,400034403.44999933
GM Financial Automobile Leasing Trust 2018-3,11-30-2018,55168,101,52,1647988686.829996
GM Financial Automobile Leasing Trust 2018-3,11-30-2019,38598,166,120,1041511738.2199893
GM Financial Automobile Leasing Trust 2018-3,11-30-2020,14406,82,31,346403845.2400002
GM Financial Automobile Leasing Trust 2018-3,12-31-2018,54395,367,74,1614900936.1000073
GM Financial Automobile Leasing Trust 2018-3,12-31-2019,36818,312,96,986212601.4300005
GM Financial Automobile Leasing Trust 2018-3,12-31-2020,12297,100,31,292091031.8100021
GM Financial Automobile Leasing Trust 2019-1,01-31-2019,54860,9,2,1706376885.179997
GM Financial Automobile Leasing Trust 2019-1,01-31-2020,43839,170,74,1212107686.9000037
GM Financial Automobile Leasing Trust 2019-1,01-31-2021,21696,108,52,534910849.3100006
GM Financial Automobile Leasing Trust 2019-1,02-28-2019,54525,80,3,1678652034.6300051
GM Financial Automobile Leasing Trust 2019-1,02-28-2021,19801,92,49,483366215.3099996
GM Financial Automobile Leasing Trust 2019-1,02-29-2020,42650,153,56,1166844286.8599942
GM Financial Automobile Leasing Trust 2019-1,03-31-2019,54122,97,21,1647113153.7399883
GM Financial Automobile Leasing Trust 2019-1,03-31-2020,41551,162,56,1124568755.5200014
GM Financial Automobile Leasing Trust 2019-1,03-31-2021,17455,91,36,422085253.4700002
GM Financial Automobile Leasing Trust 2019-1,04-30-2019,53685,89,36,1615365881.999978
GM Financial Automobile Leasing Trust 2019-1,04-30-2020,40911,226,74,1095177863.1999972
GM Financial Automobile Leasing Trust 2019-1,04-30-2021,14831,65,33,355647178.77000105
GM Financial Automobile Leasing Trust 2019-1,05-31-2019,53055,116,37,1579477251.0800095
GM Financial Automobile Leasing Trust 2019-1,05-31-2020,39815,216,98,1054708872.500006
GM Financial Automobile Leasing Trust 2019-1,05-31-2021,12287,94,29,293611805.17999953
GM Financial Automobile Leasing Trust 2019-1,06-30-2019,52400,110,34,1542836451.4199924
GM Financial Automobile Leasing Trust 2019-1,06-30-2020,37912,134,83,993255932.9800055
GM Financial Automobile Leasing Trust 2019-1,07-31-2019,51350,150,52,1499279148.2499924
GM Financial Automobile Leasing Trust 2019-1,07-31-2020,34859,129,55,909218482.6400003
GM Financial Automobile Leasing Trust 2019-1,08-31-2019,50221,146,61,1452773822.1999996
GM Financial Automobile Leasing Trust 2019-1,08-31-2020,32510,131,66,841937208.6200013
GM Financial Automobile Leasing Trust 2019-1,09-30-2019,49042,186,65,1407458517.2299876
GM Financial Automobile Leasing Trust 2019-1,09-30-2020,30020,110,58,770300205.639997
GM Financial Automobile Leasing Trust 2019-1,10-31-2019,47602,204,80,1355876879.2000003
GM Financial Automobile Leasing Trust 2019-1,10-31-2020,27457,130,46,700713260.9600005
GM Financial Automobile Leasing Trust 2019-1,11-30-2019,46436,195,90,1311024962.540004
GM Financial Automobile Leasing Trust 2019-1,11-30-2020,25709,114,43,648509813.2699993
GM Financial Automobile Leasing Trust 2019-1,12-31-2018,55033,6,1,1732352756.3400068
GM Financial Automobile Leasing Trust 2019-1,12-31-2019,45217,223,74,1263528959.2500036
GM Financial Automobile Leasing Trust 2019-1,12-31-2020,23913,130,50,595337307.460002
GM Financial Automobile Leasing Trust 2019-2,01-31-2020,47886,304,115,1363366570.6600015
GM Financial Automobile Leasing Trust 2019-2,01-31-2021,27561,187,81,699245703.8399987
GM Financial Automobile Leasing Trust 2019-2,02-28-2021,25707,181,77,647062822.3500032
GM Financial Automobile Leasing Trust 2019-2,02-29-2020,46856,278,83,1318823978.6299872
GM Financial Automobile Leasing Trust 2019-2,03-31-2019,56670,23,1,1779642298.6500015
GM Financial Automobile Leasing Trust 2019-2,03-31-2020,45842,282,94,1276952351.5299993
GM Financial Automobile Leasing Trust 2019-2,03-31-2021,23551,154,46,585511214.01
GM Financial Automobile Leasing Trust 2019-2,04-30-2019,56440,7,3,1750377013.3400054
GM Financial Automobile Leasing Trust 2019-2,04-30-2020,45188,301,140,1244658478.0
GM Financial Automobile Leasing Trust 2019-2,04-30-2021,21106,126,47,521210637.85999763
GM Financial Automobile Leasing Trust 2019-2,05-31-2019,55861,175,3,1717102698.1599927
GM Financial Automobile Leasing Trust 2019-2,05-31-2020,44280,282,132,1204965066.3799963
GM Financial Automobile Leasing Trust 2019-2,05-31-2021,18778,147,46,460332503.88000286
GM Financial Automobile Leasing Trust 2019-2,06-30-2019,55223,195,51,1681210865.350007
GM Financial Automobile Leasing Trust 2019-2,06-30-2020,42787,197,105,1150425106.4900076
GM Financial Automobile Leasing Trust 2019-2,06-30-2021,16253,101,44,394923698.799999
GM Financial Automobile Leasing Trust 2019-2,07-31-2019,54176,247,72,1635962028.690017
GM Financial Automobile Leasing Trust 2019-2,07-31-2020,40135,230,79,1073943791.6000001
GM Financial Automobile Leasing Trust 2019-2,07-31-2021,14123,124,34,340899722.6299994
GM Financial Automobile Leasing Trust 2019-2,08-31-2019,53187,245,104,1590965570.550002
GM Financial Automobile Leasing Trust 2019-2,08-31-2020,38156,221,93,1012656894.7700007
GM Financial Automobile Leasing Trust 2019-2,08-31-2021,12310,118,37,294762860.2799999
GM Financial Automobile Leasing Trust 2019-2,09-30-2019,52339,302,110,1551090717.8499913
GM Financial Automobile Leasing Trust 2019-2,09-30-2020,35922,228,93,945460207.7299984
GM Financial Automobile Leasing Trust 2019-2,10-31-2019,51261,303,106,1504242744.2800062
GM Financial Automobile Leasing Trust 2019-2,10-31-2020,33523,207,73,874757892.2100005
GM Financial Automobile Leasing Trust 2019-2,11-30-2019,50170,338,114,1459739923.4700034
GM Financial Automobile Leasing Trust 2019-2,11-30-2020,31687,229,85,819359510.5899988
GM Financial Automobile Leasing Trust 2019-2,12-31-2019,49093,376,107,1413514802.1999905
GM Financial Automobile Leasing Trust 2019-2,12-31-2020,29790,225,89,762182299.5499985
GM Financial Automobile Leasing Trust 2019-3,01-31-2020,41439,136,43,1210113899.910001
GM Financial Automobile Leasing Trust 2019-3,01-31-2021,28029,98,52,727376458.890002
GM Financial Automobile Leasing Trust 2019-3,02-28-2021,26647,104,30,685536648.6199968
GM Financial Automobile Leasing Trust 2019-3,02-29-2020,40790,132,39,1178441271.8600023
GM Financial Automobile Leasing Trust 2019-3,03-31-2020,40133,168,48,1148384873.2299974
GM Financial Automobile Leasing Trust 2019-3,03-31-2021,24939,94,17,634675269.9900032
GM Financial Automobile Leasing Trust 2019-3,04-30-2020,39768,190,63,1124604314.9600003
GM Financial Automobile Leasing Trust 2019-3,04-30-2021,23022,80,25,581417975.6999987
GM Financial Automobile Leasing Trust 2019-3,05-31-2020,39125,178,60,1093991642.3200004
GM Financial Automobile Leasing Trust 2019-3,05-31-2021,21104,89,27,528446468.5399975
GM Financial Automobile Leasing Trust 2019-3,06-30-2019,45277,0,0,1420945240.200004
GM Financial Automobile Leasing Trust 2019-3,06-30-2020,38104,112,65,1054050008.6100029
GM Financial Automobile Leasing Trust 2019-3,06-30-2021,19111,85,22,473572899.410001
GM Financial Automobile Leasing Trust 2019-3,07-31-2019,45058,27,0,1397847621.5699937
GM Financial Automobile Leasing Trust 2019-3,07-31-2020,36509,111,50,1002992304.9999955
GM Financial Automobile Leasing Trust 2019-3,07-31-2021,17371,101,32,427436621.58999956
GM Financial Automobile Leasing Trust 2019-3,08-31-2019,44641,102,1,1370995852.5500069
GM Financial Automobile Leasing Trust 2019-3,08-31-2020,35219,138,41,958425159.720002
GM Financial Automobile Leasing Trust 2019-3,08-31-2021,15925,88,27,387149545.8900008
GM Financial Automobile Leasing Trust 2019-3,09-30-2019,44225,99,26,1344000693.290007
GM Financial Automobile Leasing Trust 2019-3,09-30-2020,33776,137,53,910698509.9000027
GM Financial Automobile Leasing Trust 2019-3,09-30-2021,14509,73,33,349049769.08999944
GM Financial Automobile Leasing Trust 2019-3,10-31-2019,43476,123,36,1309512377.9500136
GM Financial Automobile Leasing Trust 2019-3,10-31-2020,32174,136,51,860115254.939996
GM Financial Automobile Leasing Trust 2019-3,10-31-2021,13015,99,22,310276158.52000123
GM Financial Automobile Leasing Trust 2019-3,11-30-2019,42859,120,45,1278453461.2900014
GM Financial Automobile Leasing Trust 2019-3,11-30-2020,30979,111,54,818917064.1900014
GM Financial Automobile Leasing Trust 2019-3,11-30-2021,11551,84,35,272126695.0299994
GM Financial Automobile Leasing Trust 2019-3,12-31-2019,42164,150,44,1244295221.0800035
GM Financial Automobile Leasing Trust 2019-3,12-31-2020,29664,165,47,777064594.2300009
GM Financial Automobile Leasing Trust 2019-3,12-31-2021,9883,99,38,231455541.14000013
GM Financial Automobile Leasing Trust 2020-1,01-31-2020,55227,283,2,1760847931.3499923
GM Financial Automobile Leasing Trust 2020-1,01-31-2021,44188,243,70,1249813213.4599998
GM Financial Automobile Leasing Trust 2020-1,01-31-2022,22519,165,50,570997791.2999986
GM Financial Automobile Leasing Trust 2020-1,02-28-2021,42899,215,70,1202828888.1799932
GM Financial Automobile Leasing Trust 2020-1,02-28-2022,20537,116,47,516676233.9500007
GM Financial Automobile Leasing Trust 2020-1,02-29-2020,54941,235,41,1730901060.169986
GM Financial Automobile Leasing Trust 2020-1,03-31-2020,54434,345,64,1699687778.260001
GM Financial Automobile Leasing Trust 2020-1,03-31-2021,41329,193,50,1146498090.4899898
GM Financial Automobile Leasing Trust 2020-1,03-31-2022,17722,139,44,445876616.27000207
GM Financial Automobile Leasing Trust 2020-1,04-30-2020,54128,359,97,1670971021.3100007
GM Financial Automobile Leasing Trust 2020-1,04-30-2021,39421,139,35,1082624694.149998
GM Financial Automobile Leasing Trust 2020-1,04-30-2022,15470,86,43,386752899.0899999
GM Financial Automobile Leasing Trust 2020-1,05-31-2020,53741,325,132,1639756379.919998
GM Financial Automobile Leasing Trust 2020-1,05-31-2021,37248,226,42,1017762755.1899945
GM Financial Automobile Leasing Trust 2020-1,05-31-2022,13158,146,45,329708620.3399989
GM Financial Automobile Leasing Trust 2020-1,06-30-2020,53086,214,110,1599869079.5699825
GM Financial Automobile Leasing Trust 2020-1,06-30-2021,35116,156,47,950106252.3599964
GM Financial Automobile Leasing Trust 2020-1,07-31-2020,51714,247,77,1546618379.5999908
GM Financial Automobile Leasing Trust 2020-1,07-31-2021,33113,171,39,886778333.429998
GM Financial Automobile Leasing Trust 2020-1,08-31-2020,50676,286,91,1502358169.249988
GM Financial Automobile Leasing Trust 2020-1,08-31-2021,31259,182,45,830711667.7199962
GM Financial Automobile Leasing Trust 2020-1,09-30-2020,49498,232,94,1452237698.860001
GM Financial Automobile Leasing Trust 2020-1,09-30-2021,29667,146,46,780347647.760004
GM Financial Automobile Leasing Trust 2020-1,10-31-2020,47939,250,87,1396075253.5299838
GM Financial Automobile Leasing Trust 2020-1,10-31-2021,27947,195,48,729214715.699998
GM Financial Automobile Leasing Trust 2020-1,11-30-2020,46842,225,89,1350683838.479992
GM Financial Automobile Leasing Trust 2020-1,11-30-2021,26329,158,56,679893322.1100003
GM Financial Automobile Leasing Trust 2020-1,12-31-2019,55624,67,12,1789001127.900016
GM Financial Automobile Leasing Trust 2020-1,12-31-2020,45680,271,87,1304077155.669992
GM Financial Automobile Leasing Trust 2020-1,12-31-2021,24375,195,55,623778235.899998
GM Financial Automobile Leasing Trust 2020-2,01-31-2021,50377,151,49,1565598060.1999998
GM Financial Automobile Leasing Trust 2020-2,01-31-2022,34956,190,56,941805249.390001
GM Financial Automobile Leasing Trust 2020-2,02-28-2021,49914,100,45,1532214149.5099957
GM Financial Automobile Leasing Trust 2020-2,02-28-2022,32664,134,30,871683504.9000034
GM Financial Automobile Leasing Trust 2020-2,03-31-2021,49145,155,22,1490896932.1899953
GM Financial Automobile Leasing Trust 2020-2,03-31-2022,29456,159,32,784910818.3200004
GM Financial Automobile Leasing Trust 2020-2,04-30-2020,53179,1,0,1839265832.0500026
GM Financial Automobile Leasing Trust 2020-2,04-30-2021,48299,58,32,1444824375.1000004
GM Financial Automobile Leasing Trust 2020-2,04-30-2022,27040,88,56,715627257.6699951
GM Financial Automobile Leasing Trust 2020-2,05-31-2020,52993,141,1,1815570922.6000092
GM Financial Automobile Leasing Trust 2020-2,05-31-2021,47005,144,29,1392036925.8699877
GM Financial Automobile Leasing Trust 2020-2,05-31-2022,24595,155,53,650519089.3699994
GM Financial Automobile Leasing Trust 2020-2,06-30-2020,52966,53,10,1790174642.4200137
GM Financial Automobile Leasing Trust 2020-2,06-30-2021,45655,69,35,1333413681.1899998
GM Financial Automobile Leasing Trust 2020-2,06-30-2022,22207,84,45,583321882.4700022
GM Financial Automobile Leasing Trust 2020-2,07-31-2020,52739,103,21,1762218624.2700045
GM Financial Automobile Leasing Trust 2020-2,07-31-2021,44304,146,29,1278200521.170009
GM Financial Automobile Leasing Trust 2020-2,07-31-2022,20054,185,50,525630733.7
GM Financial Automobile Leasing Trust 2020-2,08-31-2020,52469,142,21,1733040088.6899927
GM Financial Automobile Leasing Trust 2020-2,08-31-2021,43132,158,36,1228607595.6000044
GM Financial Automobile Leasing Trust 2020-2,08-31-2022,17883,163,52,466719767.5800014
GM Financial Automobile Leasing Trust 2020-2,09-30-2020,52249,73,26,1701831193.900007
GM Financial Automobile Leasing Trust 2020-2,09-30-2021,42055,98,34,1180982654.5100033
GM Financial Automobile Leasing Trust 2020-2,09-30-2022,16007,83,46,413593280.4000021
GM Financial Automobile Leasing Trust 2020-2,10-31-2020,51807,165,25,1668705080.470007
GM Financial Automobile Leasing Trust 2020-2,10-31-2021,40639,160,43,1128540352.6799922
GM Financial Automobile Leasing Trust 2020-2,10-31-2022,14104,151,42,364166036.48000073
GM Financial Automobile Leasing Trust 2020-2,11-30-2020,51489,90,44,1636487200.4200156
GM Financial Automobile Leasing Trust 2020-2,11-30-2021,39080,98,44,1071481817.1100031
GM Financial Automobile Leasing Trust 2020-2,11-30-2022,12368,80,57,316147770.7799995
GM Financial Automobile Leasing Trust 2020-2,12-31-2020,50903,192,36,1601012415.7999954
GM Financial Automobile Leasing Trust 2020-2,12-31-2021,37103,197,36,1007133811.6699975
GM Financial Automobile Leasing Trust 2020-2,12-31-2022,10718,134,49,273121159.3800005
GM Financial Automobile Leasing Trust 2020-3,01-31-2021,66756,232,62,2051617837.7500057
GM Financial Automobile Leasing Trust 2020-3,01-31-2022,45396,230,70,1246696941.9799929
GM Financial Automobile Leasing Trust 2020-3,01-31-2023,16088,189,50,408056789.50000083
GM Financial Automobile Leasing Trust 2020-3,02-28-2021,66103,178,43,2007777886.6400082
GM Financial Automobile Leasing Trust 2020-3,02-28-2022,43065,159,47,1171629846.3999956
GM Financial Automobile Leasing Trust 2020-3,03-31-2021,64861,230,24,1949167520.6899846
GM Financial Automobile Leasing Trust 2020-3,03-31-2022,39802,246,41,1080040531.0900054
GM Financial Automobile Leasing Trust 2020-3,04-30-2021,63078,119,47,1877450595.1400306
GM Financial Automobile Leasing Trust 2020-3,04-30-2022,37357,112,44,1003010728.3299961
GM Financial Automobile Leasing Trust 2020-3,05-31-2021,60981,229,48,1803172431.3100045
GM Financial Automobile Leasing Trust 2020-3,05-31-2022,34609,245,47,927486020.7399993
GM Financial Automobile Leasing Trust 2020-3,06-30-2021,58944,129,50,1724905443.0499969
GM Financial Automobile Leasing Trust 2020-3,06-30-2022,31966,116,57,850147034.9300009
GM Financial Automobile Leasing Trust 2020-3,07-31-2020,54166,153,7,1788661631.399984
GM Financial Automobile Leasing Trust 2020-3,07-31-2021,56993,208,44,1653658649.3300068
GM Financial Automobile Leasing Trust 2020-3,07-31-2022,29424,240,79,781202417.3200015
GM Financial Automobile Leasing Trust 2020-3,08-31-2020,69198,211,0,2259372451.970011
GM Financial Automobile Leasing Trust 2020-3,08-31-2021,55194,210,48,1587155973.4599922
GM Financial Automobile Leasing Trust 2020-3,08-31-2022,26906,232,77,709707900.3599991
GM Financial Automobile Leasing Trust 2020-3,09-30-2020,68909,121,22,2220623867.8399835
GM Financial Automobile Leasing Trust 2020-3,09-30-2021,53592,139,59,1524565707.3500004
GM Financial Automobile Leasing Trust 2020-3,09-30-2022,24769,96,83,645508660.3000019
GM Financial Automobile Leasing Trust 2020-3,10-31-2020,68355,235,31,2178245712.790001
GM Financial Automobile Leasing Trust 2020-3,10-31-2021,51634,241,49,1456311439.1599956
GM Financial Automobile Leasing Trust 2020-3,10-31-2022,22470,202,77,583629166.1100007
GM Financial Automobile Leasing Trust 2020-3,11-30-2020,68045,137,51,2140418785.1899931
GM Financial Automobile Leasing Trust 2020-3,11-30-2021,49876,138,62,1391135788.980003
GM Financial Automobile Leasing Trust 2020-3,11-30-2022,20405,107,80,524196879.88999796
GM Financial Automobile Leasing Trust 2020-3,12-31-2020,67351,310,43,2096521693.1300197
GM Financial Automobile Leasing Trust 2020-3,12-31-2021,47554,273,73,1317882179.830013
GM Financial Automobile Leasing Trust 2020-3,12-31-2022,18195,203,63,465282688.6499982
GM Financial Automobile Leasing Trust 2021-1,01-31-2021,63011,128,0,2062448793.62999
GM Financial Automobile Leasing Trust 2021-1,01-31-2022,48087,176,56,1390588071.770004
GM Financial Automobile Leasing Trust 2021-1,01-31-2023,24417,171,52,640004000.249996
GM Financial Automobile Leasing Trust 2021-1,02-28-2021,62621,143,12,2026882516.1899846
GM Financial Automobile Leasing Trust 2021-1,02-28-2022,46374,190,36,1329350966.4599946
GM Financial Automobile Leasing Trust 2021-1,02-28-2023,22482,140,48,584504485.9899994
GM Financial Automobile Leasing Trust 2021-1,03-31-2021,61911,115,20,1979921568.5400038
GM Financial Automobile Leasing Trust 2021-1,03-31-2022,44163,175,31,1255169996.160005
GM Financial Automobile Leasing Trust 2021-1,03-31-2023,20058,138,41,518230122.6500003
GM Financial Automobile Leasing Trust 2021-1,04-30-2021,60783,96,23,1923459850.339983
GM Financial Automobile Leasing Trust 2021-1,04-30-2022,42320,133,43,1191571671.110006
GM Financial Automobile Leasing Trust 2021-1,04-30-2023,17962,104,51,461030312.35000086
GM Financial Automobile Leasing Trust 2021-1,05-31-2021,59469,122,32,1864795916.4399858
GM Financial Automobile Leasing Trust 2021-1,05-31-2022,40206,211,41,1125266587.7099986
GM Financial Automobile Leasing Trust 2021-1,05-31-2023,15564,140,51,397650709.8099998
GM Financial Automobile Leasing Trust 2021-1,06-30-2021,57936,118,25,1799269237.1600022
GM Financial Automobile Leasing Trust 2021-1,06-30-2022,38112,174,66,1058809153.5400026
GM Financial Automobile Leasing Trust 2021-1,06-30-2023,13195,98,38,334619862.45999986
GM Financial Automobile Leasing Trust 2021-1,07-31-2021,56555,130,31,1738803136.7699976
GM Financial Automobile Leasing Trust 2021-1,07-31-2022,36128,195,75,995529740.0199997
GM Financial Automobile Leasing Trust 2021-1,08-31-2021,55283,138,33,1682615867.2600198
GM Financial Automobile Leasing Trust 2021-1,08-31-2022,33922,175,60,927218724.0099995
GM Financial Automobile Leasing Trust 2021-1,09-30-2021,54075,145,41,1629194062.9199975
GM Financial Automobile Leasing Trust 2021-1,09-30-2022,31940,162,53,865105658.78
GM Financial Automobile Leasing Trust 2021-1,10-31-2021,52764,160,45,1572837314.0699975
GM Financial Automobile Leasing Trust 2021-1,10-31-2022,29953,188,61,805745535.6699938
GM Financial Automobile Leasing Trust 2021-1,11-30-2021,51354,169,38,1514937468.759998
GM Financial Automobile Leasing Trust 2021-1,11-30-2022,28145,177,52,749895047.9899967
GM Financial Automobile Leasing Trust 2021-1,12-31-2020,52714,61,6,1748129068.7600083
GM Financial Automobile Leasing Trust 2021-1,12-31-2021,49685,213,60,1452299812.08001
GM Financial Automobile Leasing Trust 2021-1,12-31-2022,26335,193,42,695476214.2099997
GM Financial Automobile Leasing Trust 2021-2,01-31-2022,42655,163,43,1315503615.3800101
GM Financial Automobile Leasing Trust 2021-2,01-31-2023,25909,177,72,724952570.3399998
GM Financial Automobile Leasing Trust 2021-2,02-28-2022,41592,153,39,1270433849.8999991
GM Financial Automobile Leasing Trust 2021-2,02-28-2023,24619,117,47,681072344.9599977
GM Financial Automobile Leasing Trust 2021-2,03-31-2021,50765,29,3,1734939344.8199947
GM Financial Automobile Leasing Trust 2021-2,03-31-2022,40031,140,31,1212588083.3999958
GM Financial Automobile Leasing Trust 2021-2,03-31-2023,22906,159,42,629863240.5499994
GM Financial Automobile Leasing Trust 2021-2,04-30-2021,50415,65,0,1703492685.3499944
GM Financial Automobile Leasing Trust 2021-2,04-30-2022,38781,107,32,1163327029.329999
GM Financial Automobile Leasing Trust 2021-2,04-30-2023,21397,103,54,582275933.1500012
GM Financial Automobile Leasing Trust 2021-2,05-31-2021,49744,110,16,1664308984.0000076
GM Financial Automobile Leasing Trust 2021-2,05-31-2022,37313,161,46,1112173746.2999983
GM Financial Automobile Leasing Trust 2021-2,05-31-2023,19503,155,34,527350577.230002
GM Financial Automobile Leasing Trust 2021-2,06-30-2021,48964,84,21,1620056636.1800044
GM Financial Automobile Leasing Trust 2021-2,06-30-2022,35867,138,53,1061186563.9700063
GM Financial Automobile Leasing Trust 2021-2,06-30-2023,17748,84,40,474660506.2100012
GM Financial Automobile Leasing Trust 2021-2,07-31-2021,48087,116,25,1576035264.1999855
GM Financial Automobile Leasing Trust 2021-2,07-31-2022,34464,163,50,1011806685.3699992
GM Financial Automobile Leasing Trust 2021-2,07-31-2023,15946,122,47,425172720.5299968
GM Financial Automobile Leasing Trust 2021-2,08-31-2021,47274,122,29,1534160400.009997
GM Financial Automobile Leasing Trust 2021-2,08-31-2022,32902,159,54,958900357.3900018
GM Financial Automobile Leasing Trust 2021-2,08-31-2023,13902,111,45,369196737.6499991
GM Financial Automobile Leasing Trust 2021-2,09-30-2021,46541,97,27,1493796143.9100022
GM Financial Automobile Leasing Trust 2021-2,09-30-2022,31583,129,47,910478225.9199966
GM Financial Automobile Leasing Trust 2021-2,09-30-2023,12177,76,31,320435577.57999957
GM Financial Automobile Leasing Trust 2021-2,10-31-2021,45656,128,23,1450750707.0800107
GM Financial Automobile Leasing Trust 2021-2,10-31-2022,30072,202,53,862268331.3800005
GM Financial Automobile Leasing Trust 2021-2,10-31-2023,10135,98,46,265841041.71999997
GM Financial Automobile Leasing Trust 2021-2,11-30-2021,44753,126,25,1407280492.4799995
GM Financial Automobile Leasing Trust 2021-2,11-30-2022,28814,146,70,818406567.7700014
GM Financial Automobile Leasing Trust 2021-2,12-31-2021,43723,148,41,1361172247.2699938
GM Financial Automobile Leasing Trust 2021-2,12-31-2022,27370,196,63,772200208.500003
GM Financial Automobile Leasing Trust 2021-3,01-31-2022,44326,144,47,1434699627.819998
GM Financial Automobile Leasing Trust 2021-3,01-31-2023,30863,206,87,893566896.9400048
GM Financial Automobile Leasing Trust 2021-3,01-31-2024,10748,124,64,279577879.0000001
GM Financial Automobile Leasing Trust 2021-3,02-28-2022,43468,104,41,1391245473.9100027
GM Financial Automobile Leasing Trust 2021-3,02-28-2023,29776,133,73,851758791.2800009
GM Financial Automobile Leasing Trust 2021-3,02-29-2024,8850,93,53,228287668.98999903
GM Financial Automobile Leasing Trust 2021-3,03-31-2022,42328,127,33,1342762546.4100091
GM Financial Automobile Leasing Trust 2021-3,03-31-2023,28211,196,45,800545900.8900006
GM Financial Automobile Leasing Trust 2021-3,04-30-2022,41339,93,28,1297834763.8799894
GM Financial Automobile Leasing Trust 2021-3,04-30-2023,26870,128,51,753640324.5199974
GM Financial Automobile Leasing Trust 2021-3,05-31-2022,40202,166,36,1252680796.4699976
GM Financial Automobile Leasing Trust 2021-3,05-31-2023,25285,182,45,703658144.7199972
GM Financial Automobile Leasing Trust 2021-3,06-30-2021,48939,0,0,1703337101.3200076
GM Financial Automobile Leasing Trust 2021-3,06-30-2022,39018,118,51,1204360452.4800014
GM Financial Automobile Leasing Trust 2021-3,06-30-2023,23767,138,50,653663815.2599998
GM Financial Automobile Leasing Trust 2021-3,07-31-2021,48416,90,1,1668674867.560002
GM Financial Automobile Leasing Trust 2021-3,07-31-2022,37892,190,47,1159715837.8800066
GM Financial Automobile Leasing Trust 2021-3,07-31-2023,22185,179,58,606145171.9700003
GM Financial Automobile Leasing Trust 2021-3,08-31-2021,47959,100,18,1634923914.2999978
GM Financial Automobile Leasing Trust 2021-3,08-31-2022,36671,187,46,1111966990.249999
GM Financial Automobile Leasing Trust 2021-3,08-31-2023,20235,170,50,548889867.2400033
GM Financial Automobile Leasing Trust 2021-3,09-30-2021,47458,88,26,1599775784.869999
GM Financial Automobile Leasing Trust 2021-3,09-30-2022,35557,154,53,1067975605.3299994
GM Financial Automobile Leasing Trust 2021-3,09-30-2023,18456,122,51,495760876.3900014
GM Financial Automobile Leasing Trust 2021-3,10-31-2021,46756,117,35,1560285232.2200031
GM Financial Automobile Leasing Trust 2021-3,10-31-2022,34313,238,66,1023659879.550004
GM Financial Automobile Leasing Trust 2021-3,10-31-2023,16234,154,53,434108788.1099992
GM Financial Automobile Leasing Trust 2021-3,11-30-2021,46032,100,36,1519026746.5600028
GM Financial Automobile Leasing Trust 2021-3,11-30-2022,33249,172,88,980613704.3400044
GM Financial Automobile Leasing Trust 2021-3,11-30-2023,14412,104,65,381396421.2999976
GM Financial Automobile Leasing Trust 2021-3,12-31-2021,45136,156,39,1475656643.1999922
GM Financial Automobile Leasing Trust 2021-3,12-31-2022,32113,223,79,938509690.4900019
GM Financial Automobile Leasing Trust 2021-3,12-31-2023,12671,141,58,332584934.66000074
GM Financial Automobile Leasing Trust 2022-1,01-31-2022,55519,102,0,1965353780.1299977
GM Financial Automobile Leasing Trust 2022-1,01-31-2023,44247,243,86,1378998691.1900036
GM Financial Automobile Leasing Trust 2022-1,01-31-2024,23973,233,99,657402944.9399989
GM Financial Automobile Leasing Trust 2022-1,02-28-2022,55007,79,10,1923783972.2700083
GM Financial Automobile Leasing Trust 2022-1,02-28-2023,43241,202,67,1331353762.369999
GM Financial Automobile Leasing Trust 2022-1,02-29-2024,21536,158,81,583727316.2099967
GM Financial Automobile Leasing Trust 2022-1,03-31-2022,54179,123,13,1873678813.9100072
GM Financial Automobile Leasing Trust 2022-1,03-31-2023,41788,237,52,1273037419.69999
GM Financial Automobile Leasing Trust 2022-1,03-31-2024,18766,213,59,506308070.1900017
GM Financial Automobile Leasing Trust 2022-1,04-30-2022,53367,88,17,1824202963.5799954
GM Financial Automobile Leasing Trust 2022-1,04-30-2023,40509,174,70,1219351136.3600063
GM Financial Automobile Leasing Trust 2022-1,04-30-2024,16071,103,78,428980244.6999998
GM Financial Automobile Leasing Trust 2022-1,05-31-2022,52378,150,17,1773437117.369999
GM Financial Automobile Leasing Trust 2022-1,05-31-2023,38913,253,86,1160712436.6700017
GM Financial Automobile Leasing Trust 2022-1,05-31-2024,13466,136,67,358172390.79000175
GM Financial Automobile Leasing Trust 2022-1,06-30-2022,51325,127,34,1720605177.0700033
GM Financial Automobile Leasing Trust 2022-1,06-30-2023,37458,185,68,1101871351.8399942
GM Financial Automobile Leasing Trust 2022-1,06-30-2024,11336,106,59,299207762.8399998
GM Financial Automobile Leasing Trust 2022-1,07-31-2022,50260,195,41,1669876718.2500072
GM Financial Automobile Leasing Trust 2022-1,07-31-2023,35881,257,82,1046721301.87
GM Financial Automobile Leasing Trust 2022-1,08-31-2022,49211,205,41,1617908969.0300019
GM Financial Automobile Leasing Trust 2022-1,08-31-2023,34168,237,85,985366177.4699987
GM Financial Automobile Leasing Trust 2022-1,09-30-2022,48269,171,52,1568656142.8500075
GM Financial Automobile Leasing Trust 2022-1,09-30-2023,32566,184,87,927421582.4200082
GM Financial Automobile Leasing Trust 2022-1,10-31-2022,47169,231,67,1518462875.6899965
GM Financial Automobile Leasing Trust 2022-1,10-31-2023,30422,246,101,859497987.1400018
GM Financial Automobile Leasing Trust 2022-1,11-30-2022,46277,190,63,1472522288.1400123
GM Financial Automobile Leasing Trust 2022-1,11-30-2023,28324,202,98,791266331.3100035
GM Financial Automobile Leasing Trust 2022-1,12-31-2021,44995,16,0,1606386154.9899995
GM Financial Automobile Leasing Trust 2022-1,12-31-2022,45244,277,59,1425890303.7700076
GM Financial Automobile Leasing Trust 2022-1,12-31-2023,26269,266,105,727894524.3999999
GM Financial Automobile Leasing Trust 2022-2,01-31-2023,45544,218,61,1487855132.5900054
GM Financial Automobile Leasing Trust 2022-2,01-31-2024,28398,241,95,807301423.149997
GM Financial Automobile Leasing Trust 2022-2,02-28-2023,44733,162,48,1442916921.6599922
GM Financial Automobile Leasing Trust 2022-2,02-29-2024,26242,183,61,736031813.8200022
GM Financial Automobile Leasing Trust 2022-2,03-31-2022,42071,44,1,1542155696.6999993
GM Financial Automobile Leasing Trust 2022-2,03-31-2023,43526,214,43,1388600033.359995
GM Financial Automobile Leasing Trust 2022-2,03-31-2024,23635,211,67,659128130.2999989
GM Financial Automobile Leasing Trust 2022-2,04-30-2022,52645,61,7,1903009672.5600204
GM Financial Automobile Leasing Trust 2022-2,04-30-2023,42501,155,64,1338520688.1000085
GM Financial Automobile Leasing Trust 2022-2,04-30-2024,20976,139,87,580123208.2100021
GM Financial Automobile Leasing Trust 2022-2,05-31-2022,52039,113,17,1860008792.1800156
GM Financial Automobile Leasing Trust 2022-2,05-31-2023,41116,223,58,1281797932.329997
GM Financial Automobile Leasing Trust 2022-2,05-31-2024,18211,177,72,501639890.40000296
GM Financial Automobile Leasing Trust 2022-2,06-30-2022,51350,97,12,1812681848.1099963
GM Financial Automobile Leasing Trust 2022-2,06-30-2023,39864,153,57,1225484314.0400105
GM Financial Automobile Leasing Trust 2022-2,06-30-2024,15929,133,73,435042445.15999955
GM Financial Automobile Leasing Trust 2022-2,07-31-2022,50542,165,20,1765270514.670001
GM Financial Automobile Leasing Trust 2022-2,07-31-2023,38683,225,64,1176884202.219996
GM Financial Automobile Leasing Trust 2022-2,07-31-2024,13591,139,64,370172530.87000036
GM Financial Automobile Leasing Trust 2022-2,08-31-2022,49641,157,30,1715028347.769996
GM Financial Automobile Leasing Trust 2022-2,08-31-2023,37235,218,54,1119581822.2700071
GM Financial Automobile Leasing Trust 2022-2,08-31-2024,11409,155,57,311168389.1599998
GM Financial Automobile Leasing Trust 2022-2,09-30-2022,48869,118,43,1668643760.9500036
GM Financial Automobile Leasing Trust 2022-2,09-30-2023,35804,151,68,1061789922.7500039
GM Financial Automobile Leasing Trust 2022-2,10-31-2022,47993,200,44,1623177851.1000202
GM Financial Automobile Leasing Trust 2022-2,10-31-2023,33922,229,59,996870393.4799957
GM Financial Automobile Leasing Trust 2022-2,11-30-2022,47226,152,57,1577960751.259993
GM Financial Automobile Leasing Trust 2022-2,11-30-2023,32181,172,73,933602096.8200041
GM Financial Automobile Leasing Trust 2022-2,12-31-2022,46398,238,58,1534719390.6299856
GM Financial Automobile Leasing Trust 2022-2,12-31-2023,30363,290,80,873350861.979996
GM Financial Automobile Leasing Trust 2022-3,01-31-2023,48270,201,53,1578826587.1
GM Financial Automobile Leasing Trust 2022-3,01-31-2024,31223,254,85,895652885.6100022
GM Financial Automobile Leasing Trust 2022-3,02-28-2023,47485,177,47,1534665388.4400103
GM Financial Automobile Leasing Trust 2022-3,02-29-2024,29391,186,73,831466679.559998
GM Financial Automobile Leasing Trust 2022-3,03-31-2023,46346,198,46,1480807760.2899957
GM Financial Automobile Leasing Trust 2022-3,03-31-2024,27173,210,54,761028162.6700016
GM Financial Automobile Leasing Trust 2022-3,04-30-2023,45211,165,65,1427843972.5200045
GM Financial Automobile Leasing Trust 2022-3,04-30-2024,24760,154,64,686800494.7100005
GM Financial Automobile Leasing Trust 2022-3,05-31-2023,43830,222,67,1370355151.6100042
GM Financial Automobile Leasing Trust 2022-3,05-31-2024,22203,204,50,612219857.0199978
GM Financial Automobile Leasing Trust 2022-3,06-30-2022,43441,16,0,1545234107.3999896
GM Financial Automobile Leasing Trust 2022-3,06-30-2023,42548,176,58,1313007300.2100034
GM Financial Automobile Leasing Trust 2022-3,06-30-2024,20208,161,47,550793518.42
GM Financial Automobile Leasing Trust 2022-3,07-31-2022,52820,128,0,1855541576.3699958
GM Financial Automobile Leasing Trust 2022-3,07-31-2023,41219,239,75,1260308758.7299986
GM Financial Automobile Leasing Trust 2022-3,07-31-2024,18039,180,71,488704735.84999895
GM Financial Automobile Leasing Trust 2022-3,08-31-2022,52189,151,16,1811011861.3399985
GM Financial Automobile Leasing Trust 2022-3,08-31-2023,39682,232,78,1199355219.1000075
GM Financial Automobile Leasing Trust 2022-3,08-31-2024,16114,162,65,433072243.0099998
GM Financial Automobile Leasing Trust 2022-3,09-30-2022,51561,105,28,1764780800.7500005
GM Financial Automobile Leasing Trust 2022-3,09-30-2023,38279,165,68,1142419788.379989
GM Financial Automobile Leasing Trust 2022-3,09-30-2024,14363,133,60,382309657.28000045
GM Financial Automobile Leasing Trust 2022-3,10-31-2022,50745,179,31,1718677469.8799973
GM Financial Automobile Leasing Trust 2022-3,10-31-2023,36430,234,69,1078436007.7899992
GM Financial Automobile Leasing Trust 2022-3,10-31-2024,12404,140,56,327616382.0600009
GM Financial Automobile Leasing Trust 2022-3,11-30-2022,49964,150,50,1672290826.1900024
GM Financial Automobile Leasing Trust 2022-3,11-30-2023,34734,197,70,1016871827.4000041
GM Financial Automobile Leasing Trust 2022-3,11-30-2024,10913,93,67,284065873.5799983
GM Financial Automobile Leasing Trust 2022-3,12-31-2022,49110,221,60,1626539030.6100128
GM Financial Automobile Leasing Trust 2022-3,12-31-2023,33031,271,73,958105060.4899969
GM Financial Automobile Leasing Trust 2023-1,01-31-2023,56841,141,4,2057017399.0300102
GM Financial Automobile Leasing Trust 2023-1,01-31-2024,44335,251,98,1396811004.7899942
GM Financial Automobile Leasing Trust 2023-1,01-31-2025,22460,206,67,628722528.2200018
GM Financial Automobile Leasing Trust 2023-1,02-28-2023,56401,123,14,2013561055.3999915
GM Financial Automobile Leasing Trust 2023-1,02-28-2025,20635,147,59,571439722.5400038
GM Financial Automobile Leasing Trust 2023-1,02-29-2024,42896,211,62,1335402242.2999885
GM Financial Automobile Leasing Trust 2023-1,03-31-2023,55569,153,17,1958860071.5500023
GM Financial Automobile Leasing Trust 2023-1,03-31-2024,41172,241,47,1269133701.5800087
GM Financial Automobile Leasing Trust 2023-1,03-31-2025,18121,174,57,500306773.91999954
GM Financial Automobile Leasing Trust 2023-1,04-30-2023,54751,107,28,1905517913.1999958
GM Financial Automobile Leasing Trust 2023-1,04-30-2024,39326,163,65,1199703597.3700032
GM Financial Automobile Leasing Trust 2023-1,04-30-2025,15395,111,58,421905210.52999926
GM Financial Automobile Leasing Trust 2023-1,05-31-2023,53626,200,36,1848347293.26999
GM Financial Automobile Leasing Trust 2023-1,05-31-2024,37318,183,66,1128419725.799993
GM Financial Automobile Leasing Trust 2023-1,05-31-2025,12851,132,54,353147929.22000015
GM Financial Automobile Leasing Trust 2023-1,06-30-2023,52631,123,45,1789978756.7799978
GM Financial Automobile Leasing Trust 2023-1,06-30-2024,35591,155,62,1065072434.8000079
GM Financial Automobile Leasing Trust 2023-1,06-30-2025,10707,95,52,292769328.36999935
GM Financial Automobile Leasing Trust 2023-1,07-31-2023,51591,216,47,1736780315.1299813
GM Financial Automobile Leasing Trust 2023-1,07-31-2024,33618,194,73,998384353.2199998
GM Financial Automobile Leasing Trust 2023-1,08-31-2023,50492,200,43,1680521733.569985
GM Financial Automobile Leasing Trust 2023-1,08-31-2024,31689,217,61,933524469.6799982
GM Financial Automobile Leasing Trust 2023-1,09-30-2023,49536,152,44,1627679689.5699956
GM Financial Automobile Leasing Trust 2023-1,09-30-2024,29796,166,68,868474640.2599963
GM Financial Automobile Leasing Trust 2023-1,10-31-2023,48147,236,48,1567864261.459995
GM Financial Automobile Leasing Trust 2023-1,10-31-2024,27713,205,67,800546363.8499981
GM Financial Automobile Leasing Trust 2023-1,11-30-2023,46975,191,56,1511193899.669989
GM Financial Automobile Leasing Trust 2023-1,11-30-2024,26181,160,73,746760956.4400027
GM Financial Automobile Leasing Trust 2023-1,12-31-2022,47796,12,0,1750840742.079987
GM Financial Automobile Leasing Trust 2023-1,12-31-2023,45664,325,79,1456806340.6400006
GM Financial Automobile Leasing Trust 2023-1,12-31-2024,24447,197,73,690556890.5500019
GM Financial Automobile Leasing Trust 2023-2,01-31-2024,39557,196,57,1338118573.9000003
GM Financial Automobile Leasing Trust 2023-2,01-31-2025,25054,178,61,740059904.24
GM Financial Automobile Leasing Trust 2023-2,02-28-2025,23527,153,42,686572396.0599972
GM Financial Automobile Leasing Trust 2023-2,02-29-2024,38735,168,41,1294256138.589995
GM Financial Automobile Leasing Trust 2023-2,03-31-2023,46611,14,0,1767720810.4199939
GM Financial Automobile Leasing Trust 2023-2,03-31-2024,37689,189,42,1246464752.5400023
GM Financial Automobile Leasing Trust 2023-2,03-31-2025,21391,187,38,621904833.4300023
GM Financial Automobile Leasing Trust 2023-2,04-30-2023,46128,84,0,1730624136.220005
GM Financial Automobile Leasing Trust 2023-2,04-30-2024,36596,145,42,1197134051.1900067
GM Financial Automobile Leasing Trust 2023-2,04-30-2025,19013,105,50,549777294.659999
GM Financial Automobile Leasing Trust 2023-2,05-31-2023,45547,143,12,1689373410.5899954
GM Financial Automobile Leasing Trust 2023-2,05-31-2024,35410,172,45,1146395910.2399945
GM Financial Automobile Leasing Trust 2023-2,05-31-2025,16762,147,35,483693188.3399988
GM Financial Automobile Leasing Trust 2023-2,06-30-2023,44956,101,24,1644207240.7500074
GM Financial Automobile Leasing Trust 2023-2,06-30-2024,34313,144,57,1098324844.8300056
GM Financial Automobile Leasing Trust 2023-2,06-30-2025,14752,103,45,423330941.7600009
GM Financial Automobile Leasing Trust 2023-2,07-31-2023,44315,147,36,1603119713.9900017
GM Financial Automobile Leasing Trust 2023-2,07-31-2024,33059,217,60,1049195822.7
GM Financial Automobile Leasing Trust 2023-2,07-31-2025,12700,131,42,364783271.1999995
GM Financial Automobile Leasing Trust 2023-2,08-31-2023,43538,170,35,1557725425.2299905
GM Financial Automobile Leasing Trust 2023-2,08-31-2024,31922,195,70,1002002507.9099975
GM Financial Automobile Leasing Trust 2023-2,08-31-2025,10879,116,45,310832251.4200012
GM Financial Automobile Leasing Trust 2023-2,09-30-2023,42915,106,33,1515447026.6300123
GM Financial Automobile Leasing Trust 2023-2,09-30-2024,30778,174,59,953682956.6699982
GM Financial Automobile Leasing Trust 2023-2,09-30-2025,9052,82,47,257326153.53000006
GM Financial Automobile Leasing Trust 2023-2,10-31-2023,42010,167,29,1469144006.040005
GM Financial Automobile Leasing Trust 2023-2,10-31-2024,29422,197,47,901006653.1099964
GM Financial Automobile Leasing Trust 2023-2,11-30-2023,41306,127,41,1427401986.1499975
GM Financial Automobile Leasing Trust 2023-2,11-30-2024,28211,142,47,851520050.0099919
GM Financial Automobile Leasing Trust 2023-2,12-31-2023,40448,205,50,1384537799.270015
GM Financial Automobile Leasing Trust 2023-2,12-31-2024,26746,205,67,799474358.5699956
GM Financial Automobile Leasing Trust 2023-3,01-31-2024,35188,166,42,1269392369.9299922
GM Financial Automobile Leasing Trust 2023-3,01-31-2025,25746,198,69,806413149.1499995
GM Financial Automobile Leasing Trust 2023-3,01-31-2026,7028,81,56,203076010.03000048
GM Financial Automobile Leasing Trust 2023-3,02-28-2025,24582,141,63,760254869.9899997
GM Financial Automobile Leasing Trust 2023-3,02-29-2024,34637,120,33,1234263181.3000026
GM Financial Automobile Leasing Trust 2023-3,03-31-2024,33930,178,26,1197338354.5099967
GM Financial Automobile Leasing Trust 2023-3,03-31-2025,22880,188,47,703725028.3499961
GM Financial Automobile Leasing Trust 2023-3,04-30-2024,33256,101,49,1158925831.550001
GM Financial Automobile Leasing Trust 2023-3,04-30-2025,20960,126,56,640096952.5799978
GM Financial Automobile Leasing Trust 2023-3,05-31-2024,32485,144,38,1120495089.8300028
GM Financial Automobile Leasing Trust 2023-3,05-31-2025,19205,147,60,584155542.1399983
GM Financial Automobile Leasing Trust 2023-3,06-30-2023,38530,12,0,1506569062.9499946
GM Financial Automobile Leasing Trust 2023-3,06-30-2024,31829,127,44,1084725791.750005
GM Financial Automobile Leasing Trust 2023-3,06-30-2025,17706,119,48,534482858.8399993
GM Financial Automobile Leasing Trust 2023-3,07-31-2023,38158,114,0,1476754211.2299962
GM Financial Automobile Leasing Trust 2023-3,07-31-2024,31035,166,53,1046488658.5000076
GM Financial Automobile Leasing Trust 2023-3,07-31-2025,16053,141,54,482490650.4599972
GM Financial Automobile Leasing Trust 2023-3,08-31-2023,37798,102,17,1443199387.1499956
GM Financial Automobile Leasing Trust 2023-3,08-31-2024,30268,199,45,1009198172.6599965
GM Financial Automobile Leasing Trust 2023-3,08-31-2025,14524,125,47,433910066.4999998
GM Financial Automobile Leasing Trust 2023-3,09-30-2023,37441,68,21,1410990383.389992
GM Financial Automobile Leasing Trust 2023-3,09-30-2024,29558,143,51,972131885.0399983
GM Financial Automobile Leasing Trust 2023-3,09-30-2025,12927,84,38,383056853.56999916
GM Financial Automobile Leasing Trust 2023-3,10-31-2023,36875,125,27,1375593853.899999
GM Financial Automobile Leasing Trust 2023-3,10-31-2024,28598,209,43,930079837.58
GM Financial Automobile Leasing Trust 2023-3,10-31-2025,11181,105,42,330177238.30999935
GM Financial Automobile Leasing Trust 2023-3,11-30-2023,36383,86,31,1340594710.2300148
GM Financial Automobile Leasing Trust 2023-3,11-30-2024,27887,130,65,893489595.419998
GM Financial Automobile Leasing Trust 2023-3,11-30-2025,9858,87,46,289206358.00999975
GM Financial Automobile Leasing Trust 2023-3,12-31-2023,35791,173,34,1306166314.5799992
GM Financial Automobile Leasing Trust 2023-3,12-31-2024,26909,207,74,853782412.3599977
GM Financial Automobile Leasing Trust 2023-3,12-31-2025,8423,103,55,245888912.81000072
GM Financial Automobile Leasing Trust 2024-1,01-31-2024,55009,150,0,2212240320.939997
GM Financial Automobile Leasing Trust 2024-1,01-31-2025,44919,246,89,1573529673.7000012
GM Financial Automobile Leasing Trust 2024-1,01-31-2026,22162,215,82,689445285.7000011
GM Financial Automobile Leasing Trust 2024-1,02-28-2025,43980,197,71,1518322855.7499955
GM Financial Automobile Leasing Trust 2024-1,02-28-2026,20076,152,77,619409327.560001
GM Financial Automobile Leasing Trust 2024-1,02-29-2024,54564,124,20,2167287007.5799956
GM Financial Automobile Leasing Trust 2024-1,03-31-2024,53893,152,25,2116303419.5200095
GM Financial Automobile Leasing Trust 2024-1,03-31-2025,42461,240,63,1450621433.0699887
GM Financial Automobile Leasing Trust 2024-1,03-31-2026,17387,170,57,534730057.38000023
GM Financial Automobile Leasing Trust 2024-1,04-30-2024,53005,111,28,2059039765.8700008
GM Financial Automobile Leasing Trust 2024-1,04-30-2025,40615,145,73,1371280488.7900078
GM Financial Automobile Leasing Trust 2024-1,05-31-2024,51903,176,26,1998458452.4799826
GM Financial Automobile Leasing Trust 2024-1,05-31-2025,38582,210,71,1292051071.6500013
GM Financial Automobile Leasing Trust 2024-1,06-30-2024,51050,140,42,1944083643.3499894
GM Financial Automobile Leasing Trust 2024-1,06-30-2025,36783,176,70,1218836859.7499912
GM Financial Automobile Leasing Trust 2024-1,07-31-2024,50116,185,51,1889055697.129999
GM Financial Automobile Leasing Trust 2024-1,07-31-2025,34741,196,86,1140298900.5699964
GM Financial Automobile Leasing Trust 2024-1,08-31-2024,49289,207,62,1838137059.3799973
GM Financial Automobile Leasing Trust 2024-1,08-31-2025,32691,192,83,1062979395.8899975
GM Financial Automobile Leasing Trust 2024-1,09-30-2024,48522,176,57,1787193227.3300073
GM Financial Automobile Leasing Trust 2024-1,09-30-2025,30524,163,71,981708595.7100044
GM Financial Automobile Leasing Trust 2024-1,10-31-2024,47658,226,61,1734877605.8100042
GM Financial Automobile Leasing Trust 2024-1,10-31-2025,28102,201,75,897733550.9799999
GM Financial Automobile Leasing Trust 2024-1,11-30-2024,46963,181,61,1685636949.8000133
GM Financial Automobile Leasing Trust 2024-1,11-30-2025,26379,167,82,833047071.849997
GM Financial Automobile Leasing Trust 2024-1,12-31-2023,46176,17,0,1881071507.1000013
GM Financial Automobile Leasing Trust 2024-1,12-31-2024,45960,289,75,1632309047.5400198
GM Financial Automobile Leasing Trust 2024-1,12-31-2025,24280,205,104,761053624.0400019
GM Financial Automobile Leasing Trust 2024-2,01-31-2025,42240,242,70,1545914136.1300068
GM Financial Automobile Leasing Trust 2024-2,01-31-2026,25261,202,110,809551880.9499954
GM Financial Automobile Leasing Trust 2024-2,02-28-2025,41603,191,63,1501000466.4699907
GM Financial Automobile Leasing Trust 2024-2,02-28-2026,23199,160,73,737418552.3899919
GM Financial Automobile Leasing Trust 2024-2,03-31-2024,47427,30,1,1963391639.4499977
GM Financial Automobile Leasing Trust 2024-2,03-31-2025,40665,217,62,1449348868.6599886
GM Financial Automobile Leasing Trust 2024-2,03-31-2026,20633,169,59,655387939.0999973
GM Financial Automobile Leasing Trust 2024-2,04-30-2024,47089,89,0,1926345299.0100045
GM Financial Automobile Leasing Trust 2024-2,04-30-2025,39584,160,63,1392611631.7600005
GM Financial Automobile Leasing Trust 2024-2,05-31-2024,46660,147,13,1886540059.5700183
GM Financial Automobile Leasing Trust 2024-2,05-31-2025,38356,185,60,1333625143.409993
GM Financial Automobile Leasing Trust 2024-2,06-30-2024,46327,97,33,1848216951.3499975
GM Financial Automobile Leasing Trust 2024-2,06-30-2025,37271,150,70,1279144585.4800034
GM Financial Automobile Leasing Trust 2024-2,07-31-2024,45728,177,39,1805172432.1299927
GM Financial Automobile Leasing Trust 2024-2,07-31-2025,35866,231,60,1219311640.5800025
GM Financial Automobile Leasing Trust 2024-2,08-31-2024,45205,209,34,1763966413.2399964
GM Financial Automobile Leasing Trust 2024-2,08-31-2025,34500,210,76,1158870290.8499877
GM Financial Automobile Leasing Trust 2024-2,09-30-2024,44725,136,57,1721775488.4500108
GM Financial Automobile Leasing Trust 2024-2,09-30-2025,33025,143,80,1094747027.069994
GM Financial Automobile Leasing Trust 2024-2,10-31-2024,44035,209,56,1676068315.020003
GM Financial Automobile Leasing Trust 2024-2,10-31-2025,31107,200,73,1021621055.1400026
GM Financial Automobile Leasing Trust 2024-2,11-30-2024,43566,181,69,1636006912.900003
GM Financial Automobile Leasing Trust 2024-2,11-30-2025,29448,153,92,956971108.7099984
GM Financial Automobile Leasing Trust 2024-2,12-31-2024,42890,276,80,1592772607.960009
GM Financial Automobile Leasing Trust 2024-2,12-31-2025,27395,219,91,883948676.0500028
GM Financial Automobile Leasing Trust 2024-3,01-31-2025,44372,208,51,1689718922.5599928
GM Financial Automobile Leasing Trust 2024-3,01-31-2026,31307,201,84,1033021640.4499996
GM Financial Automobile Leasing Trust 2024-3,02-28-2025,43902,183,52,1649273050.8400018
GM Financial Automobile Leasing Trust 2024-3,02-28-2026,29495,176,72,964679255.8900001
GM Financial Automobile Leasing Trust 2024-3,03-31-2025,43193,210,51,1603279707.8100195
GM Financial Automobile Leasing Trust 2024-3,03-31-2026,26970,173,51,876906635.5600019
GM Financial Automobile Leasing Trust 2024-3,04-30-2025,42413,139,51,1553238922.0800016
GM Financial Automobile Leasing Trust 2024-3,05-31-2025,41440,170,65,1500283728.6899967
GM Financial Automobile Leasing Trust 2024-3,06-30-2025,40614,133,61,1450618476.1999915
GM Financial Automobile Leasing Trust 2024-3,07-31-2025,39482,197,64,1395198435.5200033
GM Financial Automobile Leasing Trust 2024-3,08-31-2024,46247,128,0,1881458203.999991
GM Financial Automobile Leasing Trust 2024-3,08-31-2025,38369,206,79,1340168025.9400136
GM Financial Automobile Leasing Trust 2024-3,09-30-2024,45978,118,24,1846110961.720003
GM Financial Automobile Leasing Trust 2024-3,09-30-2025,37212,167,75,1283246494.4800048
GM Financial Automobile Leasing Trust 2024-3,10-31-2024,45606,160,39,1808775118.3199964
GM Financial Automobile Leasing Trust 2024-3,10-31-2025,35753,197,82,1219407560.4699972
GM Financial Automobile Leasing Trust 2024-3,11-30-2024,45314,144,42,1771943477.07
GM Financial Automobile Leasing Trust 2024-3,11-30-2025,34598,134,82,1164780001.6399975
GM Financial Automobile Leasing Trust 2024-3,12-31-2024,44841,220,51,1732408707.6300051
GM Financial Automobile Leasing Trust 2024-3,12-31-2025,32981,231,76,1100205336.3399982
GM Financial Automobile Leasing Trust 2025-1,01-31-2025,59731,172,6,2561754066.580011
GM Financial Automobile Leasing Trust 2025-1,01-31-2026,50974,263,95,1889919229.5100017
GM Financial Automobile Leasing Trust 2025-1,02-28-2025,59454,124,20,2515934403.9300423
GM Financial Automobile Leasing Trust 2025-1,02-28-2026,49768,225,78,1823107457.16999
GM Financial Automobile Leasing Trust 2025-1,03-31-2025,58949,194,29,2465672602.450002
GM Financial Automobile Leasing Trust 2025-1,03-31-2026,47969,267,78,1743147352.489985
GM Financial Automobile Leasing Trust 2025-1,04-30-2025,58480,145,35,2414281493.249996
GM Financial Automobile Leasing Trust 2025-1,05-31-2025,57872,192,42,2361206855.5599856
GM Financial Automobile Leasing Trust 2025-1,06-30-2025,57301,158,46,2308463720.4199767
GM Financial Automobile Leasing Trust 2025-1,07-31-2025,56506,230,62,2252304701.149994
GM Financial Automobile Leasing Trust 2025-1,08-31-2025,55786,217,70,2195434155.9399977
GM Financial Automobile Leasing Trust 2025-1,09-30-2025,55052,165,71,2138321810.500002
GM Financial Automobile Leasing Trust 2025-1,10-31-2025,54046,236,75,2075768447.3000124
GM Financial Automobile Leasing Trust 2025-1,11-30-2025,53266,192,96,2019840359.1900012
GM Financial Automobile Leasing Trust 2025-1,12-31-2024,48846,14,0,2120826216.3299794
GM Financial Automobile Leasing Trust 2025-1,12-31-2025,52058,292,108,1954838603.18
GM Financial Automobile Leasing Trust 2025-2,01-31-2026,39078,206,61,1518605052.1699898
GM Financial Automobile Leasing Trust 2025-2,02-28-2026,38295,151,47,1470050123.9800105
GM Financial Automobile Leasing Trust 2025-2,03-31-2026,37104,202,40,1413942399.250008
GM Financial Automobile Leasing Trust 2025-2,04-30-2025,33343,54,2,1441436379.7500055
GM Financial Automobile Leasing Trust 2025-2,05-31-2025,43666,119,18,1859582439.8600035
GM Financial Automobile Leasing Trust 2025-2,06-30-2025,43347,101,26,1823603764.5499988
GM Financial Automobile Leasing Trust 2025-2,07-31-2025,42834,165,39,1783194864.2200124
GM Financial Automobile Leasing Trust 2025-2,08-31-2025,42348,162,54,1742934083.2899973
GM Financial Automobile Leasing Trust 2025-2,09-30-2025,41822,133,51,1699573344.620001
GM Financial Automobile Leasing Trust 2025-2,10-31-2025,41140,171,65,1653963858.0400026
GM Financial Automobile Leasing Trust 2025-2,11-30-2025,40576,138,84,1611900174.8900104
GM Financial Automobile Leasing Trust 2025-2,12-31-2025,39796,229,70,1564958709.009982
GM Financial Automobile Leasing Trust 2025-3,01-31-2026,31053,118,52,1281081495.8700008
GM Financial Automobile Leasing Trust 2025-3,02-28-2026,30662,118,38,1249627163.7799928
GM Financial Automobile Leasing Trust 2025-3,03-31-2026,30093,135,37,1213919540.850002
GM Financial Automobile Leasing Trust 2025-3,06-30-2025,33085,4,0,1478030529.6999989
GM Financial Automobile Leasing Trust 2025-3,07-31-2025,32828,85,4,1452214557.2100015
GM Financial Automobile Leasing Trust 2025-3,08-31-2025,32604,101,17,1426084970.4300044
GM Financial Automobile Leasing Trust 2025-3,09-30-2025,32374,81,27,1398863126.5399997
GM Financial Automobile Leasing Trust 2025-3,10-31-2025,32069,120,35,1370052920.8099997
GM Financial Automobile Leasing Trust 2025-3,11-30-2025,31831,92,39,1343242151.5399954
GM Financial Automobile Leasing Trust 2025-3,12-31-2025,31385,161,49,1311764022.659992
GM Financial Automobile Leasing Trust 2026-1,01-31-2026,31466,84,0,1435562096.7300048
GM Financial Automobile Leasing Trust 2026-1,02-28-2026,31293,58,10,1408689132.4399886
GM Financial Automobile Leasing Trust 2026-1,03-31-2026,31051,81,17,1381611772.460002
GM Financial Automobile Leasing Trust 2026-1,12-31-2025,31692,8,0,1460625576.4300091
GM Financial Automobile Leasing Trust 2026-2,03-31-2026,39786,18,0,1858399770.3000062
