series,term_period,term_code,n,scheduled_residual,realized_proceeds,excess_fees
Mercedes-Benz Auto Lease Trust 2017-A,2017-03-31,1,144,5062292.75,6726204.34,15409.289999999999
Mercedes-Benz Auto Lease Trust 2017-A,2017-03-31,98,8,254412.0,418181.99,0.0
Mercedes-Benz Auto Lease Trust 2017-A,2017-04-30,1,332,11550444.22,14924994.16,71864.31
Mercedes-Benz Auto Lease Trust 2017-A,2017-04-30,3,3,77860.0,100442.93,0.0
Mercedes-Benz Auto Lease Trust 2017-A,2017-04-30,4,1,34003.0,0.0,0.0
Mercedes-Benz Auto Lease Trust 2017-A,2017-04-30,98,25,677084.0,1064091.29,0.0
Mercedes-Benz Auto Lease Trust 2017-A,2017-05-31,1,444,15336866.49,18967597.78,68786.55
Mercedes-Benz Auto Lease Trust 2017-A,2017-05-31,3,7,267847.0,428488.45999999996,0.0
Mercedes-Benz Auto Lease Trust 2017-A,2017-05-31,4,1,39262.0,0.0,0.0
Mercedes-Benz Auto Lease Trust 2017-A,2017-05-31,98,37,1092881.9,1640072.5299999998,0.0
Mercedes-Benz Auto Lease Trust 2017-A,2017-06-30,1,556,19140236.35,22736560.650000002,144746.49
Mercedes-Benz Auto Lease Trust 2017-A,2017-06-30,3,6,208139.0,235613.15,0.0
Mercedes-Benz Auto Lease Trust 2017-A,2017-06-30,4,2,41762.0,0.0,0.0
Mercedes-Benz Auto Lease Trust 2017-A,2017-06-30,98,36,1103559.0,1654641.76,0.0
Mercedes-Benz Auto Lease Trust 2017-A,2017-07-31,1,689,22621502.02,26614369.1,150244.95999999996
Mercedes-Benz Auto Lease Trust 2017-A,2017-07-31,3,5,183643.0,181544.38,0.0
Mercedes-Benz Auto Lease Trust 2017-A,2017-07-31,98,33,1019799.95,1441125.08,0.0
Mercedes-Benz Auto Lease Trust 2017-A,2017-08-31,1,900,29263461.43,33227083.52,244960.29
Mercedes-Benz Auto Lease Trust 2017-A,2017-08-31,3,11,364276.0,385724.2,0.0
Mercedes-Benz Auto Lease Trust 2017-A,2017-08-31,98,34,998968.45,1372749.81,0.0
Mercedes-Benz Auto Lease Trust 2017-A,2017-09-30,1,954,30189232.79,32535901.92,266301.43
Mercedes-Benz Auto Lease Trust 2017-A,2017-09-30,3,1,63344.75,90821.0,0.0
Mercedes-Benz Auto Lease Trust 2017-A,2017-09-30,98,46,1377145.4,1770318.1900000002,0.0
Mercedes-Benz Auto Lease Trust 2017-A,2017-10-31,1,1162,38691093.09,40379422.440000005,333985.29
Mercedes-Benz Auto Lease Trust 2017-A,2017-10-31,3,8,239837.0,244656.46,0.0
Mercedes-Benz Auto Lease Trust 2017-A,2017-10-31,98,53,1588895.16,2190416.0,0.0
Mercedes-Benz Auto Lease Trust 2017-A,2017-11-30,1,1066,36136657.09,36580911.620000005,271175.48
Mercedes-Benz Auto Lease Trust 2017-A,2017-11-30,3,7,242480.0,265272.26999999996,0.0
Mercedes-Benz Auto Lease Trust 2017-A,2017-11-30,98,51,1439901.9,1969384.14,0.0
Mercedes-Benz Auto Lease Trust 2017-A,2017-12-31,1,1065,35485576.78,36035571.56,296869.68
Mercedes-Benz Auto Lease Trust 2017-A,2017-12-31,3,5,190404.0,200381.09999999998,0.0
Mercedes-Benz Auto Lease Trust 2017-A,2017-12-31,98,23,721367.0,903142.8400000001,0.0
Mercedes-Benz Auto Lease Trust 2017-A,2018-01-31,1,1332,44193539.10000001,44278470.79,357488.73
Mercedes-Benz Auto Lease Trust 2017-A,2018-01-31,3,12,361303.0,394625.84,0.0
Mercedes-Benz Auto Lease Trust 2017-A,2018-01-31,4,3,126393.6,0.0,0.0
Mercedes-Benz Auto Lease Trust 2017-A,2018-01-31,98,34,941506.5,1218978.1300000001,0.0
Mercedes-Benz Auto Lease Trust 2017-A,2018-02-28,1,1077,34285239.54,34107461.32,297974.57999999996
Mercedes-Benz Auto Lease Trust 2017-A,2018-02-28,3,13,441585.0,403431.73,0.0
Mercedes-Benz Auto Lease Trust 2017-A,2018-02-28,98,40,1204250.3,1463848.98,0.0
Mercedes-Benz Auto Lease Trust 2017-A,2018-03-31,1,1343,42234438.629999995,41768998.09,423378.67
Mercedes-Benz Auto Lease Trust 2017-A,2018-03-31,3,10,269490.0,279894.05999999994,0.0
Mercedes-Benz Auto Lease Trust 2017-A,2018-03-31,4,1,25448.0,0.0,0.0
Mercedes-Benz Auto Lease Trust 2017-A,2018-03-31,98,28,796430.8,975552.8800000001,0.0
Mercedes-Benz Auto Lease Trust 2017-A,2018-04-30,1,1423,45746128.04000001,44480602.49,477849.65
Mercedes-Benz Auto Lease Trust 2017-A,2018-04-30,3,13,424463.25,403593.8500000001,0.0
Mercedes-Benz Auto Lease Trust 2017-A,2018-04-30,98,44,1355537.78,1737492.1899999997,0.0
Mercedes-Benz Auto Lease Trust 2017-A,2018-05-31,1,1524,47114131.650000006,45574114.510000005,433033.83
Mercedes-Benz Auto Lease Trust 2017-A,2018-05-31,3,10,371014.0,365408.6,0.0
Mercedes-Benz Auto Lease Trust 2017-A,2018-05-31,98,25,890918.4,1053962.97,0.0
Mercedes-Benz Auto Lease Trust 2017-A,2018-06-30,1,1425,43817874.57000001,43016923.85,375815.12
Mercedes-Benz Auto Lease Trust 2017-A,2018-06-30,3,12,361295.75,315851.2,0.0
Mercedes-Benz Auto Lease Trust 2017-A,2018-06-30,98,40,1085109.6,1321900.6,0.0
Mercedes-Benz Auto Lease Trust 2017-A,2018-07-31,1,1323,40293051.599999994,39871192.81999999,404587.67000000004
Mercedes-Benz Auto Lease Trust 2017-A,2018-07-31,3,11,321774.0,313274.32,0.0
Mercedes-Benz Auto Lease Trust 2017-A,2018-07-31,98,24,685740.75,831181.65,0.0
Mercedes-Benz Auto Lease Trust 2017-A,2018-08-31,1,1605,47815486.230000004,49100250.67,466580.95000000007
Mercedes-Benz Auto Lease Trust 2017-A,2018-08-31,3,9,260037.85,265504.20999999996,0.0
Mercedes-Benz Auto Lease Trust 2017-A,2018-08-31,98,27,803302.15,1001617.63,0.0
Mercedes-Benz Auto Lease Trust 2017-A,2018-09-30,1,1457,42086444.33,43453299.14,420324.08
Mercedes-Benz Auto Lease Trust 2017-A,2018-09-30,3,7,208528.0,183277.66,0.0
Mercedes-Benz Auto Lease Trust 2017-A,2018-09-30,4,1,23613.0,0.0,0.0
Mercedes-Benz Auto Lease Trust 2017-A,2018-09-30,98,29,992304.4,1161692.2000000002,0.0
Mercedes-Benz Auto Lease Trust 2017-A,2018-10-31,1,1826,55162921.400000006,57552029.15,499026.81
Mercedes-Benz Auto Lease Trust 2017-A,2018-10-31,3,7,255426.5,265060.00999999995,0.0
Mercedes-Benz Auto Lease Trust 2017-A,2018-10-31,98,31,945598.35,1037945.12,0.0
Mercedes-Benz Auto Lease Trust 2017-A,2018-11-30,1,2026,61310408.379999995,61945962.98,575278.76
Mercedes-Benz Auto Lease Trust 2017-A,2018-11-30,3,5,147215.0,125902.76,1346.0
Mercedes-Benz Auto Lease Trust 2017-A,2018-11-30,98,20,630354.0,731092.0700000001,0.0
Mercedes-Benz Auto Lease Trust 2017-A,2018-12-31,1,2029,62983670.95,62481068.46,624996.29
Mercedes-Benz Auto Lease Trust 2017-A,2018-12-31,3,9,226435.75,205322.71,0.0
Mercedes-Benz Auto Lease Trust 2017-A,2018-12-31,98,23,646168.8,722030.34,0.0
Mercedes-Benz Auto Lease Trust 2017-A,2019-01-31,1,1790,55054758.7,54477585.75,509061.67000000004
Mercedes-Benz Auto Lease Trust 2017-A,2019-01-31,3,5,140018.9,112658.35999999999,0.0
Mercedes-Benz Auto Lease Trust 2017-A,2019-01-31,98,26,765736.3,931543.8100000002,0.0
Mercedes-Benz Auto Lease Trust 2017-A,2019-02-28,1,1499,45955056.8,46345285.14,416590.86
Mercedes-Benz Auto Lease Trust 2017-A,2019-02-28,3,11,308222.0,240069.45000000004,0.0
Mercedes-Benz Auto Lease Trust 2017-A,2019-02-28,98,24,689399.0,779809.31,0.0
Mercedes-Benz Auto Lease Trust 2017-A,2019-03-31,1,2764,81520857.45,77404565.72999999,923396.72
Mercedes-Benz Auto Lease Trust 2017-A,2019-03-31,3,4,78162.0,64269.59,0.0
Mercedes-Benz Auto Lease Trust 2017-A,2019-03-31,98,15,364469.0,443561.37,0.0
Mercedes-Benz Auto Lease Trust 2017-A,2019-04-30,1,2857,85308809.50999999,78231228.78,915272.77
Mercedes-Benz Auto Lease Trust 2017-A,2019-04-30,3,9,297551.0,271091.94,0.0
Mercedes-Benz Auto Lease Trust 2017-A,2019-04-30,4,1,43980.0,0.0,0.0
Mercedes-Benz Auto Lease Trust 2017-A,2019-04-30,98,23,744427.4,783925.2900000002,0.0
Mercedes-Benz Auto Lease Trust 2017-A,2019-05-31,1,2160,65563290.6,61036511.5,655324.45
Mercedes-Benz Auto Lease Trust 2017-A,2019-05-31,3,5,148793.0,150053.41999999998,0.0
Mercedes-Benz Auto Lease Trust 2017-A,2019-05-31,98,11,332619.0,344198.77999999997,0.0
Mercedes-Benz Auto Lease Trust 2017-A,2019-06-30,1,1494,45789344.8,44702229.33,361834.4
Mercedes-Benz Auto Lease Trust 2017-A,2019-06-30,3,6,153287.0,39087.85,0.0
Mercedes-Benz Auto Lease Trust 2017-A,2019-06-30,98,15,392407.0,296627.30000000005,0.0
Mercedes-Benz Auto Lease Trust 2017-A,2019-07-31,1,1909,58017265.2,55322500.589999996,384539.74
Mercedes-Benz Auto Lease Trust 2017-A,2019-07-31,3,2,68539.0,0.0,0.0
Mercedes-Benz Auto Lease Trust 2017-A,2019-07-31,98,11,337527.0,246205.04000000004,0.0
Mercedes-Benz Auto Lease Trust 2018-A,2017-12-31,1,57,1930390.8199999998,2967865.58,3770.0
Mercedes-Benz Auto Lease Trust 2018-A,2017-12-31,98,6,145857.0,248992.35,0.0
Mercedes-Benz Auto Lease Trust 2018-A,2018-01-31,1,275,9083776.81,12190445.129999999,21976.16
Mercedes-Benz Auto Lease Trust 2018-A,2018-01-31,3,6,136768.0,174911.65000000002,0.0
Mercedes-Benz Auto Lease Trust 2018-A,2018-01-31,4,8,298944.35,0.0,0.0
Mercedes-Benz Auto Lease Trust 2018-A,2018-01-31,98,26,696429.25,1145513.49,0.0
Mercedes-Benz Auto Lease Trust 2018-A,2018-02-28,1,228,7223701.3,8385857.66,37180.6
Mercedes-Benz Auto Lease Trust 2018-A,2018-02-28,3,5,134653.8,140205.31,0.0
Mercedes-Benz Auto Lease Trust 2018-A,2018-02-28,4,1,52652.0,0.0,0.0
Mercedes-Benz Auto Lease Trust 2018-A,2018-02-28,98,23,696010.5,1132863.6500000001,0.0
Mercedes-Benz Auto Lease Trust 2018-A,2018-03-31,1,338,10153711.61,11707265.51,54355.28
Mercedes-Benz Auto Lease Trust 2018-A,2018-03-31,3,1,19832.0,23588.34,0.0
Mercedes-Benz Auto Lease Trust 2018-A,2018-03-31,98,29,850810.4,1373273.3999999997,0.0
Mercedes-Benz Auto Lease Trust 2018-A,2018-04-30,1,458,13375802.25,14042351.14,121307.85999999999
Mercedes-Benz Auto Lease Trust 2018-A,2018-04-30,3,4,101703.0,119574.93,0.0
Mercedes-Benz Auto Lease Trust 2018-A,2018-04-30,4,1,21133.0,0.0,0.0
Mercedes-Benz Auto Lease Trust 2018-A,2018-04-30,98,15,455059.1,685772.57,0.0
Mercedes-Benz Auto Lease Trust 2018-A,2018-05-31,1,552,16734244.71,17658824.380000003,186756.61
Mercedes-Benz Auto Lease Trust 2018-A,2018-05-31,3,5,222854.0,321357.64,0.0
Mercedes-Benz Auto Lease Trust 2018-A,2018-05-31,98,22,578320.5,830190.2799999999,0.0
Mercedes-Benz Auto Lease Trust 2018-A,2018-06-30,1,509,15271510.43,16115244.44,172616.72
Mercedes-Benz Auto Lease Trust 2018-A,2018-06-30,3,5,116309.0,109781.47,0.0
Mercedes-Benz Auto Lease Trust 2018-A,2018-06-30,98,25,668017.0,1133520.22,0.0
Mercedes-Benz Auto Lease Trust 2018-A,2018-07-31,1,464,13709045.5,14748638.63,164203.62
Mercedes-Benz Auto Lease Trust 2018-A,2018-07-31,3,4,84235.0,89515.09,0.0
Mercedes-Benz Auto Lease Trust 2018-A,2018-07-31,98,15,389957.0,587570.47,0.0
Mercedes-Benz Auto Lease Trust 2018-A,2018-08-31,1,593,17436939.84,19219878.080000002,172792.96999999997
Mercedes-Benz Auto Lease Trust 2018-A,2018-08-31,3,8,253333.0,283830.5,0.0
Mercedes-Benz Auto Lease Trust 2018-A,2018-08-31,4,1,23780.0,0.0,0.0
Mercedes-Benz Auto Lease Trust 2018-A,2018-08-31,98,25,680527.4,1069054.24,0.0
Mercedes-Benz Auto Lease Trust 2018-A,2018-09-30,1,479,13870135.25,15161336.77,156240.8
Mercedes-Benz Auto Lease Trust 2018-A,2018-09-30,3,8,224756.0,275754.39999999997,0.0
Mercedes-Benz Auto Lease Trust 2018-A,2018-09-30,98,25,737361.0,1137629.94,0.0
Mercedes-Benz Auto Lease Trust 2018-A,2018-10-31,1,664,19562488.7,21756737.290000003,184841.19
Mercedes-Benz Auto Lease Trust 2018-A,2018-10-31,3,6,168018.0,169480.11000000002,0.0
Mercedes-Benz Auto Lease Trust 2018-A,2018-10-31,98,26,680518.5,964092.3299999998,0.0
Mercedes-Benz Auto Lease Trust 2018-A,2018-11-30,1,687,20992907.0,22337052.67,212225.11
Mercedes-Benz Auto Lease Trust 2018-A,2018-11-30,3,5,146341.0,165279.16,0.0
Mercedes-Benz Auto Lease Trust 2018-A,2018-11-30,98,19,661514.95,820780.51,0.0
Mercedes-Benz Auto Lease Trust 2018-A,2018-12-31,1,689,21553991.0,22282804.27,211019.48
Mercedes-Benz Auto Lease Trust 2018-A,2018-12-31,3,3,100940.0,120487.45999999999,0.0
Mercedes-Benz Auto Lease Trust 2018-A,2018-12-31,98,16,520576.0,546828.78,0.0
Mercedes-Benz Auto Lease Trust 2018-A,2019-01-31,1,702,21517873.4,22757849.81,226194.44
Mercedes-Benz Auto Lease Trust 2018-A,2019-01-31,3,7,252250.4,207992.37000000002,0.0
Mercedes-Benz Auto Lease Trust 2018-A,2019-01-31,98,33,861579.2,1260487.3900000001,0.0
Mercedes-Benz Auto Lease Trust 2018-A,2019-02-28,1,583,18702722.700000003,20085042.17,184633.71
Mercedes-Benz Auto Lease Trust 2018-A,2019-02-28,3,7,202544.0,189139.97999999998,0.0
Mercedes-Benz Auto Lease Trust 2018-A,2019-02-28,98,25,649599.35,958770.8599999999,0.0
Mercedes-Benz Auto Lease Trust 2018-A,2019-03-31,1,1023,30170600.049999997,30163479.39,350725.02
Mercedes-Benz Auto Lease Trust 2018-A,2019-03-31,3,7,210679.0,230182.74,0.0
Mercedes-Benz Auto Lease Trust 2018-A,2019-03-31,98,16,466833.0,637102.46,0.0
Mercedes-Benz Auto Lease Trust 2018-A,2019-04-30,1,1159,34861577.63,34271850.480000004,407459.79
Mercedes-Benz Auto Lease Trust 2018-A,2019-04-30,3,6,188970.0,204944.40999999997,0.0
Mercedes-Benz Auto Lease Trust 2018-A,2019-04-30,98,25,662397.0,916861.79,0.0
Mercedes-Benz Auto Lease Trust 2018-A,2019-05-31,1,1079,32630002.700000003,32300826.48,361323.7
Mercedes-Benz Auto Lease Trust 2018-A,2019-05-31,3,4,111467.0,103080.20000000001,0.0
Mercedes-Benz Auto Lease Trust 2018-A,2019-05-31,98,9,230741.0,287367.7,0.0
Mercedes-Benz Auto Lease Trust 2018-A,2019-06-30,1,737,22463091.15,23420494.450000003,203134.66999999998
Mercedes-Benz Auto Lease Trust 2018-A,2019-06-30,3,10,238064.3,221185.36000000002,328.75
Mercedes-Benz Auto Lease Trust 2018-A,2019-06-30,98,13,410472.7,473096.67000000004,0.0
Mercedes-Benz Auto Lease Trust 2018-A,2019-07-31,1,1030,32126845.65,33511837.009999998,312798.70999999996
Mercedes-Benz Auto Lease Trust 2018-A,2019-07-31,3,7,217052.0,180652.53999999998,0.0
Mercedes-Benz Auto Lease Trust 2018-A,2019-07-31,98,11,348673.0,419535.7700000001,0.0
Mercedes-Benz Auto Lease Trust 2018-A,2019-08-31,1,1301,37783120.05,38854735.370000005,433738.47
Mercedes-Benz Auto Lease Trust 2018-A,2019-08-31,3,5,111696.0,109317.6,355.43
Mercedes-Benz Auto Lease Trust 2018-A,2019-08-31,98,25,647019.0,836479.96,0.0
Mercedes-Benz Auto Lease Trust 2018-A,2019-09-30,1,1163,34779975.7,35682090.59,374807.25
Mercedes-Benz Auto Lease Trust 2018-A,2019-09-30,3,5,163739.0,138375.06,0.0
Mercedes-Benz Auto Lease Trust 2018-A,2019-09-30,98,19,525306.0,730849.7700000001,0.0
Mercedes-Benz Auto Lease Trust 2018-A,2019-10-31,1,1304,39139208.75,40134122.1,437768.56000000006
Mercedes-Benz Auto Lease Trust 2018-A,2019-10-31,3,3,64613.0,38491.5,0.0
Mercedes-Benz Auto Lease Trust 2018-A,2019-10-31,98,17,489830.0,627570.44,0.0
Mercedes-Benz Auto Lease Trust 2018-A,2019-11-30,1,1337,39767815.35,39335057.43,481387.22
Mercedes-Benz Auto Lease Trust 2018-A,2019-11-30,3,4,102889.0,91286.65,0.0
Mercedes-Benz Auto Lease Trust 2018-A,2019-11-30,98,19,541124.25,634397.0700000001,0.0
Mercedes-Benz Auto Lease Trust 2018-A,2019-12-31,1,1731,50528151.25,48483565.269999996,544125.0700000001
Mercedes-Benz Auto Lease Trust 2018-A,2019-12-31,3,2,61947.0,12107.97,0.0
Mercedes-Benz Auto Lease Trust 2018-A,2019-12-31,98,17,566265.0,563240.88,0.0
Mercedes-Benz Auto Lease Trust 2018-A,2020-01-31,1,1962,56830349.5,53096566.15,644339.9600000001
Mercedes-Benz Auto Lease Trust 2018-A,2020-01-31,3,5,156301.0,118087.48000000001,0.0
Mercedes-Benz Auto Lease Trust 2018-A,2020-01-31,98,28,893775.0,1034073.23,0.0
Mercedes-Benz Auto Lease Trust 2018-A,2020-02-29,1,1438,42509354.95,41476704.63,438486.26
Mercedes-Benz Auto Lease Trust 2018-A,2020-02-29,3,3,69210.0,41089.869999999995,0.0
Mercedes-Benz Auto Lease Trust 2018-A,2020-02-29,98,21,570072.0,630761.65,0.0
Mercedes-Benz Auto Lease Trust 2018-A,2020-03-31,1,1137,33251859.15,33136665.229999997,323848.67
Mercedes-Benz Auto Lease Trust 2018-A,2020-03-31,3,4,115494.0,87362.73,0.0
Mercedes-Benz Auto Lease Trust 2018-A,2020-03-31,98,19,580532.0,615757.1,0.0
Mercedes-Benz Auto Lease Trust 2018-A,2020-04-30,1,576,17000200.950000003,15657438.05,155775.69
Mercedes-Benz Auto Lease Trust 2018-A,2020-04-30,3,1,18210.0,14650.63,0.0
Mercedes-Benz Auto Lease Trust 2018-A,2020-04-30,98,11,322031.0,268825.43,0.0
Mercedes-Benz Auto Lease Trust 2018-A,2020-05-31,1,1248,34547696.15,32728068.08,235262.19
Mercedes-Benz Auto Lease Trust 2018-A,2020-05-31,3,1,18659.0,0.0,0.0
Mercedes-Benz Auto Lease Trust 2018-A,2020-05-31,98,9,281735.0,65471.66,0.0
Mercedes-Benz Auto Lease Trust 2018-A,2020-06-30,1,1741,50051801.0,49132622.67,331774.55000000005
Mercedes-Benz Auto Lease Trust 2018-A,2020-06-30,98,7,174353.0,79217.94,0.0
Mercedes-Benz Auto Lease Trust 2018-B,2018-10-31,1,128,4041947.3499999996,5481699.76,3262.96
Mercedes-Benz Auto Lease Trust 2018-B,2018-10-31,3,1,18244.0,23341.27,0.0
Mercedes-Benz Auto Lease Trust 2018-B,2018-10-31,4,1,34473.0,0.0,0.0
Mercedes-Benz Auto Lease Trust 2018-B,2018-10-31,98,7,209016.0,298901.27999999997,0.0
Mercedes-Benz Auto Lease Trust 2018-B,2018-11-30,1,224,7507978.949999999,9583699.68,45443.96000000001
Mercedes-Benz Auto Lease Trust 2018-B,2018-11-30,4,1,53088.2,0.0,0.0
Mercedes-Benz Auto Lease Trust 2018-B,2018-11-30,98,16,421592.0,688718.13,0.0
Mercedes-Benz Auto Lease Trust 2018-B,2018-12-31,1,319,10051922.100000001,11577563.389999999,79807.23999999999
Mercedes-Benz Auto Lease Trust 2018-B,2018-12-31,3,3,73321.0,110360.06999999999,0.0
Mercedes-Benz Auto Lease Trust 2018-B,2018-12-31,98,8,254552.0,423826.95,0.0
Mercedes-Benz Auto Lease Trust 2018-B,2019-01-31,1,351,10960547.4,12259883.33,80117.06
Mercedes-Benz Auto Lease Trust 2018-B,2019-01-31,3,5,182477.0,213293.22,0.0
Mercedes-Benz Auto Lease Trust 2018-B,2019-01-31,4,1,26888.0,0.0,0.0
Mercedes-Benz Auto Lease Trust 2018-B,2019-01-31,98,32,898870.0,1420722.93,0.0
Mercedes-Benz Auto Lease Trust 2018-B,2019-02-28,1,362,11356921.08,13158792.290000001,72619.2
Mercedes-Benz Auto Lease Trust 2018-B,2019-02-28,3,6,158514.0,158410.58,0.0
Mercedes-Benz Auto Lease Trust 2018-B,2019-02-28,4,1,48393.0,0.0,0.0
Mercedes-Benz Auto Lease Trust 2018-B,2019-02-28,98,23,616060.0,969033.86,0.0
Mercedes-Benz Auto Lease Trust 2018-B,2019-03-31,1,581,17103617.85,18379677.029999997,159336.26
Mercedes-Benz Auto Lease Trust 2018-B,2019-03-31,3,7,193434.0,213318.24,0.0
Mercedes-Benz Auto Lease Trust 2018-B,2019-03-31,98,8,199141.0,298673.32,0.0
Mercedes-Benz Auto Lease Trust 2018-B,2019-04-30,1,743,22381763.8,23060576.68,278976.53
Mercedes-Benz Auto Lease Trust 2018-B,2019-04-30,3,4,138530.0,158746.66,0.0
Mercedes-Benz Auto Lease Trust 2018-B,2019-04-30,98,20,536858.0,804423.42,0.0
Mercedes-Benz Auto Lease Trust 2018-B,2019-05-31,1,593,18504455.4,18990799.22,183355.95
Mercedes-Benz Auto Lease Trust 2018-B,2019-05-31,3,4,95292.0,111678.64,0.0
Mercedes-Benz Auto Lease Trust 2018-B,2019-05-31,98,21,736609.5,793543.43,0.0
Mercedes-Benz Auto Lease Trust 2018-B,2019-06-30,1,461,14828219.55,16505922.940000001,100594.36000000002
Mercedes-Benz Auto Lease Trust 2018-B,2019-06-30,3,4,100100.0,132616.5,0.0
Mercedes-Benz Auto Lease Trust 2018-B,2019-06-30,98,33,908236.0,1329386.5599999998,0.0
Mercedes-Benz Auto Lease Trust 2018-B,2019-07-31,1,565,16953840.04,18740449.18,179514.0
Mercedes-Benz Auto Lease Trust 2018-B,2019-07-31,3,2,64422.0,67145.01000000001,0.0
Mercedes-Benz Auto Lease Trust 2018-B,2019-07-31,98,16,533893.0,770656.9,0.0
Mercedes-Benz Auto Lease Trust 2018-B,2019-08-31,1,648,19102028.25,20239942.18,177060.83000000002
Mercedes-Benz Auto Lease Trust 2018-B,2019-08-31,3,2,80183.0,84641.86,0.0
Mercedes-Benz Auto Lease Trust 2018-B,2019-08-31,98,27,700857.0,1013251.39,0.0
Mercedes-Benz Auto Lease Trust 2018-B,2019-09-30,1,661,19740701.0,21274482.67,168038.92
Mercedes-Benz Auto Lease Trust 2018-B,2019-09-30,3,7,161193.0,157328.62,0.0
Mercedes-Benz Auto Lease Trust 2018-B,2019-09-30,4,1,36068.0,0.0,0.0
Mercedes-Benz Auto Lease Trust 2018-B,2019-09-30,98,15,418334.0,662418.05,0.0
Mercedes-Benz Auto Lease Trust 2018-B,2019-10-31,1,728,22197310.25,23166933.81,243317.13
Mercedes-Benz Auto Lease Trust 2018-B,2019-10-31,3,3,85458.0,55285.59,0.0
Mercedes-Benz Auto Lease Trust 2018-B,2019-10-31,98,27,818227.15,1171904.46,0.0
Mercedes-Benz Auto Lease Trust 2018-B,2019-11-30,1,737,22140883.85,22543925.86,232392.56
Mercedes-Benz Auto Lease Trust 2018-B,2019-11-30,3,2,37320.0,30276.2,0.0
Mercedes-Benz Auto Lease Trust 2018-B,2019-11-30,98,16,456794.0,649130.3500000001,0.0
Mercedes-Benz Auto Lease Trust 2018-B,2019-12-31,1,927,27090952.1,26492702.11,275919.17000000004
Mercedes-Benz Auto Lease Trust 2018-B,2019-12-31,3,3,62208.0,42106.46000000001,0.0
Mercedes-Benz Auto Lease Trust 2018-B,2019-12-31,98,20,599158.0,628393.97,0.0
Mercedes-Benz Auto Lease Trust 2018-B,2020-01-31,1,1233,35558832.0,34741616.239999995,333167.92
Mercedes-Benz Auto Lease Trust 2018-B,2020-01-31,3,1,30522.0,28013.58,0.0
Mercedes-Benz Auto Lease Trust 2018-B,2020-01-31,98,15,436515.0,601709.82,0.0
Mercedes-Benz Auto Lease Trust 2018-B,2020-02-29,1,863,25399972.8,25677583.91,273116.43
Mercedes-Benz Auto Lease Trust 2018-B,2020-02-29,3,2,50370.0,25916.73,0.0
Mercedes-Benz Auto Lease Trust 2018-B,2020-02-29,98,25,775317.0,994283.69,0.0
Mercedes-Benz Auto Lease Trust 2018-B,2020-03-31,1,738,22070197.35,23249350.729999997,245847.40000000002
Mercedes-Benz Auto Lease Trust 2018-B,2020-03-31,3,4,111366.0,114928.37,0.0
Mercedes-Benz Auto Lease Trust 2018-B,2020-03-31,98,19,454337.0,584148.14,0.0
Mercedes-Benz Auto Lease Trust 2018-B,2020-04-30,1,380,11646339.75,12122105.989999998,94601.34
Mercedes-Benz Auto Lease Trust 2018-B,2020-04-30,3,1,22966.0,26162.15,0.0
Mercedes-Benz Auto Lease Trust 2018-B,2020-04-30,98,19,572507.0,687665.53,1331.75
Mercedes-Benz Auto Lease Trust 2018-B,2020-05-31,1,804,22752835.25,24016651.43,169677.72
Mercedes-Benz Auto Lease Trust 2018-B,2020-05-31,98,9,253760.0,280171.02999999997,0.0
Mercedes-Benz Auto Lease Trust 2018-B,2020-06-30,1,1208,34543415.6,37994534.5,273080.69
Mercedes-Benz Auto Lease Trust 2018-B,2020-06-30,3,1,27317.0,15750.0,0.0
Mercedes-Benz Auto Lease Trust 2018-B,2020-06-30,98,16,433487.0,488696.86,0.0
Mercedes-Benz Auto Lease Trust 2018-B,2020-07-31,1,1195,34484190.15,38874954.94,289278.82999999996
Mercedes-Benz Auto Lease Trust 2018-B,2020-07-31,3,1,19379.0,18741.56,0.0
Mercedes-Benz Auto Lease Trust 2018-B,2020-07-31,98,13,403094.25,479730.76999999996,0.0
Mercedes-Benz Auto Lease Trust 2018-B,2020-08-31,1,947,27528142.25,32527350.99,178573.04
Mercedes-Benz Auto Lease Trust 2018-B,2020-08-31,3,1,19424.0,27724.48,0.0
Mercedes-Benz Auto Lease Trust 2018-B,2020-08-31,98,12,420042.0,516345.67000000004,0.0
Mercedes-Benz Auto Lease Trust 2018-B,2020-09-30,1,908,26345255.25,31632324.160000004,197084.25999999998
Mercedes-Benz Auto Lease Trust 2018-B,2020-09-30,3,1,25520.0,29900.73,0.0
Mercedes-Benz Auto Lease Trust 2018-B,2020-09-30,98,15,401355.6,517498.52,0.0
Mercedes-Benz Auto Lease Trust 2018-B,2020-10-31,1,963,28311381.5,34212987.72,187636.87000000002
Mercedes-Benz Auto Lease Trust 2018-B,2020-10-31,3,1,21746.0,4721.0,0.0
Mercedes-Benz Auto Lease Trust 2018-B,2020-10-31,98,6,148881.0,163574.92,0.0
Mercedes-Benz Auto Lease Trust 2018-B,2020-11-30,1,922,27071636.9,32530713.8,182999.88
Mercedes-Benz Auto Lease Trust 2018-B,2020-11-30,3,1,19123.0,17597.76,0.0
Mercedes-Benz Auto Lease Trust 2018-B,2020-11-30,98,12,319913.0,296795.02999999997,0.0
Mercedes-Benz Auto Lease Trust 2018-B,2020-12-31,1,1074,30745332.5,36385884.65,233614.58
Mercedes-Benz Auto Lease Trust 2018-B,2020-12-31,3,3,92990.0,51147.66,0.0
Mercedes-Benz Auto Lease Trust 2018-B,2020-12-31,98,3,86586.0,103158.16,0.0
Mercedes-Benz Auto Lease Trust 2018-B,2021-01-31,1,1088,31054425.349999998,36370773.07,189460.63
Mercedes-Benz Auto Lease Trust 2018-B,2021-01-31,3,1,25294.0,450.0,0.0
Mercedes-Benz Auto Lease Trust 2018-B,2021-01-31,98,10,272587.0,248133.52000000002,0.0
Mercedes-Benz Auto Lease Trust 2018-B,2021-02-28,1,1080,30255788.15,33562497.49,167312.08000000002
Mercedes-Benz Auto Lease Trust 2018-B,2021-02-28,3,1,27753.0,0.0,0.0
Mercedes-Benz Auto Lease Trust 2018-B,2021-02-28,98,5,197594.0,202349.63999999998,0.0
Mercedes-Benz Auto Lease Trust 2019-A,2019-01-31,1,387,12042709.5,16519507.040000001,65009.77
Mercedes-Benz Auto Lease Trust 2019-A,2019-01-31,4,1,28583.0,0.0,0.0
Mercedes-Benz Auto Lease Trust 2019-A,2019-01-31,98,34,890981.0,1521635.7,0.0
Mercedes-Benz Auto Lease Trust 2019-A,2019-02-28,1,276,9376077.4,11505788.280000001,58596.93000000001
Mercedes-Benz Auto Lease Trust 2019-A,2019-02-28,3,6,150500.0,178940.77,0.0
Mercedes-Benz Auto Lease Trust 2019-A,2019-02-28,98,25,613496.0,1067459.8,0.0
Mercedes-Benz Auto Lease Trust 2019-A,2019-03-31,1,495,15023832.2,17057289.229999997,139156.56
Mercedes-Benz Auto Lease Trust 2019-A,2019-03-31,3,4,109162.0,110747.39,0.0
Mercedes-Benz Auto Lease Trust 2019-A,2019-03-31,98,19,665528.0,1027560.83,0.0
Mercedes-Benz Auto Lease Trust 2019-A,2019-04-30,1,705,20981254.0,22356287.71,225621.09999999998
Mercedes-Benz Auto Lease Trust 2019-A,2019-04-30,3,6,179917.0,234745.03000000003,0.0
Mercedes-Benz Auto Lease Trust 2019-A,2019-04-30,98,36,943316.4,1335774.9199999997,0.0
Mercedes-Benz Auto Lease Trust 2019-A,2019-05-31,1,658,20574910.45,21279661.439999998,207413.35
Mercedes-Benz Auto Lease Trust 2019-A,2019-05-31,3,6,168147.0,176642.12,0.0
Mercedes-Benz Auto Lease Trust 2019-A,2019-05-31,4,1,19629.0,0.0,0.0
Mercedes-Benz Auto Lease Trust 2019-A,2019-05-31,98,16,406377.0,590594.86,0.0
Mercedes-Benz Auto Lease Trust 2019-A,2019-06-30,1,495,15216157.600000001,16798161.49,130640.04000000001
Mercedes-Benz Auto Lease Trust 2019-A,2019-06-30,3,6,200139.0,234591.63,0.0
Mercedes-Benz Auto Lease Trust 2019-A,2019-06-30,98,24,614676.95,957965.8999999999,0.0
Mercedes-Benz Auto Lease Trust 2019-A,2019-07-31,1,651,19715524.5,22024105.59,165075.61
Mercedes-Benz Auto Lease Trust 2019-A,2019-07-31,3,7,210423.9,227526.81000000003,0.0
Mercedes-Benz Auto Lease Trust 2019-A,2019-07-31,98,31,796646.0,1169754.0899999996,0.0
Mercedes-Benz Auto Lease Trust 2019-A,2019-08-31,1,748,21930474.6,23383508.380000003,248672.44999999998
Mercedes-Benz Auto Lease Trust 2019-A,2019-08-31,3,5,110971.0,127930.16,0.0
Mercedes-Benz Auto Lease Trust 2019-A,2019-08-31,98,34,1010510.2,1384989.7799999998,0.0
Mercedes-Benz Auto Lease Trust 2019-A,2019-09-30,1,723,21334895.55,23117669.53,219142.65999999997
Mercedes-Benz Auto Lease Trust 2019-A,2019-09-30,3,5,134225.0,140877.06,0.0
Mercedes-Benz Auto Lease Trust 2019-A,2019-09-30,98,19,566906.4,824127.53,0.0
Mercedes-Benz Auto Lease Trust 2019-A,2019-10-31,1,864,26046755.169999998,27865752.84,242432.81999999998
Mercedes-Benz Auto Lease Trust 2019-A,2019-10-31,3,11,243502.0,211333.71,0.0
Mercedes-Benz Auto Lease Trust 2019-A,2019-10-31,98,23,648787.0,957549.4600000001,0.0
Mercedes-Benz Auto Lease Trust 2019-A,2019-11-30,1,843,25674237.5,26524363.630000003,249232.43
Mercedes-Benz Auto Lease Trust 2019-A,2019-11-30,3,4,102198.0,97744.91,0.0
Mercedes-Benz Auto Lease Trust 2019-A,2019-11-30,98,24,562619.0,792106.68,0.0
Mercedes-Benz Auto Lease Trust 2019-A,2019-12-31,1,1124,33096558.25,32506199.94,319262.95999999996
Mercedes-Benz Auto Lease Trust 2019-A,2019-12-31,3,2,48415.0,43771.259999999995,0.0
Mercedes-Benz Auto Lease Trust 2019-A,2019-12-31,98,16,451555.0,631245.56,0.0
Mercedes-Benz Auto Lease Trust 2019-A,2020-01-31,1,1352,39493618.599999994,38510320.76,413434.42
Mercedes-Benz Auto Lease Trust 2019-A,2020-01-31,3,12,378572.25,403044.25999999995,0.0
Mercedes-Benz Auto Lease Trust 2019-A,2020-01-31,98,26,722861.7,887721.77,0.0
Mercedes-Benz Auto Lease Trust 2019-A,2020-02-29,1,1060,31009951.75,31352211.46,295289.45
Mercedes-Benz Auto Lease Trust 2019-A,2020-02-29,3,5,121116.0,125861.03,0.0
Mercedes-Benz Auto Lease Trust 2019-A,2020-02-29,98,29,748976.0,1086461.1099999999,0.0
Mercedes-Benz Auto Lease Trust 2019-A,2020-03-31,1,796,23472706.25,25078509.55,203253.7
Mercedes-Benz Auto Lease Trust 2019-A,2020-03-31,3,2,52432.0,48852.47,0.0
Mercedes-Benz Auto Lease Trust 2019-A,2020-03-31,98,28,733861.7,1087646.47,0.0
Mercedes-Benz Auto Lease Trust 2019-A,2020-04-30,1,442,12919628.0,13708943.93,95650.09
Mercedes-Benz Auto Lease Trust 2019-A,2020-04-30,98,19,519267.0,616523.3599999999,0.0
Mercedes-Benz Auto Lease Trust 2019-A,2020-05-31,1,983,27776608.799999997,29441615.02,241677.75
Mercedes-Benz Auto Lease Trust 2019-A,2020-05-31,3,1,31943.0,43283.76,0.0
Mercedes-Benz Auto Lease Trust 2019-A,2020-05-31,98,20,502861.0,595109.04,0.0
Mercedes-Benz Auto Lease Trust 2019-A,2020-06-30,1,1486,43356631.849999994,47867591.44,354025.91000000003
Mercedes-Benz Auto Lease Trust 2019-A,2020-06-30,98,19,509885.0,567492.1499999999,2100.25
Mercedes-Benz Auto Lease Trust 2019-A,2020-07-31,1,1524,44038362.099999994,50047012.69,384223.68
Mercedes-Benz Auto Lease Trust 2019-A,2020-07-31,3,1,21628.0,0.0,0.0
Mercedes-Benz Auto Lease Trust 2019-A,2020-07-31,4,1,22986.0,0.0,0.0
Mercedes-Benz Auto Lease Trust 2019-A,2020-07-31,98,15,470543.25,622756.55,350.0
Mercedes-Benz Auto Lease Trust 2019-A,2020-08-31,1,1229,35117992.6,41981409.379999995,233958.16
Mercedes-Benz Auto Lease Trust 2019-A,2020-08-31,3,2,47049.0,51073.509999999995,0.0
Mercedes-Benz Auto Lease Trust 2019-A,2020-08-31,98,16,419478.0,471096.93000000005,0.0
Mercedes-Benz Auto Lease Trust 2019-A,2020-09-30,1,1115,32645800.4,39476239.089999996,194071.91999999998
Mercedes-Benz Auto Lease Trust 2019-A,2020-09-30,3,2,44735.0,26767.96,0.0
Mercedes-Benz Auto Lease Trust 2019-A,2020-09-30,98,23,684924.1,786823.4199999999,726.0
Mercedes-Benz Auto Lease Trust 2019-A,2020-10-31,1,1257,36446606.75,44474752.12,210167.5
Mercedes-Benz Auto Lease Trust 2019-A,2020-10-31,3,3,74057.0,90609.05,0.0
Mercedes-Benz Auto Lease Trust 2019-A,2020-10-31,98,12,323922.0,435187.87000000005,0.0
Mercedes-Benz Auto Lease Trust 2019-A,2020-11-30,1,1139,31644552.8,38974226.099999994,205358.3
Mercedes-Benz Auto Lease Trust 2019-A,2020-11-30,3,5,104527.0,119773.37999999998,0.0
Mercedes-Benz Auto Lease Trust 2019-A,2020-11-30,98,22,627796.0,726088.87,0.0
Mercedes-Benz Auto Lease Trust 2019-A,2020-12-31,1,1330,38161028.85,45854044.44,248904.34
Mercedes-Benz Auto Lease Trust 2019-A,2020-12-31,3,3,79137.0,89704.33,0.0
Mercedes-Benz Auto Lease Trust 2019-A,2020-12-31,98,5,162121.0,127070.04000000001,0.0
Mercedes-Benz Auto Lease Trust 2019-A,2021-01-31,1,1340,38038191.3,45388519.1,318622.63
Mercedes-Benz Auto Lease Trust 2019-A,2021-01-31,3,3,85479.0,96981.47,0.0
Mercedes-Benz Auto Lease Trust 2019-A,2021-01-31,98,12,350008.0,327137.65,0.0
Mercedes-Benz Auto Lease Trust 2019-A,2021-02-28,1,1355,37702729.25,44348216.49,304173.38
Mercedes-Benz Auto Lease Trust 2019-A,2021-02-28,3,2,39206.0,24287.96,0.0
Mercedes-Benz Auto Lease Trust 2019-A,2021-02-28,98,15,347247.0,351719.3599999999,0.0
Mercedes-Benz Auto Lease Trust 2019-A,2021-03-31,1,2107,58978496.45,69635639.35,370696.21
Mercedes-Benz Auto Lease Trust 2019-A,2021-03-31,3,2,68599.0,23140.46,0.0
Mercedes-Benz Auto Lease Trust 2019-A,2021-03-31,98,21,572866.0,612080.46,0.0
Mercedes-Benz Auto Lease Trust 2019-A,2021-04-30,1,1685,47741664.0,57106951.86,215795.73
Mercedes-Benz Auto Lease Trust 2019-A,2021-04-30,3,3,100095.0,0.0,0.0
Mercedes-Benz Auto Lease Trust 2019-A,2021-04-30,98,8,181357.0,192269.15999999997,0.0
Mercedes-Benz Auto Lease Trust 2019-B,2019-10-31,1,114,3870120.5,6021322.220000001,4051.35
Mercedes-Benz Auto Lease Trust 2019-B,2019-10-31,3,1,19940.0,20506.21,0.0
Mercedes-Benz Auto Lease Trust 2019-B,2019-10-31,4,1,35271.0,0.0,0.0
Mercedes-Benz Auto Lease Trust 2019-B,2019-10-31,98,10,297387.0,458357.42,0.0
Mercedes-Benz Auto Lease Trust 2019-B,2019-11-30,1,166,5241526.35,7305375.449999999,30644.08
Mercedes-Benz Auto Lease Trust 2019-B,2019-11-30,3,1,23462.0,36459.9,0.0
Mercedes-Benz Auto Lease Trust 2019-B,2019-11-30,4,1,61623.0,0.0,0.0
Mercedes-Benz Auto Lease Trust 2019-B,2019-11-30,98,23,652133.0,1074253.8399999999,0.0
Mercedes-Benz Auto Lease Trust 2019-B,2019-12-31,1,264,8222242.65,10044628.48,69380.86
Mercedes-Benz Auto Lease Trust 2019-B,2019-12-31,3,2,103294.6,165665.74,0.0
Mercedes-Benz Auto Lease Trust 2019-B,2019-12-31,4,1,35756.0,0.0,0.0
Mercedes-Benz Auto Lease Trust 2019-B,2019-12-31,98,22,599213.6,972698.8400000002,0.0
Mercedes-Benz Auto Lease Trust 2019-B,2020-01-31,1,493,14561034.2,15415031.44,114084.62
Mercedes-Benz Auto Lease Trust 2019-B,2020-01-31,3,1,20317.0,13741.48,0.0
Mercedes-Benz Auto Lease Trust 2019-B,2020-01-31,4,2,71165.0,0.0,0.0
Mercedes-Benz Auto Lease Trust 2019-B,2020-01-31,98,24,758960.0,1064614.6099999999,0.0
Mercedes-Benz Auto Lease Trust 2019-B,2020-02-29,1,635,19361462.3,20570264.65,150503.47
Mercedes-Benz Auto Lease Trust 2019-B,2020-02-29,3,7,289534.05,385332.36,0.0
Mercedes-Benz Auto Lease Trust 2019-B,2020-02-29,98,29,734828.0,1150594.4500000002,0.0
Mercedes-Benz Auto Lease Trust 2019-B,2020-03-31,1,553,17489693.1,19786529.87,153277.28
Mercedes-Benz Auto Lease Trust 2019-B,2020-03-31,3,4,138173.0,186415.44,0.0
Mercedes-Benz Auto Lease Trust 2019-B,2020-03-31,98,35,1176234.0,1800471.04,0.0
Mercedes-Benz Auto Lease Trust 2019-B,2020-04-30,1,293,8874699.0,10041747.76,60346.619999999995
Mercedes-Benz Auto Lease Trust 2019-B,2020-04-30,3,2,41941.0,45075.619999999995,0.0
Mercedes-Benz Auto Lease Trust 2019-B,2020-04-30,98,27,876812.35,1313018.88,0.0
Mercedes-Benz Auto Lease Trust 2019-B,2020-05-31,1,703,20818570.4,22488585.56,160404.61
Mercedes-Benz Auto Lease Trust 2019-B,2020-05-31,3,1,21004.0,21971.59,0.0
Mercedes-Benz Auto Lease Trust 2019-B,2020-05-31,4,1,19997.0,0.0,0.0
Mercedes-Benz Auto Lease Trust 2019-B,2020-05-31,98,12,325554.0,379977.25,0.0
Mercedes-Benz Auto Lease Trust 2019-B,2020-06-30,1,1008,30619324.3,34283969.68000001,265955.93
Mercedes-Benz Auto Lease Trust 2019-B,2020-06-30,98,20,630570.45,779423.84,0.0
Mercedes-Benz Auto Lease Trust 2019-B,2020-07-31,1,1055,31754294.5,37072191.36,278029.31999999995
Mercedes-Benz Auto Lease Trust 2019-B,2020-07-31,3,1,38995.0,51957.1,0.0
Mercedes-Benz Auto Lease Trust 2019-B,2020-07-31,98,24,704165.0,981918.03,0.0
Mercedes-Benz Auto Lease Trust 2019-B,2020-08-31,1,915,27344879.4,33027558.92,178733.46
Mercedes-Benz Auto Lease Trust 2019-B,2020-08-31,98,23,678317.15,1055387.07,0.0
Mercedes-Benz Auto Lease Trust 2019-B,2020-09-30,1,882,26329089.65,32254881.49,145878.86
Mercedes-Benz Auto Lease Trust 2019-B,2020-09-30,3,4,130147.0,209789.03000000003,0.0
Mercedes-Benz Auto Lease Trust 2019-B,2020-09-30,98,20,574212.9,772980.9400000001,0.0
Mercedes-Benz Auto Lease Trust 2019-B,2020-10-31,1,910,27955790.65,34353902.28,167242.34999999998
Mercedes-Benz Auto Lease Trust 2019-B,2020-10-31,3,4,98420.0,123464.44,0.0
Mercedes-Benz Auto Lease Trust 2019-B,2020-10-31,4,1,21454.0,0.0,0.0
Mercedes-Benz Auto Lease Trust 2019-B,2020-10-31,98,21,558184.25,703706.3500000001,0.0
Mercedes-Benz Auto Lease Trust 2019-B,2020-11-30,1,829,24842367.65,30544033.47,135014.12
Mercedes-Benz Auto Lease Trust 2019-B,2020-11-30,3,5,143958.0,195506.29,0.0
Mercedes-Benz Auto Lease Trust 2019-B,2020-11-30,98,16,522128.0,646564.27,0.0
Mercedes-Benz Auto Lease Trust 2019-B,2020-12-31,1,887,27422023.15,33532867.27,141322.9
Mercedes-Benz Auto Lease Trust 2019-B,2020-12-31,3,8,182727.0,194282.58000000002,0.0
Mercedes-Benz Auto Lease Trust 2019-B,2020-12-31,98,15,495671.25,715378.14,0.0
Mercedes-Benz Auto Lease Trust 2019-B,2021-01-31,1,821,24559523.65,29607770.189999998,173361.94
Mercedes-Benz Auto Lease Trust 2019-B,2021-01-31,3,3,93183.0,87014.99,0.0
Mercedes-Benz Auto Lease Trust 2019-B,2021-01-31,98,21,560113.75,654517.03,0.0
Mercedes-Benz Auto Lease Trust 2019-B,2021-02-28,1,891,26564195.450000003,31707872.54,176561.69
Mercedes-Benz Auto Lease Trust 2019-B,2021-02-28,98,27,928738.55,1080977.78,0.0
Mercedes-Benz Auto Lease Trust 2019-B,2021-03-31,1,1262,37637892.75,45190929.59,227578.73000000004
Mercedes-Benz Auto Lease Trust 2019-B,2021-03-31,3,2,49925.0,57882.55,0.0
Mercedes-Benz Auto Lease Trust 2019-B,2021-03-31,98,14,431989.0,606718.2300000001,0.0
Mercedes-Benz Auto Lease Trust 2019-B,2021-04-30,1,1015,29676950.15,36739408.56,140086.26
Mercedes-Benz Auto Lease Trust 2019-B,2021-04-30,3,1,22890.0,27052.89,0.0
Mercedes-Benz Auto Lease Trust 2019-B,2021-04-30,98,11,338449.05,544842.54,0.0
Mercedes-Benz Auto Lease Trust 2019-B,2021-05-31,1,835,24836361.200000003,31128192.459999997,111356.81
Mercedes-Benz Auto Lease Trust 2019-B,2021-05-31,3,2,57175.0,76577.82,0.0
Mercedes-Benz Auto Lease Trust 2019-B,2021-05-31,98,13,404524.6,579808.66,0.0
Mercedes-Benz Auto Lease Trust 2019-B,2021-06-30,1,920,27427605.55,35002816.72,68252.72
Mercedes-Benz Auto Lease Trust 2019-B,2021-06-30,3,1,25643.0,37358.84,0.0
Mercedes-Benz Auto Lease Trust 2019-B,2021-06-30,98,11,314474.0,435177.23,0.0
Mercedes-Benz Auto Lease Trust 2019-B,2021-07-31,1,790,23401794.8,29694729.61,34129.85
Mercedes-Benz Auto Lease Trust 2019-B,2021-07-31,3,1,19616.0,24569.55,0.0
Mercedes-Benz Auto Lease Trust 2019-B,2021-07-31,98,17,463347.0,517075.30000000005,0.0
Mercedes-Benz Auto Lease Trust 2019-B,2021-08-31,1,954,29385644.75,36925341.14,63757.96
Mercedes-Benz Auto Lease Trust 2019-B,2021-08-31,3,1,18284.0,765.0,0.0
Mercedes-Benz Auto Lease Trust 2019-B,2021-08-31,98,23,633609.0,869158.6899999998,0.0
Mercedes-Benz Auto Lease Trust 2019-B,2021-09-30,1,955,28811372.75,35743099.03,38418.63
Mercedes-Benz Auto Lease Trust 2019-B,2021-09-30,3,1,24393.0,34898.48,0.0
Mercedes-Benz Auto Lease Trust 2019-B,2021-09-30,98,7,175270.0,199082.05,0.0
Mercedes-Benz Auto Lease Trust 2019-B,2021-10-31,1,969,28435223.0,35212922.29,25537.49
Mercedes-Benz Auto Lease Trust 2019-B,2021-10-31,3,1,28845.0,33561.42,0.0
Mercedes-Benz Auto Lease Trust 2019-B,2021-10-31,98,31,939417.95,1314330.5499999998,0.0
Mercedes-Benz Auto Lease Trust 2019-B,2021-11-30,1,1214,35402810.35,43272699.69,19851.07
Mercedes-Benz Auto Lease Trust 2019-B,2021-11-30,3,1,30716.0,47745.58,0.0
Mercedes-Benz Auto Lease Trust 2019-B,2021-11-30,98,36,1069792.6,1428095.5300000003,0.0
Mercedes-Benz Auto Lease Trust 2019-B,2021-12-31,1,1152,34347587.45,41367209.67,14003.810000000001
Mercedes-Benz Auto Lease Trust 2019-B,2021-12-31,98,6,177538.0,59970.45,0.0
Mercedes-Benz Auto Lease Trust 2019-B,2022-01-31,1,1132,33113974.799999997,40454503.17,10755.419999999998
Mercedes-Benz Auto Lease Trust 2019-B,2022-01-31,3,1,17248.0,0.0,0.0
Mercedes-Benz Auto Lease Trust 2019-B,2022-01-31,98,10,291577.0,267467.5,0.0
Mercedes-Benz Auto Lease Trust 2019-B,2022-02-28,1,1369,40425855.35,47875164.620000005,11277.45
Mercedes-Benz Auto Lease Trust 2019-B,2022-02-28,3,2,34892.0,410.99,0.0
Mercedes-Benz Auto Lease Trust 2019-B,2022-02-28,98,17,413492.8,532589.91,0.0
Mercedes-Benz Auto Lease Trust 2019-B,2022-03-31,1,1602,46450366.95999999,54830026.79000001,23112.03
Mercedes-Benz Auto Lease Trust 2019-B,2022-03-31,98,19,495588.0,489982.88,0.0
Mercedes-Benz Auto Lease Trust 2020-A,2020-01-31,1,615,19339024.45,25010448.07,116034.38
Mercedes-Benz Auto Lease Trust 2020-A,2020-01-31,3,3,66418.0,89319.4,0.0
Mercedes-Benz Auto Lease Trust 2020-A,2020-01-31,4,2,71579.0,0.0,0.0
Mercedes-Benz Auto Lease Trust 2020-A,2020-01-31,98,23,685158.0,1186885.63,0.0
Mercedes-Benz Auto Lease Trust 2020-A,2020-02-29,1,533,15729494.850000001,17791342.02,101340.34999999999
Mercedes-Benz Auto Lease Trust 2020-A,2020-02-29,3,3,96771.0,125551.65999999999,0.0
Mercedes-Benz Auto Lease Trust 2020-A,2020-02-29,98,30,949516.25,1580708.7300000002,0.0
Mercedes-Benz Auto Lease Trust 2020-A,2020-03-31,1,493,15279770.85,17878800.259999998,126985.34999999999
Mercedes-Benz Auto Lease Trust 2020-A,2020-03-31,3,4,112217.0,126420.3,0.0
Mercedes-Benz Auto Lease Trust 2020-A,2020-03-31,4,2,67123.0,0.0,0.0
Mercedes-Benz Auto Lease Trust 2020-A,2020-03-31,98,29,787033.15,1271062.4699999997,0.0
Mercedes-Benz Auto Lease Trust 2020-A,2020-04-30,1,295,8706241.6,10292584.889999999,53133.25
Mercedes-Benz Auto Lease Trust 2020-A,2020-04-30,3,2,43024.0,59858.28,0.0
Mercedes-Benz Auto Lease Trust 2020-A,2020-04-30,98,19,470506.8,610947.0799999998,0.0
Mercedes-Benz Auto Lease Trust 2020-A,2020-05-31,1,686,19322861.55,21170927.240000002,124176.96
Mercedes-Benz Auto Lease Trust 2020-A,2020-05-31,3,3,56522.0,81504.1,0.0
Mercedes-Benz Auto Lease Trust 2020-A,2020-05-31,98,16,482547.0,519354.8600000001,0.0
Mercedes-Benz Auto Lease Trust 2020-A,2020-06-30,1,1002,29831603.85,33921903.22,218921.95
Mercedes-Benz Auto Lease Trust 2020-A,2020-06-30,3,2,71439.0,103358.16,0.0
Mercedes-Benz Auto Lease Trust 2020-A,2020-06-30,98,22,592492.0,879640.2,0.0
Mercedes-Benz Auto Lease Trust 2020-A,2020-07-31,1,1062,30872200.25,36648287.73,233316.27
Mercedes-Benz Auto Lease Trust 2020-A,2020-07-31,3,1,55838.35,65025.81,0.0
Mercedes-Benz Auto Lease Trust 2020-A,2020-07-31,98,29,897735.0,1383323.8400000003,0.0
Mercedes-Benz Auto Lease Trust 2020-A,2020-08-31,1,887,26247976.4,32348814.89,160477.23
Mercedes-Benz Auto Lease Trust 2020-A,2020-08-31,3,1,25491.0,37354.37,0.0
Mercedes-Benz Auto Lease Trust 2020-A,2020-08-31,98,35,865054.0,1239334.7800000003,0.0
Mercedes-Benz Auto Lease Trust 2020-A,2020-09-30,1,784,23001824.4,29411427.03,119182.51
Mercedes-Benz Auto Lease Trust 2020-A,2020-09-30,3,4,156326.0,261021.83000000002,0.0
Mercedes-Benz Auto Lease Trust 2020-A,2020-09-30,4,1,35972.0,0.0,0.0
Mercedes-Benz Auto Lease Trust 2020-A,2020-09-30,98,26,696428.25,870481.1799999999,0.0
Mercedes-Benz Auto Lease Trust 2020-A,2020-10-31,1,885,26390948.650000002,33433467.68,165231.69
Mercedes-Benz Auto Lease Trust 2020-A,2020-10-31,3,6,175513.0,158281.24,0.0
Mercedes-Benz Auto Lease Trust 2020-A,2020-10-31,98,22,564310.7,795401.69,0.0
Mercedes-Benz Auto Lease Trust 2020-A,2020-11-30,1,809,24163508.4,30471025.27,114340.53000000001
Mercedes-Benz Auto Lease Trust 2020-A,2020-11-30,3,7,157301.9,144580.81,0.0
Mercedes-Benz Auto Lease Trust 2020-A,2020-11-30,98,21,557154.0,889885.3200000001,0.0
Mercedes-Benz Auto Lease Trust 2020-A,2020-12-31,1,852,25049564.8,30930440.259999998,132023.47
Mercedes-Benz Auto Lease Trust 2020-A,2020-12-31,3,5,137792.0,169187.98,0.0
Mercedes-Benz Auto Lease Trust 2020-A,2020-12-31,98,18,565917.2,842318.24,0.0
Mercedes-Benz Auto Lease Trust 2020-A,2021-01-31,1,887,26650240.65,32993367.73,159511.11
Mercedes-Benz Auto Lease Trust 2020-A,2021-01-31,3,2,46934.0,52500.369999999995,0.0
Mercedes-Benz Auto Lease Trust 2020-A,2021-01-31,98,13,341756.0,524151.88,0.0
Mercedes-Benz Auto Lease Trust 2020-A,2021-02-28,1,900,26259571.7,32454753.56,150008.81
Mercedes-Benz Auto Lease Trust 2020-A,2021-02-28,3,4,97219.0,81548.4,0.0
Mercedes-Benz Auto Lease Trust 2020-A,2021-02-28,98,22,611804.0,909079.6100000001,0.0
Mercedes-Benz Auto Lease Trust 2020-A,2021-03-31,1,1418,40085243.599999994,49404462.550000004,267330.12
Mercedes-Benz Auto Lease Trust 2020-A,2021-03-31,3,3,75296.0,99468.73000000001,0.0
Mercedes-Benz Auto Lease Trust 2020-A,2021-03-31,98,25,826328.0,1214700.18,0.0
Mercedes-Benz Auto Lease Trust 2020-A,2021-04-30,1,1174,33841238.4,42960183.71,138348.52000000002
Mercedes-Benz Auto Lease Trust 2020-A,2021-04-30,3,7,271609.0,375090.8300000001,0.0
Mercedes-Benz Auto Lease Trust 2020-A,2021-04-30,98,19,480939.0,701023.08,0.0
Mercedes-Benz Auto Lease Trust 2020-A,2021-05-31,1,959,28122551.7,36664105.34,108642.17000000001
Mercedes-Benz Auto Lease Trust 2020-A,2021-05-31,3,2,55806.0,90343.9,0.0
Mercedes-Benz Auto Lease Trust 2020-A,2021-05-31,98,8,206563.0,319784.87,0.0
Mercedes-Benz Auto Lease Trust 2020-A,2021-06-30,1,1119,32256316.05,42017431.59,55182.130000000005
Mercedes-Benz Auto Lease Trust 2020-A,2021-06-30,3,4,101781.0,129950.19,0.0
Mercedes-Benz Auto Lease Trust 2020-A,2021-06-30,98,21,596349.0,862602.66,0.0
Mercedes-Benz Auto Lease Trust 2020-A,2021-07-31,1,1026,29219020.4,37956757.53,65810.89000000001
Mercedes-Benz Auto Lease Trust 2020-A,2021-07-31,3,5,152168.0,248591.1,0.0
Mercedes-Benz Auto Lease Trust 2020-A,2021-07-31,98,25,647489.0,904336.14,0.0
Mercedes-Benz Auto Lease Trust 2020-A,2021-08-31,1,1095,32849103.5,42114056.41,60281.409999999996
Mercedes-Benz Auto Lease Trust 2020-A,2021-08-31,3,7,202091.0,352256.32,0.0
Mercedes-Benz Auto Lease Trust 2020-A,2021-08-31,98,18,515187.0,754295.95,0.0
Mercedes-Benz Auto Lease Trust 2020-A,2021-09-30,1,1174,33508169.299999997,42809242.84,34135.36
Mercedes-Benz Auto Lease Trust 2020-A,2021-09-30,3,4,102947.0,169871.49,0.0
Mercedes-Benz Auto Lease Trust 2020-A,2021-09-30,98,17,596029.0,770751.0,0.0
Mercedes-Benz Auto Lease Trust 2020-A,2021-10-31,1,1217,35061477.849999994,44682250.58,36757.98
Mercedes-Benz Auto Lease Trust 2020-A,2021-10-31,98,35,855668.0,1146458.4299999997,0.0
Mercedes-Benz Auto Lease Trust 2020-A,2021-11-30,1,1434,40667284.0,51367129.220000006,24926.93
Mercedes-Benz Auto Lease Trust 2020-A,2021-11-30,98,56,1551897.0,2115892.5999999996,0.0
Mercedes-Benz Auto Lease Trust 2020-A,2021-12-31,1,1409,41910188.3,51997365.32,22185.64
Mercedes-Benz Auto Lease Trust 2020-A,2021-12-31,3,2,59356.0,73575.96,0.0
Mercedes-Benz Auto Lease Trust 2020-A,2021-12-31,98,8,240364.0,336996.32,0.0
Mercedes-Benz Auto Lease Trust 2020-A,2022-01-31,1,1358,38836422.900000006,48320352.58,10879.470000000001
Mercedes-Benz Auto Lease Trust 2020-A,2022-01-31,98,15,434843.0,581101.77,0.0
Mercedes-Benz Auto Lease Trust 2020-A,2022-02-28,1,1757,50152062.8,61786503.41,17211.85
Mercedes-Benz Auto Lease Trust 2020-A,2022-02-28,3,2,44304.0,64699.3,0.0
Mercedes-Benz Auto Lease Trust 2020-A,2022-02-28,98,26,669732.0,899698.1300000001,0.0
Mercedes-Benz Auto Lease Trust 2020-A,2022-03-31,1,2002,56974157.25,69651452.05,23449.149999999998
Mercedes-Benz Auto Lease Trust 2020-A,2022-03-31,98,16,441565.0,438676.4,0.0
Mercedes-Benz Auto Lease Trust 2020-A,2022-04-30,1,1640,45872846.3,55909546.629999995,29976.629999999997
Mercedes-Benz Auto Lease Trust 2020-A,2022-04-30,3,1,20411.0,471.16,0.0
Mercedes-Benz Auto Lease Trust 2020-A,2022-04-30,98,13,325712.0,388003.91,0.0
Mercedes-Benz Auto Lease Trust 2020-A,2022-05-31,1,1793,50363849.2,61030132.900000006,24701.08
Mercedes-Benz Auto Lease Trust 2020-A,2022-05-31,3,1,21985.0,0.0,0.0
Mercedes-Benz Auto Lease Trust 2020-A,2022-05-31,98,12,272068.0,306108.96,0.0
Mercedes-Benz Auto Lease Trust 2020-B,2020-08-31,1,83,2450995.0,4215188.39,5913.07
Mercedes-Benz Auto Lease Trust 2020-B,2020-08-31,4,1,34680.0,0.0,0.0
Mercedes-Benz Auto Lease Trust 2020-B,2020-08-31,98,8,222560.0,468809.41000000003,0.0
Mercedes-Benz Auto Lease Trust 2020-B,2020-09-30,1,121,3273032.05,5427734.65,15784.150000000001
Mercedes-Benz Auto Lease Trust 2020-B,2020-09-30,3,2,51903.0,99144.97,0.0
Mercedes-Benz Auto Lease Trust 2020-B,2020-09-30,98,21,523144.0,868368.6100000001,0.0
Mercedes-Benz Auto Lease Trust 2020-B,2020-10-31,1,202,5562983.2,8694518.32,24168.11
Mercedes-Benz Auto Lease Trust 2020-B,2020-10-31,3,1,17874.0,17960.93,0.0
Mercedes-Benz Auto Lease Trust 2020-B,2020-10-31,4,2,63043.0,0.0,0.0
Mercedes-Benz Auto Lease Trust 2020-B,2020-10-31,98,17,393386.0,672458.1400000001,0.0
Mercedes-Benz Auto Lease Trust 2020-B,2020-11-30,1,187,4853205.05,7115023.550000001,34547.37
Mercedes-Benz Auto Lease Trust 2020-B,2020-11-30,3,2,53495.6,45051.22,0.0
Mercedes-Benz Auto Lease Trust 2020-B,2020-11-30,98,17,527385.0,988349.48,0.0
Mercedes-Benz Auto Lease Trust 2020-B,2020-12-31,1,266,6935922.199999999,10248359.55,36867.659999999996
Mercedes-Benz Auto Lease Trust 2020-B,2020-12-31,3,4,102109.0,145274.80000000002,0.0
Mercedes-Benz Auto Lease Trust 2020-B,2020-12-31,4,1,17510.0,0.0,0.0
Mercedes-Benz Auto Lease Trust 2020-B,2020-12-31,98,15,396561.0,680234.23,0.0
Mercedes-Benz Auto Lease Trust 2020-B,2021-01-31,1,301,7865161.55,11131167.0,39864.14
Mercedes-Benz Auto Lease Trust 2020-B,2021-01-31,3,2,51368.0,59998.21000000001,0.0
Mercedes-Benz Auto Lease Trust 2020-B,2021-01-31,4,2,51334.0,0.0,0.0
Mercedes-Benz Auto Lease Trust 2020-B,2021-01-31,98,12,316523.0,527452.19,0.0
Mercedes-Benz Auto Lease Trust 2020-B,2021-02-28,1,331,8489610.0,11719376.61,51637.600000000006
Mercedes-Benz Auto Lease Trust 2020-B,2021-02-28,3,2,40812.0,43806.979999999996,0.0
Mercedes-Benz Auto Lease Trust 2020-B,2021-02-28,4,2,73734.0,0.0,0.0
Mercedes-Benz Auto Lease Trust 2020-B,2021-02-28,98,18,547922.0,914374.3,0.0
Mercedes-Benz Auto Lease Trust 2020-B,2021-03-31,1,705,18451208.55,24626026.85,84077.62
Mercedes-Benz Auto Lease Trust 2020-B,2021-03-31,3,3,73065.0,114438.17,0.0
Mercedes-Benz Auto Lease Trust 2020-B,2021-03-31,98,29,792302.0,1377274.4,0.0
Mercedes-Benz Auto Lease Trust 2020-B,2021-04-30,1,768,19503111.9,25822377.68,125889.0
Mercedes-Benz Auto Lease Trust 2020-B,2021-04-30,98,12,373883.0,561742.79,0.0
Mercedes-Benz Auto Lease Trust 2020-B,2021-05-31,1,957,23739410.6,32319455.21,106771.09999999999
Mercedes-Benz Auto Lease Trust 2020-B,2021-05-31,3,4,80871.0,98907.04000000001,1116.0
Mercedes-Benz Auto Lease Trust 2020-B,2021-05-31,98,13,304586.0,458724.44,0.0
Mercedes-Benz Auto Lease Trust 2020-B,2021-06-30,1,995,24560471.200000003,33564878.28999999,58571.21
Mercedes-Benz Auto Lease Trust 2020-B,2021-06-30,3,1,22589.0,12230.25,0.0
Mercedes-Benz Auto Lease Trust 2020-B,2021-06-30,98,16,483757.0,818113.4,0.0
Mercedes-Benz Auto Lease Trust 2020-B,2021-07-31,1,933,22826761.5,31046435.869999997,73944.95
Mercedes-Benz Auto Lease Trust 2020-B,2021-07-31,3,2,49020.0,70729.61,0.0
Mercedes-Benz Auto Lease Trust 2020-B,2021-07-31,98,19,460578.0,703181.26,0.0
Mercedes-Benz Auto Lease Trust 2020-B,2021-08-31,1,798,19974142.200000003,27786198.15,47459.55
Mercedes-Benz Auto Lease Trust 2020-B,2021-08-31,3,2,43827.0,82019.83,0.0
Mercedes-Benz Auto Lease Trust 2020-B,2021-08-31,98,16,418251.0,652625.19,0.0
Mercedes-Benz Auto Lease Trust 2020-B,2021-09-30,1,783,20277743.05,27631721.97,36935.020000000004
Mercedes-Benz Auto Lease Trust 2020-B,2021-09-30,3,3,76343.0,113716.13,0.0
Mercedes-Benz Auto Lease Trust 2020-B,2021-09-30,98,8,177670.0,244653.58999999997,0.0
Mercedes-Benz Auto Lease Trust 2020-B,2021-10-31,1,681,18092044.6,24647875.939999998,16819.91
Mercedes-Benz Auto Lease Trust 2020-B,2021-10-31,3,1,33190.0,55711.04,0.0
Mercedes-Benz Auto Lease Trust 2020-B,2021-10-31,98,36,881993.0,1291356.3400000003,0.0
Mercedes-Benz Auto Lease Trust 2020-B,2021-11-30,1,642,17168371.75,23558198.84,4253.24
Mercedes-Benz Auto Lease Trust 2020-B,2021-11-30,3,2,46050.0,35034.57,0.0
Mercedes-Benz Auto Lease Trust 2020-B,2021-11-30,98,34,965740.0,1507877.05,0.0
Mercedes-Benz Auto Lease Trust 2020-B,2021-12-31,1,545,14813242.15,20342554.6,3516.87
Mercedes-Benz Auto Lease Trust 2020-B,2021-12-31,3,1,18024.0,34934.56,0.0
Mercedes-Benz Auto Lease Trust 2020-B,2021-12-31,98,8,192136.0,290769.16,0.0
Mercedes-Benz Auto Lease Trust 2020-B,2022-01-31,1,427,11665674.1,16478742.31,8480.74
Mercedes-Benz Auto Lease Trust 2020-B,2022-01-31,98,17,491061.0,713160.0499999999,0.0
Mercedes-Benz Auto Lease Trust 2020-B,2022-02-28,1,509,14158267.9,19702410.4,5349.08
Mercedes-Benz Auto Lease Trust 2020-B,2022-02-28,3,3,65161.0,54102.369999999995,0.0
Mercedes-Benz Auto Lease Trust 2020-B,2022-02-28,98,20,535767.0,845448.2200000001,0.0
Mercedes-Benz Auto Lease Trust 2020-B,2022-03-31,1,545,14232643.3,19258649.14,10846.359999999999
Mercedes-Benz Auto Lease Trust 2020-B,2022-03-31,98,19,563969.0,872575.1300000001,0.0
Mercedes-Benz Auto Lease Trust 2020-B,2022-04-30,1,529,14063170.4,19116371.36,8239.18
Mercedes-Benz Auto Lease Trust 2020-B,2022-04-30,3,1,16551.0,7570.0,0.0
Mercedes-Benz Auto Lease Trust 2020-B,2022-04-30,98,13,294164.0,406172.72,0.0
Mercedes-Benz Auto Lease Trust 2020-B,2022-05-31,1,557,14808630.7,19631574.61,14132.21
Mercedes-Benz Auto Lease Trust 2020-B,2022-05-31,98,14,367242.0,489141.86,0.0
Mercedes-Benz Auto Lease Trust 2020-B,2022-06-30,1,767,20509592.25,27210108.879999995,6512.549999999999
Mercedes-Benz Auto Lease Trust 2020-B,2022-06-30,3,2,48428.0,66116.58,0.0
Mercedes-Benz Auto Lease Trust 2020-B,2022-06-30,98,25,692162.0,971821.97,0.0
Mercedes-Benz Auto Lease Trust 2020-B,2022-07-31,1,763,20474607.95,26347252.849999998,5878.87
Mercedes-Benz Auto Lease Trust 2020-B,2022-07-31,3,3,59194.0,80049.32,0.0
Mercedes-Benz Auto Lease Trust 2020-B,2022-07-31,98,11,270388.0,328157.60000000003,0.0
Mercedes-Benz Auto Lease Trust 2020-B,2022-08-31,1,934,24854394.1,31189224.07,5773.92
Mercedes-Benz Auto Lease Trust 2020-B,2022-08-31,98,15,385621.0,506366.3,0.0
Mercedes-Benz Auto Lease Trust 2020-B,2022-09-30,1,1016,27015445.1,33908043.72,3326.66
Mercedes-Benz Auto Lease Trust 2020-B,2022-09-30,98,8,266082.0,292020.43000000005,0.0
Mercedes-Benz Auto Lease Trust 2020-B,2022-10-31,1,1053,28600205.1,35509571.519999996,8942.91
Mercedes-Benz Auto Lease Trust 2020-B,2022-10-31,98,4,101294.0,148441.35,0.0
Mercedes-Benz Auto Lease Trust 2020-B,2022-11-30,1,1202,32804025.65,40903554.150000006,26219.45
Mercedes-Benz Auto Lease Trust 2020-B,2022-11-30,98,14,382698.0,390128.88000000006,0.0
Mercedes-Benz Auto Lease Trust 2020-B,2022-12-31,1,1404,38530612.45,47989898.09,32032.51
Mercedes-Benz Auto Lease Trust 2020-B,2022-12-31,98,12,405015.5,493667.60000000003,1063.31
Mercedes-Benz Auto Lease Trust 2020-B,2023-01-31,1,1399,39071586.5,48143806.94,63727.39
Mercedes-Benz Auto Lease Trust 2020-B,2023-01-31,3,1,22928.0,4166.59,0.0
Mercedes-Benz Auto Lease Trust 2020-B,2023-01-31,98,14,339925.0,249051.38,0.0
Mercedes-Benz Auto Lease Trust 2020-B,2023-02-28,1,1252,34425296.15,42269998.75,23742.71
Mercedes-Benz Auto Lease Trust 2020-B,2023-02-28,3,1,18121.0,508.78,0.0
Mercedes-Benz Auto Lease Trust 2020-B,2023-02-28,98,8,230298.15,172398.56,0.0
Mercedes-Benz Auto Lease Trust 2021-A,2021-01-31,1,489,14068689.7,19901892.439999998,43203.03
Mercedes-Benz Auto Lease Trust 2021-A,2021-01-31,4,5,197105.0,0.0,0.0
Mercedes-Benz Auto Lease Trust 2021-A,2021-01-31,98,5,105177.0,159610.63,0.0
Mercedes-Benz Auto Lease Trust 2021-A,2021-02-28,1,507,14355021.0,18998553.689999998,60859.94
Mercedes-Benz Auto Lease Trust 2021-A,2021-02-28,98,30,768667.0,1356981.67,0.0
Mercedes-Benz Auto Lease Trust 2021-A,2021-03-31,1,910,25519120.75,32097641.22,161559.99
Mercedes-Benz Auto Lease Trust 2021-A,2021-03-31,3,3,98789.0,146714.89,0.0
Mercedes-Benz Auto Lease Trust 2021-A,2021-03-31,98,23,664300.55,1153834.14,0.0
Mercedes-Benz Auto Lease Trust 2021-A,2021-04-30,1,954,26367348.5,34095798.39,121911.82
Mercedes-Benz Auto Lease Trust 2021-A,2021-04-30,3,2,53195.0,91293.02,0.0
Mercedes-Benz Auto Lease Trust 2021-A,2021-04-30,98,22,612050.0,1107295.2999999998,0.0
Mercedes-Benz Auto Lease Trust 2021-A,2021-05-31,1,912,25454927.75,33695316.9,120039.76999999999
Mercedes-Benz Auto Lease Trust 2021-A,2021-05-31,98,12,307166.0,477703.48,0.0
Mercedes-Benz Auto Lease Trust 2021-A,2021-06-30,1,995,27184794.55,36326865.08,88382.42
Mercedes-Benz Auto Lease Trust 2021-A,2021-06-30,3,1,24169.0,35166.82,0.0
Mercedes-Benz Auto Lease Trust 2021-A,2021-06-30,98,26,662088.6,1015054.1499999999,0.0
Mercedes-Benz Auto Lease Trust 2021-A,2021-07-31,1,876,23945252.7,32060254.93,57234.7
Mercedes-Benz Auto Lease Trust 2021-A,2021-07-31,3,3,55656.0,63820.08,0.0
Mercedes-Benz Auto Lease Trust 2021-A,2021-07-31,4,1,31364.0,0.0,0.0
Mercedes-Benz Auto Lease Trust 2021-A,2021-07-31,98,18,468511.2,794391.92,0.0
Mercedes-Benz Auto Lease Trust 2021-A,2021-08-31,1,936,26679786.6,35265324.019999996,47362.26
Mercedes-Benz Auto Lease Trust 2021-A,2021-08-31,4,1,39467.0,0.0,0.0
Mercedes-Benz Auto Lease Trust 2021-A,2021-08-31,98,13,310083.0,443303.23,0.0
Mercedes-Benz Auto Lease Trust 2021-A,2021-09-30,1,1017,28615564.900000002,38205822.66,45782.21
Mercedes-Benz Auto Lease Trust 2021-A,2021-09-30,3,5,92524.0,194499.81,0.0
Mercedes-Benz Auto Lease Trust 2021-A,2021-09-30,98,22,560239.0,912627.63,0.0
Mercedes-Benz Auto Lease Trust 2021-A,2021-10-31,1,1009,28179839.6,36973228.22,30506.870000000003
Mercedes-Benz Auto Lease Trust 2021-A,2021-10-31,3,3,74549.0,110395.34,0.0
Mercedes-Benz Auto Lease Trust 2021-A,2021-10-31,98,42,1129911.0,1862063.96,0.0
Mercedes-Benz Auto Lease Trust 2021-A,2021-11-30,1,1091,30416981.05,40133825.099999994,13326.099999999999
Mercedes-Benz Auto Lease Trust 2021-A,2021-11-30,3,6,130579.0,188637.48000000004,0.0
Mercedes-Benz Auto Lease Trust 2021-A,2021-11-30,98,63,1759149.0,2918941.4400000004,0.0
Mercedes-Benz Auto Lease Trust 2021-A,2021-12-31,1,1003,28767210.05,37709870.239999995,9904.21
Mercedes-Benz Auto Lease Trust 2021-A,2021-12-31,3,1,30190.0,39371.74,0.0
Mercedes-Benz Auto Lease Trust 2021-A,2021-12-31,98,13,300486.0,404330.6599999999,0.0
Mercedes-Benz Auto Lease Trust 2021-A,2022-01-31,1,876,25174722.9,33116209.53,16584.32
Mercedes-Benz Auto Lease Trust 2021-A,2022-01-31,3,4,139124.0,133250.49,0.0
Mercedes-Benz Auto Lease Trust 2021-A,2022-01-31,4,1,35415.0,64739.62,0.0
Mercedes-Benz Auto Lease Trust 2021-A,2022-01-31,98,27,773670.0,1162293.89,0.0
Mercedes-Benz Auto Lease Trust 2021-A,2022-02-28,1,757,21874794.2,28699933.33,6803.1900000000005
Mercedes-Benz Auto Lease Trust 2021-A,2022-02-28,3,2,32916.0,53895.73,0.0
Mercedes-Benz Auto Lease Trust 2021-A,2022-02-28,98,30,831304.0,1295222.0799999998,0.0
Mercedes-Benz Auto Lease Trust 2021-A,2022-03-31,1,790,22204399.25,28988121.45,15385.9
Mercedes-Benz Auto Lease Trust 2021-A,2022-03-31,3,1,15128.0,31665.82,0.0
Mercedes-Benz Auto Lease Trust 2021-A,2022-03-31,98,25,643162.0,1022475.55,0.0
Mercedes-Benz Auto Lease Trust 2021-A,2022-04-30,1,724,21489959.950000003,27439800.72,37626.28
Mercedes-Benz Auto Lease Trust 2021-A,2022-04-30,98,16,415009.0,579123.61,0.0
Mercedes-Benz Auto Lease Trust 2021-A,2022-05-31,1,749,21087673.35,26960741.830000002,9607.3
Mercedes-Benz Auto Lease Trust 2021-A,2022-05-31,3,1,27078.0,37729.95,0.0
Mercedes-Benz Auto Lease Trust 2021-A,2022-05-31,98,17,459334.0,614838.19,0.0
Mercedes-Benz Auto Lease Trust 2021-A,2022-06-30,1,735,20592597.95,26529414.060000002,14883.43
Mercedes-Benz Auto Lease Trust 2021-A,2022-06-30,3,1,14289.0,546.38,0.0
Mercedes-Benz Auto Lease Trust 2021-A,2022-06-30,98,24,627774.0,820623.3200000001,0.0
Mercedes-Benz Auto Lease Trust 2021-A,2022-07-31,1,643,18148877.9,23242179.21,23412.429999999997
Mercedes-Benz Auto Lease Trust 2021-A,2022-07-31,98,19,514612.0,589118.9799999999,0.0
Mercedes-Benz Auto Lease Trust 2021-A,2022-08-31,1,649,18525799.1,23240158.259999998,15058.82
Mercedes-Benz Auto Lease Trust 2021-A,2022-08-31,3,2,58031.0,79227.44,0.0
Mercedes-Benz Auto Lease Trust 2021-A,2022-08-31,98,25,718092.7,971016.6499999999,0.0
Mercedes-Benz Auto Lease Trust 2021-A,2022-09-30,1,675,19119552.8,23674189.42,17353.91
Mercedes-Benz Auto Lease Trust 2021-A,2022-09-30,3,2,36393.0,51486.28,0.0
Mercedes-Benz Auto Lease Trust 2021-A,2022-09-30,98,9,221664.0,149821.44,0.0
Mercedes-Benz Auto Lease Trust 2021-A,2022-10-31,1,818,24278930.299999997,29716093.96,9905.58
Mercedes-Benz Auto Lease Trust 2021-A,2022-10-31,3,2,50833.0,31054.9,0.0
Mercedes-Benz Auto Lease Trust 2021-A,2022-10-31,98,19,445041.0,574404.81,0.0
Mercedes-Benz Auto Lease Trust 2021-A,2022-11-30,1,979,27933135.900000002,34354481.879999995,13153.599999999999
Mercedes-Benz Auto Lease Trust 2021-A,2022-11-30,3,1,48314.0,21116.62,0.0
Mercedes-Benz Auto Lease Trust 2021-A,2022-11-30,98,31,861174.0,1017464.26,0.0
Mercedes-Benz Auto Lease Trust 2021-A,2022-12-31,1,895,25468288.4,31737174.04,29192.08
Mercedes-Benz Auto Lease Trust 2021-A,2022-12-31,3,2,49115.0,27561.36,0.0
Mercedes-Benz Auto Lease Trust 2021-A,2022-12-31,98,19,541213.0,695640.6,0.0
Mercedes-Benz Auto Lease Trust 2021-A,2023-01-31,1,845,23610482.05,29233918.39,22269.65
Mercedes-Benz Auto Lease Trust 2021-A,2023-01-31,3,5,136177.0,105502.94,0.0
Mercedes-Benz Auto Lease Trust 2021-A,2023-01-31,98,21,605973.0,779089.1099999999,0.0
Mercedes-Benz Auto Lease Trust 2021-A,2023-02-28,1,829,23149283.75,28722410.5,30567.129999999997
Mercedes-Benz Auto Lease Trust 2021-A,2023-02-28,3,3,65334.0,1340.96,0.0
Mercedes-Benz Auto Lease Trust 2021-A,2023-02-28,98,20,612552.0,615674.3599999999,0.0
Mercedes-Benz Auto Lease Trust 2021-A,2023-03-31,1,1092,30594021.450000003,37675928.629999995,57912.26
Mercedes-Benz Auto Lease Trust 2021-A,2023-03-31,3,2,49773.0,30828.63,0.0
Mercedes-Benz Auto Lease Trust 2021-A,2023-03-31,98,10,296445.0,340163.96,0.0
Mercedes-Benz Auto Lease Trust 2021-A,2023-04-30,1,966,26904664.5,32931549.150000002,24237.489999999998
Mercedes-Benz Auto Lease Trust 2021-A,2023-04-30,3,1,25442.0,40185.22,0.0
Mercedes-Benz Auto Lease Trust 2021-A,2023-04-30,98,13,420593.0,626205.2,0.0
Mercedes-Benz Auto Lease Trust 2021-A,2023-05-31,1,1614,44857983.5,54238489.089999996,36444.56
Mercedes-Benz Auto Lease Trust 2021-A,2023-05-31,3,1,46596.0,61559.09,0.0
Mercedes-Benz Auto Lease Trust 2021-A,2023-05-31,98,18,506901.0,386468.4,0.0
Mercedes-Benz Auto Lease Trust 2021-A,2023-06-30,1,1720,49146560.449999996,59134076.150000006,18414.38
Mercedes-Benz Auto Lease Trust 2021-A,2023-06-30,98,12,266919.0,273299.72000000003,0.0
Mercedes-Benz Auto Lease Trust 2021-B,2021-05-31,1,238,6823743.65,10276645.8,4040.13
Mercedes-Benz Auto Lease Trust 2021-B,2021-06-30,1,383,10399928.1,15681566.06,4055.99
Mercedes-Benz Auto Lease Trust 2021-B,2021-06-30,4,1,91410.0,0.0,0.0
Mercedes-Benz Auto Lease Trust 2021-B,2021-06-30,98,13,313371.0,549315.7899999999,0.0
Mercedes-Benz Auto Lease Trust 2021-B,2021-07-31,1,562,15170228.200000001,21054904.22,7168.12
Mercedes-Benz Auto Lease Trust 2021-B,2021-07-31,3,2,34374.0,24453.649999999998,0.0
Mercedes-Benz Auto Lease Trust 2021-B,2021-07-31,98,25,628353.5,1095553.57,0.0
Mercedes-Benz Auto Lease Trust 2021-B,2021-08-31,1,595,17008027.85,23882075.1,21219.8
Mercedes-Benz Auto Lease Trust 2021-B,2021-08-31,98,16,394389.85,689334.5800000001,0.0
Mercedes-Benz Auto Lease Trust 2021-B,2021-09-30,1,636,17879797.85,25514324.560000002,24321.41
Mercedes-Benz Auto Lease Trust 2021-B,2021-09-30,3,3,89458.0,143476.27000000002,0.0
Mercedes-Benz Auto Lease Trust 2021-B,2021-09-30,98,27,750304.0,1328091.5400000003,0.0
Mercedes-Benz Auto Lease Trust 2021-B,2021-10-31,1,602,16686383.940000001,23953104.34,23997.72
Mercedes-Benz Auto Lease Trust 2021-B,2021-10-31,3,2,45426.0,63067.619999999995,0.0
Mercedes-Benz Auto Lease Trust 2021-B,2021-10-31,98,45,1235002.95,1985584.01,0.0
Mercedes-Benz Auto Lease Trust 2021-B,2021-11-30,1,667,18752863.0,26959946.82,15565.54
Mercedes-Benz Auto Lease Trust 2021-B,2021-11-30,3,4,95247.0,154617.8,0.0
Mercedes-Benz Auto Lease Trust 2021-B,2021-11-30,98,76,2048905.25,3612277.81,0.0
Mercedes-Benz Auto Lease Trust 2021-B,2021-12-31,1,616,16912633.2,23600140.73,7642.499999999999
Mercedes-Benz Auto Lease Trust 2021-B,2021-12-31,3,5,154937.0,291908.63,0.0
Mercedes-Benz Auto Lease Trust 2021-B,2021-12-31,98,13,370784.65,559739.32,0.0
Mercedes-Benz Auto Lease Trust 2021-B,2022-01-31,1,533,14926499.75,21808527.62,2475.81
Mercedes-Benz Auto Lease Trust 2021-B,2022-01-31,3,3,59413.0,123274.2,0.0
Mercedes-Benz Auto Lease Trust 2021-B,2022-01-31,98,31,920475.5,1623688.4200000002,0.0
Mercedes-Benz Auto Lease Trust 2021-B,2022-02-28,1,563,16359120.700000001,23603431.71,747.92
Mercedes-Benz Auto Lease Trust 2021-B,2022-02-28,3,3,68042.0,125825.31999999999,0.0
Mercedes-Benz Auto Lease Trust 2021-B,2022-02-28,98,40,1046938.1,1869484.14,0.0
Mercedes-Benz Auto Lease Trust 2021-B,2022-03-31,1,655,18447791.35,26252338.25,22997.239999999998
Mercedes-Benz Auto Lease Trust 2021-B,2022-03-31,3,2,64518.0,113118.06,0.0
Mercedes-Benz Auto Lease Trust 2021-B,2022-03-31,98,33,954183.3999999999,1483573.02,0.0
Mercedes-Benz Auto Lease Trust 2021-B,2022-04-30,1,542,15318094.95,21367556.29,8719.04
Mercedes-Benz Auto Lease Trust 2021-B,2022-04-30,3,3,87347.0,135553.92,0.0
Mercedes-Benz Auto Lease Trust 2021-B,2022-04-30,98,27,693302.75,979811.7100000001,0.0
Mercedes-Benz Auto Lease Trust 2021-B,2022-05-31,1,542,14983812.1,20552628.119999997,9798.029999999999
Mercedes-Benz Auto Lease Trust 2021-B,2022-05-31,3,2,70893.0,83159.36,0.0
Mercedes-Benz Auto Lease Trust 2021-B,2022-05-31,4,1,30424.0,0.0,0.0
Mercedes-Benz Auto Lease Trust 2021-B,2022-05-31,98,22,527831.0,791930.14,0.0
Mercedes-Benz Auto Lease Trust 2021-B,2022-06-30,1,519,14614178.7,20638113.36,6074.5
Mercedes-Benz Auto Lease Trust 2021-B,2022-06-30,3,3,58203.0,88287.37999999999,0.0
Mercedes-Benz Auto Lease Trust 2021-B,2022-06-30,98,26,708106.7,1125992.5,0.0
Mercedes-Benz Auto Lease Trust 2021-B,2022-07-31,1,457,12592355.2,17229491.759999998,11353.59
Mercedes-Benz Auto Lease Trust 2021-B,2022-07-31,3,8,177587.0,216213.71999999997,0.0
Mercedes-Benz Auto Lease Trust 2021-B,2022-07-31,98,25,602908.0,910447.5999999999,0.0
Mercedes-Benz Auto Lease Trust 2021-B,2022-08-31,1,485,14484951.2,19870234.409999996,7203.39
Mercedes-Benz Auto Lease Trust 2021-B,2022-08-31,3,1,25684.0,38806.05,0.0
Mercedes-Benz Auto Lease Trust 2021-B,2022-08-31,98,35,938569.0,1550564.5600000003,0.0
Mercedes-Benz Auto Lease Trust 2021-B,2022-09-30,1,454,12638257.700000001,17398516.38,14506.75
Mercedes-Benz Auto Lease Trust 2021-B,2022-09-30,3,3,74053.0,66660.9,0.0
Mercedes-Benz Auto Lease Trust 2021-B,2022-09-30,98,20,680410.0,821907.38,0.0
Mercedes-Benz Auto Lease Trust 2021-B,2022-10-31,1,480,13563976.900000002,18048789.72,5627.0
Mercedes-Benz Auto Lease Trust 2021-B,2022-10-31,3,4,77032.0,66444.1,0.0
Mercedes-Benz Auto Lease Trust 2021-B,2022-10-31,98,24,645713.0,1009754.49,0.0
Mercedes-Benz Auto Lease Trust 2021-B,2022-11-30,1,594,16792482.5,22074240.59,9692.64
Mercedes-Benz Auto Lease Trust 2021-B,2022-11-30,3,1,38418.0,53299.52,0.0
Mercedes-Benz Auto Lease Trust 2021-B,2022-11-30,98,42,1051372.5,1639959.2200000002,0.0
Mercedes-Benz Auto Lease Trust 2021-B,2022-12-31,1,586,16120778.25,20985822.220000003,28265.68
Mercedes-Benz Auto Lease Trust 2021-B,2022-12-31,3,3,68088.0,95921.9,0.0
Mercedes-Benz Auto Lease Trust 2021-B,2022-12-31,4,1,22597.0,0.0,0.0
Mercedes-Benz Auto Lease Trust 2021-B,2022-12-31,98,29,842479.8,1131441.6,0.0
Mercedes-Benz Auto Lease Trust 2021-B,2023-01-31,1,544,15538890.100000001,20373048.7,32096.059999999998
Mercedes-Benz Auto Lease Trust 2021-B,2023-01-31,3,4,73117.0,110778.48999999999,0.0
Mercedes-Benz Auto Lease Trust 2021-B,2023-01-31,98,23,683435.0,977823.7200000001,0.0
Mercedes-Benz Auto Lease Trust 2021-B,2023-02-28,1,546,15412422.5,20248924.36,35915.53
Mercedes-Benz Auto Lease Trust 2021-B,2023-02-28,3,1,21137.0,27490.83,0.0
Mercedes-Benz Auto Lease Trust 2021-B,2023-02-28,98,19,603234.2,769089.4299999999,0.0
Mercedes-Benz Auto Lease Trust 2021-B,2023-03-31,1,677,19166045.65,24866332.990000002,23800.2
Mercedes-Benz Auto Lease Trust 2021-B,2023-03-31,3,3,70782.0,93131.76999999999,0.0
Mercedes-Benz Auto Lease Trust 2021-B,2023-03-31,98,22,582118.05,854347.93,0.0
Mercedes-Benz Auto Lease Trust 2021-B,2023-04-30,1,710,20033181.0,25826793.17,30147.850000000002
Mercedes-Benz Auto Lease Trust 2021-B,2023-04-30,3,3,84314.0,96535.79000000001,0.0
Mercedes-Benz Auto Lease Trust 2021-B,2023-04-30,98,19,555324.2,688035.8200000001,0.0
Mercedes-Benz Auto Lease Trust 2021-B,2023-05-31,1,942,26760376.0,33941787.45,27544.29
Mercedes-Benz Auto Lease Trust 2021-B,2023-05-31,98,32,815663.0,924160.4299999999,0.0
Mercedes-Benz Auto Lease Trust 2021-B,2023-06-30,1,1145,32018804.299999997,39943614.72,15613.46
Mercedes-Benz Auto Lease Trust 2021-B,2023-06-30,3,6,151515.0,171503.82,0.0
Mercedes-Benz Auto Lease Trust 2021-B,2023-06-30,98,17,552827.3,646041.42,0.0
Mercedes-Benz Auto Lease Trust 2021-B,2023-07-31,1,929,26159018.4,32271532.33,24585.09
Mercedes-Benz Auto Lease Trust 2021-B,2023-07-31,3,2,53106.0,81586.09,0.0
Mercedes-Benz Auto Lease Trust 2021-B,2023-07-31,98,26,898497.0,1002423.05,1187.0
Mercedes-Benz Auto Lease Trust 2021-B,2023-08-31,1,1153,32490307.349999998,39837138.330000006,65920.55
Mercedes-Benz Auto Lease Trust 2021-B,2023-08-31,3,4,118687.4,118072.71000000002,0.0
Mercedes-Benz Auto Lease Trust 2021-B,2023-08-31,98,14,327142.0,379610.00000000006,0.0
Mercedes-Benz Auto Lease Trust 2021-B,2023-09-30,1,1114,31242111.45,37978417.59,44294.2
Mercedes-Benz Auto Lease Trust 2021-B,2023-09-30,3,1,34491.0,0.0,0.0
Mercedes-Benz Auto Lease Trust 2021-B,2023-09-30,98,27,771992.8,886430.9199999999,700.0
Mercedes-Benz Auto Lease Trust 2021-B,2023-10-31,1,1299,37631769.75,45532194.82,103152.76999999999
Mercedes-Benz Auto Lease Trust 2021-B,2023-10-31,98,22,695230.6,730828.99,1936.0
Mercedes-Benz Auto Lease Trust 2021-B,2023-11-30,1,1390,39259735.099999994,47186305.010000005,96546.16
Mercedes-Benz Auto Lease Trust 2021-B,2023-11-30,3,3,69672.0,85824.69,0.0
Mercedes-Benz Auto Lease Trust 2021-B,2023-11-30,98,17,473660.5,409650.02999999997,0.0
Mercedes-Benz Auto Lease Trust 2021-B,2023-12-31,1,1345,38804365.75,46180113.3,86183.01999999999
Mercedes-Benz Auto Lease Trust 2021-B,2023-12-31,3,1,42184.0,60137.0,0.0
Mercedes-Benz Auto Lease Trust 2021-B,2023-12-31,98,15,500538.75,383113.65,0.0
Mercedes-Benz Auto Lease Trust 2021-B,2024-01-31,1,1342,38405101.45,45437076.31,78048.13
Mercedes-Benz Auto Lease Trust 2021-B,2024-01-31,3,1,25428.0,0.0,0.0
Mercedes-Benz Auto Lease Trust 2021-B,2024-01-31,98,14,354458.0,338063.25000000006,0.0
Mercedes-Benz Auto Lease Trust 2021-B,2024-02-29,1,1055,29434923.049999997,34676809.81,96951.93
Mercedes-Benz Auto Lease Trust 2021-B,2024-02-29,3,4,86416.0,1345.71,0.0
Mercedes-Benz Auto Lease Trust 2021-B,2024-02-29,98,18,456119.8,308445.53,0.0
Mercedes-Benz Auto Lease Trust 2023-A,2023-04-30,1,424,11757515.0,18581443.869999997,3940.07
Mercedes-Benz Auto Lease Trust 2023-A,2023-04-30,3,1,21198.0,25541.64,0.0
Mercedes-Benz Auto Lease Trust 2023-A,2023-04-30,4,2,66248.0,0.0,0.0
Mercedes-Benz Auto Lease Trust 2023-A,2023-04-30,98,18,477335.35,907889.1,0.0
Mercedes-Benz Auto Lease Trust 2023-A,2023-05-31,1,607,16930505.76,24087922.02,7834.959999999999
Mercedes-Benz Auto Lease Trust 2023-A,2023-05-31,3,1,21486.0,17272.67,0.0
Mercedes-Benz Auto Lease Trust 2023-A,2023-05-31,98,26,661973.25,1264709.0399999998,0.0
Mercedes-Benz Auto Lease Trust 2023-A,2023-06-30,1,970,26672616.349999998,36417937.93,11201.970000000001
Mercedes-Benz Auto Lease Trust 2023-A,2023-06-30,3,5,121799.0,166574.81,0.0
Mercedes-Benz Auto Lease Trust 2023-A,2023-06-30,4,1,29661.0,0.0,0.0
Mercedes-Benz Auto Lease Trust 2023-A,2023-06-30,98,33,869103.9,1573466.8,0.0
Mercedes-Benz Auto Lease Trust 2023-A,2023-07-31,1,797,22020826.2,30467371.58,21797.98
Mercedes-Benz Auto Lease Trust 2023-A,2023-07-31,3,4,118469.0,164253.21,0.0
Mercedes-Benz Auto Lease Trust 2023-A,2023-07-31,98,33,892704.25,1565633.0699999998,0.0
Mercedes-Benz Auto Lease Trust 2023-A,2023-08-31,1,832,22754770.9,30846614.3,35782.38
Mercedes-Benz Auto Lease Trust 2023-A,2023-08-31,3,4,87273.0,138567.30000000002,0.0
Mercedes-Benz Auto Lease Trust 2023-A,2023-08-31,98,42,1143712.2000000002,2005879.3200000003,0.0
Mercedes-Benz Auto Lease Trust 2023-A,2023-09-30,1,788,21846209.05,28975821.54,43396.229999999996
Mercedes-Benz Auto Lease Trust 2023-A,2023-09-30,3,7,133062.0,187488.61,0.0
Mercedes-Benz Auto Lease Trust 2023-A,2023-09-30,98,30,794156.7,1379933.03,0.0
Mercedes-Benz Auto Lease Trust 2023-A,2023-10-31,1,963,27152569.900000002,36946630.26,34376.509999999995
Mercedes-Benz Auto Lease Trust 2023-A,2023-10-31,3,7,194152.0,261967.05000000002,0.0
Mercedes-Benz Auto Lease Trust 2023-A,2023-10-31,98,37,954737.0,1710720.78,0.0
Mercedes-Benz Auto Lease Trust 2023-A,2023-11-30,1,898,25896125.55,33918077.11,55859.32000000001
Mercedes-Benz Auto Lease Trust 2023-A,2023-11-30,3,11,334767.0,497827.66,0.0
Mercedes-Benz Auto Lease Trust 2023-A,2023-11-30,98,50,1477648.4,2439671.9000000004,0.0
Mercedes-Benz Auto Lease Trust 2023-A,2023-12-31,1,797,22324143.4,28802761.85,42472.869999999995
Mercedes-Benz Auto Lease Trust 2023-A,2023-12-31,3,3,64077.0,89267.27,0.0
Mercedes-Benz Auto Lease Trust 2023-A,2023-12-31,98,37,1077306.3,1649673.9799999997,0.0
Mercedes-Benz Auto Lease Trust 2023-A,2024-01-31,1,809,23247250.8,30842809.259999998,74562.89
Mercedes-Benz Auto Lease Trust 2023-A,2024-01-31,3,6,170026.0,254690.63,0.0
Mercedes-Benz Auto Lease Trust 2023-A,2024-01-31,98,50,1455941.0,1972306.76,0.0
Mercedes-Benz Auto Lease Trust 2023-A,2024-02-29,1,838,24214848.4,31509151.740000002,104709.01999999999
Mercedes-Benz Auto Lease Trust 2023-A,2024-02-29,3,14,339651.0,459315.1,0.0
Mercedes-Benz Auto Lease Trust 2023-A,2024-02-29,98,45,1324258.0,2046871.1,0.0
Mercedes-Benz Auto Lease Trust 2023-A,2024-03-31,1,796,22659229.5,29655214.15,68404.54000000001
Mercedes-Benz Auto Lease Trust 2023-A,2024-03-31,3,7,216978.0,282137.14,0.0
Mercedes-Benz Auto Lease Trust 2023-A,2024-03-31,98,35,1067519.0,1733332.2400000002,0.0
Mercedes-Benz Auto Lease Trust 2023-A,2024-04-30,1,946,27201884.95,35326488.8,94591.15
Mercedes-Benz Auto Lease Trust 2023-A,2024-04-30,3,9,188121.0,256283.89,0.0
Mercedes-Benz Auto Lease Trust 2023-A,2024-04-30,98,31,766474.0,1194619.48,0.0
Mercedes-Benz Auto Lease Trust 2023-A,2024-05-31,1,905,25868001.65,33224830.3,70001.51000000001
Mercedes-Benz Auto Lease Trust 2023-A,2024-05-31,3,6,128967.0,131201.74,0.0
Mercedes-Benz Auto Lease Trust 2023-A,2024-05-31,98,47,1295267.4,1964782.7299999997,0.0
Mercedes-Benz Auto Lease Trust 2023-A,2024-06-30,1,641,18864738.05,24980299.11,70353.76000000001
Mercedes-Benz Auto Lease Trust 2023-A,2024-06-30,3,6,152201.0,208650.69999999998,0.0
Mercedes-Benz Auto Lease Trust 2023-A,2024-06-30,98,37,1067068.2,1611293.83,0.0
Mercedes-Benz Auto Lease Trust 2023-A,2024-07-31,1,724,20611829.5,26676789.35,93042.63
Mercedes-Benz Auto Lease Trust 2023-A,2024-07-31,3,10,255792.0,339616.75,0.0
Mercedes-Benz Auto Lease Trust 2023-A,2024-07-31,98,45,1076070.75,1781452.52,0.0
Mercedes-Benz Auto Lease Trust 2023-A,2024-08-31,1,744,21069691.049999997,27822897.28,89448.26000000001
Mercedes-Benz Auto Lease Trust 2023-A,2024-08-31,3,3,65940.0,83746.6,0.0
Mercedes-Benz Auto Lease Trust 2023-A,2024-08-31,98,46,1316250.0,1993274.68,0.0
Mercedes-Benz Auto Lease Trust 2023-A,2024-09-30,1,777,22445877.4,29850682.5,58670.56
Mercedes-Benz Auto Lease Trust 2023-A,2024-09-30,3,6,173977.0,213056.06,0.0
Mercedes-Benz Auto Lease Trust 2023-A,2024-09-30,98,41,1174493.0,1606371.3099999998,0.0
Mercedes-Benz Auto Lease Trust 2023-A,2024-10-31,1,842,24728239.900000002,32486544.62,80618.22
Mercedes-Benz Auto Lease Trust 2023-A,2024-10-31,3,5,110971.0,140505.43,0.0
Mercedes-Benz Auto Lease Trust 2023-A,2024-10-31,98,39,1177539.75,1549437.43,0.0
Mercedes-Benz Auto Lease Trust 2023-A,2024-11-30,1,756,22633597.5,28849710.689999998,93294.92
Mercedes-Benz Auto Lease Trust 2023-A,2024-11-30,3,13,372323.0,489403.69,0.0
Mercedes-Benz Auto Lease Trust 2023-A,2024-11-30,98,34,1069449.2,1414677.4100000001,0.0
Mercedes-Benz Auto Lease Trust 2023-A,2024-12-31,1,897,27001510.0,35181075.45,106485.91999999998
Mercedes-Benz Auto Lease Trust 2023-A,2024-12-31,3,7,232678.0,301455.73999999993,0.0
Mercedes-Benz Auto Lease Trust 2023-A,2024-12-31,98,23,667229.4,872864.4400000001,0.0
Mercedes-Benz Auto Lease Trust 2023-A,2025-01-31,1,833,23888341.799999997,31539001.27,125298.18
Mercedes-Benz Auto Lease Trust 2023-A,2025-01-31,3,8,225669.0,241703.68000000002,0.0
Mercedes-Benz Auto Lease Trust 2023-A,2025-01-31,98,29,764044.15,811587.41,0.0
Mercedes-Benz Auto Lease Trust 2023-A,2025-02-28,1,808,23198640.650000002,29809923.330000002,149086.88
Mercedes-Benz Auto Lease Trust 2023-A,2025-02-28,3,7,172771.0,242361.90000000002,0.0
Mercedes-Benz Auto Lease Trust 2023-A,2025-02-28,98,42,1106570.0,1483153.95,0.0
Mercedes-Benz Auto Lease Trust 2023-A,2025-03-31,1,913,25649635.45,33372198.880000003,149644.46999999997
Mercedes-Benz Auto Lease Trust 2023-A,2025-03-31,3,6,146841.0,147491.68000000002,0.0
Mercedes-Benz Auto Lease Trust 2023-A,2025-03-31,98,26,779669.0,886551.11,0.0
Mercedes-Benz Auto Lease Trust 2023-A,2025-04-30,1,1122,31448905.8,41142280.739999995,185256.5
Mercedes-Benz Auto Lease Trust 2023-A,2025-04-30,3,11,284043.0,403830.42,0.0
Mercedes-Benz Auto Lease Trust 2023-A,2025-04-30,98,28,870379.0,1233042.93,0.0
Mercedes-Benz Auto Lease Trust 2023-A,2025-05-31,1,985,28288288.200000003,36729315.61,157697.77000000002
Mercedes-Benz Auto Lease Trust 2023-A,2025-05-31,3,11,322225.0,371345.38000000006,0.0
Mercedes-Benz Auto Lease Trust 2023-A,2025-05-31,98,32,999475.8,1093435.84,0.0
Mercedes-Benz Auto Lease Trust 2023-A,2025-06-30,1,997,28737132.85,37162039.230000004,151910.13
Mercedes-Benz Auto Lease Trust 2023-A,2025-06-30,3,13,328102.0,397536.25,0.0
Mercedes-Benz Auto Lease Trust 2023-A,2025-06-30,98,14,400419.5,507704.19000000006,0.0
Mercedes-Benz Auto Lease Trust 2023-A,2025-07-31,1,1056,29475474.65,38445565.0,183219.58
Mercedes-Benz Auto Lease Trust 2023-A,2025-07-31,3,3,95396.0,51815.81,0.0
Mercedes-Benz Auto Lease Trust 2023-A,2025-07-31,98,22,591256.0,701736.9,0.0
Mercedes-Benz Auto Lease Trust 2023-A,2025-08-31,1,884,25575345.35,32961081.169999998,103719.16
Mercedes-Benz Auto Lease Trust 2023-A,2025-08-31,3,4,129923.4,163312.15,0.0
Mercedes-Benz Auto Lease Trust 2023-A,2025-08-31,98,23,791367.0,833867.2999999999,0.0
Mercedes-Benz Auto Lease Trust 2023-A,2025-09-30,1,868,25921570.200000003,32995932.25,130982.64000000001
Mercedes-Benz Auto Lease Trust 2023-A,2025-09-30,3,6,117412.0,95111.56,0.0
Mercedes-Benz Auto Lease Trust 2023-A,2025-09-30,98,19,490793.0,500750.05,0.0
Mercedes-Benz Auto Lease Trust 2023-A,2025-10-31,1,933,28377771.0,35898679.67,126308.20999999999
Mercedes-Benz Auto Lease Trust 2023-A,2025-10-31,3,8,223589.0,1947.9299999999998,0.0
Mercedes-Benz Auto Lease Trust 2023-A,2025-10-31,98,16,456998.0,382239.67,0.0
Mercedes-Benz Auto Lease Trust 2023-A,2025-11-30,1,769,22963368.9,28614684.54,59132.600000000006
Mercedes-Benz Auto Lease Trust 2023-A,2025-11-30,3,3,59217.0,0.0,0.0
Mercedes-Benz Auto Lease Trust 2023-A,2025-11-30,98,11,266295.0,338706.26,0.0
Mercedes-Benz Auto Lease Trust 2024-A,2024-04-30,1,205,6469660.949999999,10182687.07,16684.29
Mercedes-Benz Auto Lease Trust 2024-A,2024-04-30,4,2,53703.0,0.0,0.0
Mercedes-Benz Auto Lease Trust 2024-A,2024-04-30,98,4,86410.0,175554.05,0.0
Mercedes-Benz Auto Lease Trust 2024-A,2024-05-31,1,286,9727295.149999999,15138443.469999999,19949.489999999998
Mercedes-Benz Auto Lease Trust 2024-A,2024-05-31,3,1,60356.4,55047.0,0.0
Mercedes-Benz Auto Lease Trust 2024-A,2024-05-31,98,16,438662.5,695003.14,0.0
Mercedes-Benz Auto Lease Trust 2024-A,2024-06-30,1,270,9293902.5,12911714.52,14295.529999999999
Mercedes-Benz Auto Lease Trust 2024-A,2024-06-30,3,1,35729.0,85695.98,0.0
Mercedes-Benz Auto Lease Trust 2024-A,2024-06-30,4,1,55102.0,0.0,0.0
Mercedes-Benz Auto Lease Trust 2024-A,2024-06-30,98,15,566297.0,854981.7599999999,0.0
Mercedes-Benz Auto Lease Trust 2024-A,2024-07-31,1,397,13415555.0,17945094.939999998,28215.410000000003
Mercedes-Benz Auto Lease Trust 2024-A,2024-07-31,3,5,122772.0,190211.32,0.0
Mercedes-Benz Auto Lease Trust 2024-A,2024-07-31,98,32,1008632.1,1673694.41,0.0
Mercedes-Benz Auto Lease Trust 2024-A,2024-08-31,1,411,14698630.05,19174967.110000003,61145.77
Mercedes-Benz Auto Lease Trust 2024-A,2024-08-31,3,4,103424.0,110851.61,0.0
Mercedes-Benz Auto Lease Trust 2024-A,2024-08-31,98,25,773479.75,1507204.25,0.0
Mercedes-Benz Auto Lease Trust 2024-A,2024-09-30,1,399,14195532.05,19531884.69,49568.52
Mercedes-Benz Auto Lease Trust 2024-A,2024-09-30,3,7,154361.0,198874.44,0.0
Mercedes-Benz Auto Lease Trust 2024-A,2024-09-30,98,23,807729.1,1298869.2900000003,0.0
Mercedes-Benz Auto Lease Trust 2024-A,2024-10-31,1,414,15830701.4,19770925.42,74102.0
Mercedes-Benz Auto Lease Trust 2024-A,2024-10-31,3,10,286952.0,407753.53,0.0
Mercedes-Benz Auto Lease Trust 2024-A,2024-10-31,4,1,37430.0,0.0,0.0
Mercedes-Benz Auto Lease Trust 2024-A,2024-10-31,98,31,1037440.0,1546804.01,0.0
Mercedes-Benz Auto Lease Trust 2024-A,2024-11-30,1,337,13500837.5,16865180.369999997,44557.99
Mercedes-Benz Auto Lease Trust 2024-A,2024-11-30,3,6,199603.4,204397.89,0.0
Mercedes-Benz Auto Lease Trust 2024-A,2024-11-30,98,41,1459307.1,2231865.8600000003,0.0
Mercedes-Benz Auto Lease Trust 2024-A,2024-12-31,1,393,14366380.27,18460246.0,57910.28
Mercedes-Benz Auto Lease Trust 2024-A,2024-12-31,3,8,254623.0,386836.84,0.0
Mercedes-Benz Auto Lease Trust 2024-A,2024-12-31,98,26,826285.0,1348071.6099999999,0.0
Mercedes-Benz Auto Lease Trust 2024-A,2025-01-31,1,431,15399052.799999999,19895211.380000003,84501.45999999999
Mercedes-Benz Auto Lease Trust 2024-A,2025-01-31,3,8,285550.2,335415.51,0.0
Mercedes-Benz Auto Lease Trust 2024-A,2025-01-31,98,38,1301100.65,2002625.5500000003,0.0
Mercedes-Benz Auto Lease Trust 2024-A,2025-02-28,1,377,13365793.350000001,16277444.39,61813.43
Mercedes-Benz Auto Lease Trust 2024-A,2025-02-28,3,6,151977.8,178374.78,0.0
Mercedes-Benz Auto Lease Trust 2024-A,2025-02-28,98,25,920640.5,1366578.6099999999,0.0
Mercedes-Benz Auto Lease Trust 2024-A,2025-03-31,1,487,17632210.75,21868170.89,109585.05
Mercedes-Benz Auto Lease Trust 2024-A,2025-03-31,3,4,85260.0,70613.64,0.0
Mercedes-Benz Auto Lease Trust 2024-A,2025-03-31,4,1,51359.55,0.0,0.0
Mercedes-Benz Auto Lease Trust 2024-A,2025-03-31,98,31,1069269.35,1374339.7299999997,0.0
Mercedes-Benz Auto Lease Trust 2024-A,2025-04-30,1,553,19667724.85,24193864.47,99457.44
Mercedes-Benz Auto Lease Trust 2024-A,2025-04-30,3,10,305980.0,428391.92000000004,0.0
Mercedes-Benz Auto Lease Trust 2024-A,2025-04-30,4,1,22944.0,0.0,0.0
Mercedes-Benz Auto Lease Trust 2024-A,2025-04-30,98,41,1447323.55,1891673.88,0.0
Mercedes-Benz Auto Lease Trust 2024-A,2025-05-31,1,470,16668977.049999999,21267791.71,88585.23000000001
Mercedes-Benz Auto Lease Trust 2024-A,2025-05-31,3,6,224629.0,150993.63,0.0
Mercedes-Benz Auto Lease Trust 2024-A,2025-05-31,4,1,45494.0,0.0,0.0
Mercedes-Benz Auto Lease Trust 2024-A,2025-05-31,98,36,1083358.3,1590909.18,0.0
Mercedes-Benz Auto Lease Trust 2024-A,2025-06-30,1,400,14831573.5,18645712.980000004,59518.93
Mercedes-Benz Auto Lease Trust 2024-A,2025-06-30,3,5,173850.25,182444.2,0.0
Mercedes-Benz Auto Lease Trust 2024-A,2025-06-30,98,32,1065206.35,1288846.87,0.0
Mercedes-Benz Auto Lease Trust 2024-A,2025-07-31,1,416,13968691.3,18691000.32,26977.579999999998
Mercedes-Benz Auto Lease Trust 2024-A,2025-07-31,3,9,278871.0,322294.44,0.0
Mercedes-Benz Auto Lease Trust 2024-A,2025-07-31,98,39,1266841.65,1734107.18,0.0
Mercedes-Benz Auto Lease Trust 2024-A,2025-08-31,1,321,10813100.350000001,14565980.07,33548.28
Mercedes-Benz Auto Lease Trust 2024-A,2025-08-31,3,9,327008.25,328854.79000000004,0.0
Mercedes-Benz Auto Lease Trust 2024-A,2025-08-31,98,24,706389.15,823858.03,0.0
Mercedes-Benz Auto Lease Trust 2024-A,2025-09-30,1,373,12896056.95,18081430.48,31897.84
Mercedes-Benz Auto Lease Trust 2024-A,2025-09-30,3,6,188264.0,234470.26,0.0
Mercedes-Benz Auto Lease Trust 2024-A,2025-09-30,98,27,867283.0,1003501.6100000001,0.0
Mercedes-Benz Auto Lease Trust 2024-A,2025-10-31,1,427,14888006.9,20359842.189999998,57491.119999999995
Mercedes-Benz Auto Lease Trust 2024-A,2025-10-31,3,9,240321.0,244991.63,0.0
Mercedes-Benz Auto Lease Trust 2024-A,2025-10-31,98,21,703330.8,1045994.28,0.0
Mercedes-Benz Auto Lease Trust 2024-A,2025-11-30,1,319,11413341.15,15432219.05,51556.36
Mercedes-Benz Auto Lease Trust 2024-A,2025-11-30,3,5,141416.0,173420.04,0.0
Mercedes-Benz Auto Lease Trust 2024-A,2025-11-30,98,18,508266.05,631631.2999999999,0.0
Mercedes-Benz Auto Lease Trust 2024-A,2025-12-31,1,408,14404235.8,19656601.77,64879.95
Mercedes-Benz Auto Lease Trust 2024-A,2025-12-31,3,7,169440.0,203424.66,0.0
Mercedes-Benz Auto Lease Trust 2024-A,2025-12-31,98,28,819729.0,975971.91,0.0
Mercedes-Benz Auto Lease Trust 2024-A,2026-01-31,1,457,15700399.4,21059480.560000002,46886.1
Mercedes-Benz Auto Lease Trust 2024-A,2026-01-31,3,4,140340.0,136598.19,0.0
Mercedes-Benz Auto Lease Trust 2024-A,2026-01-31,98,23,752600.7,978181.0400000002,0.0
Mercedes-Benz Auto Lease Trust 2024-A,2026-02-28,1,531,18229262.700000003,23854520.89,96081.65
Mercedes-Benz Auto Lease Trust 2024-A,2026-02-28,3,3,103668.0,83681.79,0.0
Mercedes-Benz Auto Lease Trust 2024-A,2026-02-28,98,23,794327.9,993083.3799999999,0.0
Mercedes-Benz Auto Lease Trust 2024-A,2026-03-31,1,710,25003640.95,32351912.05,108836.45
Mercedes-Benz Auto Lease Trust 2024-A,2026-03-31,3,4,143519.0,47332.86,0.0
Mercedes-Benz Auto Lease Trust 2024-A,2026-03-31,98,23,673595.5499999999,637151.24,0.0
Mercedes-Benz Auto Lease Trust 2024-A,2026-04-30,1,836,28124000.25,35723542.28,58014.0
Mercedes-Benz Auto Lease Trust 2024-A,2026-04-30,3,9,266425.75,1513.26,0.0
Mercedes-Benz Auto Lease Trust 2024-A,2026-04-30,98,23,739579.0,664124.32,0.0
Mercedes-Benz Auto Lease Trust 2024-B,2024-08-31,1,445,13245606.55,20044225.47,28134.299999999996
Mercedes-Benz Auto Lease Trust 2024-B,2024-08-31,98,4,112356.0,213540.58000000002,0.0
Mercedes-Benz Auto Lease Trust 2024-B,2024-09-30,1,607,17919595.95,24776214.66,24981.600000000002
Mercedes-Benz Auto Lease Trust 2024-B,2024-09-30,3,1,18125.0,19362.47,0.0
Mercedes-Benz Auto Lease Trust 2024-B,2024-09-30,98,36,977147.0,1710579.2699999998,0.0
Mercedes-Benz Auto Lease Trust 2024-B,2024-10-31,1,860,24924658.3,32345150.800000004,62385.61
Mercedes-Benz Auto Lease Trust 2024-B,2024-10-31,3,8,245235.0,334961.24,0.0
Mercedes-Benz Auto Lease Trust 2024-B,2024-10-31,98,27,953731.0,1515260.23,0.0
Mercedes-Benz Auto Lease Trust 2024-B,2024-11-30,1,813,23781251.799999997,30925050.37,100819.85
Mercedes-Benz Auto Lease Trust 2024-B,2024-11-30,3,2,106518.0,162286.41,0.0
Mercedes-Benz Auto Lease Trust 2024-B,2024-11-30,98,42,1282270.0,2063615.7100000002,0.0
Mercedes-Benz Auto Lease Trust 2024-B,2024-12-31,1,916,26918895.3,34625217.489999995,85093.75
Mercedes-Benz Auto Lease Trust 2024-B,2024-12-31,3,8,241277.0,359485.81999999995,0.0
Mercedes-Benz Auto Lease Trust 2024-B,2024-12-31,98,31,936169.0,1358599.0399999998,0.0
Mercedes-Benz Auto Lease Trust 2024-B,2025-01-31,1,996,29798157.099999998,38084254.92,148059.46999999997
Mercedes-Benz Auto Lease Trust 2024-B,2025-01-31,3,5,112851.0,172067.39,0.0
Mercedes-Benz Auto Lease Trust 2024-B,2025-01-31,98,39,1392024.45,2292671.9899999998,1164.0
Mercedes-Benz Auto Lease Trust 2024-B,2025-02-28,1,851,25773265.849999998,32337244.23,199919.25
Mercedes-Benz Auto Lease Trust 2024-B,2025-02-28,3,4,114384.0,126354.77,0.0
Mercedes-Benz Auto Lease Trust 2024-B,2025-02-28,98,36,1291368.4,1907181.6400000001,0.0
Mercedes-Benz Auto Lease Trust 2024-B,2025-03-31,1,954,28649422.150000002,35740072.44,160727.45
Mercedes-Benz Auto Lease Trust 2024-B,2025-03-31,3,6,207743.0,253536.02000000002,0.0
Mercedes-Benz Auto Lease Trust 2024-B,2025-03-31,98,33,1047363.85,1437055.02,0.0
Mercedes-Benz Auto Lease Trust 2024-B,2025-04-30,1,1030,31797734.1,40273717.79,187791.94
Mercedes-Benz Auto Lease Trust 2024-B,2025-04-30,3,5,156317.0,248823.63,0.0
Mercedes-Benz Auto Lease Trust 2024-B,2025-04-30,98,31,1043415.2999999999,1585543.07,0.0
Mercedes-Benz Auto Lease Trust 2024-B,2025-05-31,1,775,23429591.7,29251050.4,124402.87
Mercedes-Benz Auto Lease Trust 2024-B,2025-05-31,3,7,330445.1,550835.2999999999,0.0
Mercedes-Benz Auto Lease Trust 2024-B,2025-05-31,98,17,542747.0,760133.1299999999,0.0
Mercedes-Benz Auto Lease Trust 2024-B,2025-06-30,1,720,21992634.55,27377910.02,131901.56
Mercedes-Benz Auto Lease Trust 2024-B,2025-06-30,3,3,111269.0,122863.01999999999,0.0
Mercedes-Benz Auto Lease Trust 2024-B,2025-06-30,98,31,979912.95,1348267.29,0.0
Mercedes-Benz Auto Lease Trust 2024-B,2025-07-31,1,719,22184454.65,28958853.57,118137.03
Mercedes-Benz Auto Lease Trust 2024-B,2025-07-31,3,10,319023.0,356684.82,0.0
Mercedes-Benz Auto Lease Trust 2024-B,2025-07-31,98,35,1090653.0,1320046.8599999999,0.0
Mercedes-Benz Auto Lease Trust 2024-B,2025-08-31,1,573,17438173.200000003,23044331.880000003,109219.79000000001
Mercedes-Benz Auto Lease Trust 2024-B,2025-08-31,3,3,99155.0,193519.38999999998,0.0
Mercedes-Benz Auto Lease Trust 2024-B,2025-08-31,98,31,977880.8,1323604.5099999998,0.0
Mercedes-Benz Auto Lease Trust 2024-B,2025-09-30,1,563,17583487.95,22908279.130000003,99980.85
Mercedes-Benz Auto Lease Trust 2024-B,2025-09-30,3,6,166340.0,198819.2,0.0
Mercedes-Benz Auto Lease Trust 2024-B,2025-09-30,98,22,817215.0,1032398.78,0.0
Mercedes-Benz Auto Lease Trust 2024-B,2025-10-31,1,626,19319121.5,25472950.96,87540.51999999999
Mercedes-Benz Auto Lease Trust 2024-B,2025-10-31,3,6,178295.0,224935.33000000002,0.0
Mercedes-Benz Auto Lease Trust 2024-B,2025-10-31,98,33,1125464.0,1520519.48,0.0
Mercedes-Benz Auto Lease Trust 2024-B,2025-11-30,1,502,15747026.149999999,21018542.29,68425.25
Mercedes-Benz Auto Lease Trust 2024-B,2025-11-30,3,6,157498.0,214686.55,0.0
Mercedes-Benz Auto Lease Trust 2024-B,2025-11-30,98,19,625996.75,462313.46,0.0
Mercedes-Benz Auto Lease Trust 2024-B,2025-12-31,1,608,19211883.55,25420663.22,90440.39
Mercedes-Benz Auto Lease Trust 2024-B,2025-12-31,3,7,202069.25,188706.79,0.0
Mercedes-Benz Auto Lease Trust 2024-B,2025-12-31,98,24,732055.0,795887.3300000001,0.0
Mercedes-Benz Auto Lease Trust 2024-B,2026-01-31,1,558,17761319.35,23177744.689999998,79686.04000000001
Mercedes-Benz Auto Lease Trust 2024-B,2026-01-31,3,1,27305.0,33983.66,0.0
Mercedes-Benz Auto Lease Trust 2024-B,2026-01-31,98,39,1326795.9,1896859.07,0.0
Mercedes-Benz Auto Lease Trust 2024-B,2026-02-28,1,595,19531563.85,25216407.939999998,96186.11000000002
Mercedes-Benz Auto Lease Trust 2024-B,2026-02-28,3,5,182916.0,235019.97,0.0
Mercedes-Benz Auto Lease Trust 2024-B,2026-02-28,98,25,828581.6,750481.3800000001,0.0
Mercedes-Benz Auto Lease Trust 2024-B,2026-03-31,1,746,25078939.9,31288428.29,137887.06
Mercedes-Benz Auto Lease Trust 2024-B,2026-03-31,3,3,102503.0,41586.93,0.0
Mercedes-Benz Auto Lease Trust 2024-B,2026-03-31,98,16,502307.0,565045.73,0.0
Mercedes-Benz Auto Lease Trust 2024-B,2026-04-30,1,663,22641423.45,28783750.58,64347.35
Mercedes-Benz Auto Lease Trust 2024-B,2026-04-30,3,7,197826.0,0.0,0.0
Mercedes-Benz Auto Lease Trust 2024-B,2026-04-30,98,33,1232252.7,1220501.14,0.0
Mercedes-Benz Auto Lease Trust 2025-A,2025-04-30,1,103,3854597.85,7028400.899999999,9320.39
Mercedes-Benz Auto Lease Trust 2025-A,2025-04-30,4,2,61556.0,47720.14,0.0
Mercedes-Benz Auto Lease Trust 2025-A,2025-04-30,98,6,177680.0,291155.66,0.0
Mercedes-Benz Auto Lease Trust 2025-A,2025-05-31,1,115,4510473.45,7997510.869999998,2354.33
Mercedes-Benz Auto Lease Trust 2025-A,2025-05-31,3,1,33270.0,59602.6,0.0
Mercedes-Benz Auto Lease Trust 2025-A,2025-05-31,98,13,469562.2,849233.72,0.0
Mercedes-Benz Auto Lease Trust 2025-A,2025-06-30,1,156,5918323.65,9338080.25,22742.5
Mercedes-Benz Auto Lease Trust 2025-A,2025-06-30,3,8,206423.0,308590.62,0.0
Mercedes-Benz Auto Lease Trust 2025-A,2025-06-30,4,1,30535.0,0.0,0.0
Mercedes-Benz Auto Lease Trust 2025-A,2025-06-30,98,12,381776.0,658891.99,0.0
Mercedes-Benz Auto Lease Trust 2025-A,2025-07-31,1,198,7138647.05,11361925.969999999,25498.47
Mercedes-Benz Auto Lease Trust 2025-A,2025-07-31,3,4,132822.0,153540.95,0.0
Mercedes-Benz Auto Lease Trust 2025-A,2025-07-31,98,23,645484.0,1223200.5599999998,0.0
Mercedes-Benz Auto Lease Trust 2025-A,2025-08-31,1,164,6323163.2,9527005.0,20523.8
Mercedes-Benz Auto Lease Trust 2025-A,2025-08-31,3,7,226461.3,316431.26,0.0
Mercedes-Benz Auto Lease Trust 2025-A,2025-08-31,4,2,50915.0,0.0,0.0
Mercedes-Benz Auto Lease Trust 2025-A,2025-08-31,98,30,958449.5,1644261.3000000003,0.0
Mercedes-Benz Auto Lease Trust 2025-A,2025-09-30,1,184,6940226.15,10720486.75,15823.599999999999
Mercedes-Benz Auto Lease Trust 2025-A,2025-09-30,3,2,54124.0,77709.8,0.0
Mercedes-Benz Auto Lease Trust 2025-A,2025-09-30,98,30,944736.8,1486625.75,0.0
Mercedes-Benz Auto Lease Trust 2025-A,2025-10-31,1,189,6759309.45,10291431.72,15130.47
Mercedes-Benz Auto Lease Trust 2025-A,2025-10-31,3,4,121801.0,167850.48,0.0
Mercedes-Benz Auto Lease Trust 2025-A,2025-10-31,4,2,64351.0,0.0,0.0
Mercedes-Benz Auto Lease Trust 2025-A,2025-10-31,98,26,821222.6,1327626.8900000001,0.0
Mercedes-Benz Auto Lease Trust 2025-A,2025-11-30,1,128,4958378.05,7527243.760000001,12330.73
Mercedes-Benz Auto Lease Trust 2025-A,2025-11-30,3,6,216299.0,312099.49,0.0
Mercedes-Benz Auto Lease Trust 2025-A,2025-11-30,98,30,911221.0,1391333.3699999999,0.0
Mercedes-Benz Auto Lease Trust 2025-A,2025-12-31,1,185,7152785.75,10342675.49,13235.98
Mercedes-Benz Auto Lease Trust 2025-A,2025-12-31,3,6,227928.0,315470.73,0.0
Mercedes-Benz Auto Lease Trust 2025-A,2025-12-31,98,28,800522.0,1138749.56,0.0
Mercedes-Benz Auto Lease Trust 2025-A,2026-01-31,1,180,6405342.95,9516762.32,25582.17
Mercedes-Benz Auto Lease Trust 2025-A,2026-01-31,3,7,180407.0,243048.74000000002,0.0
Mercedes-Benz Auto Lease Trust 2025-A,2026-01-31,98,37,1128510.0,1595887.0,0.0
Mercedes-Benz Auto Lease Trust 2025-A,2026-02-28,1,192,7426676.3,10685605.46,23996.59
Mercedes-Benz Auto Lease Trust 2025-A,2026-02-28,3,3,128192.0,24454.75,0.0
Mercedes-Benz Auto Lease Trust 2025-A,2026-02-28,98,31,1127074.6,1466151.5700000003,0.0
Mercedes-Benz Auto Lease Trust 2025-A,2026-03-31,1,239,9054491.399999999,12341690.86,28819.12
Mercedes-Benz Auto Lease Trust 2025-A,2026-03-31,3,9,355896.4,257192.77999999997,0.0
Mercedes-Benz Auto Lease Trust 2025-A,2026-03-31,98,30,1000220.35,1335046.31,0.0
Mercedes-Benz Auto Lease Trust 2025-A,2026-04-30,1,272,10525891.3,13815833.44,39470.48
Mercedes-Benz Auto Lease Trust 2025-A,2026-04-30,3,4,148778.0,2185.99,0.0
Mercedes-Benz Auto Lease Trust 2025-A,2026-04-30,98,33,1114946.0,1646691.46,0.0
Mercedes-Benz Auto Lease Trust 2025-B,2025-09-30,1,237,8038395.05,12057442.260000002,23936.440000000002
Mercedes-Benz Auto Lease Trust 2025-B,2025-09-30,4,1,40406.0,0.0,0.0
Mercedes-Benz Auto Lease Trust 2025-B,2025-09-30,98,4,145409.0,205906.47999999998,0.0
Mercedes-Benz Auto Lease Trust 2025-B,2025-10-31,1,342,11852548.5,17331539.05,52182.93000000001
Mercedes-Benz Auto Lease Trust 2025-B,2025-10-31,3,2,89113.0,85866.77,0.0
Mercedes-Benz Auto Lease Trust 2025-B,2025-10-31,98,21,645321.8,1029507.2700000001,0.0
Mercedes-Benz Auto Lease Trust 2025-B,2025-11-30,1,323,10543411.25,15030890.18,42323.24
Mercedes-Benz Auto Lease Trust 2025-B,2025-11-30,3,2,90555.0,62392.76,0.0
Mercedes-Benz Auto Lease Trust 2025-B,2025-11-30,98,25,787396.0,1265702.57,0.0
Mercedes-Benz Auto Lease Trust 2025-B,2025-12-31,1,374,12228793.899999999,16766278.14,43396.71
Mercedes-Benz Auto Lease Trust 2025-B,2025-12-31,3,3,77673.0,66189.26000000001,0.0
Mercedes-Benz Auto Lease Trust 2025-B,2025-12-31,4,1,29353.0,0.0,0.0
Mercedes-Benz Auto Lease Trust 2025-B,2025-12-31,98,27,866676.75,1319178.73,0.0
Mercedes-Benz Auto Lease Trust 2025-B,2026-01-31,1,405,13765510.45,19041907.11,80959.31999999999
Mercedes-Benz Auto Lease Trust 2025-B,2026-01-31,3,1,18160.0,750.0,0.0
Mercedes-Benz Auto Lease Trust 2025-B,2026-01-31,98,34,1233063.75,1854346.71,0.0
Mercedes-Benz Auto Lease Trust 2025-B,2026-02-28,1,461,15969574.75,21604436.99,47053.2
Mercedes-Benz Auto Lease Trust 2025-B,2026-02-28,3,4,106987.0,95124.43,0.0
Mercedes-Benz Auto Lease Trust 2025-B,2026-02-28,98,28,892430.0,1184348.9700000002,0.0
Mercedes-Benz Auto Lease Trust 2025-B,2026-03-31,1,550,18398657.45,24621362.21,87703.42
Mercedes-Benz Auto Lease Trust 2025-B,2026-03-31,3,5,130575.0,142304.63,0.0
Mercedes-Benz Auto Lease Trust 2025-B,2026-03-31,98,36,1189979.0,1546669.3,0.0
Mercedes-Benz Auto Lease Trust 2025-B,2026-04-30,1,498,17489693.8,22766002.54,50620.42
Mercedes-Benz Auto Lease Trust 2025-B,2026-04-30,3,9,317128.0,1529.98,0.0
Mercedes-Benz Auto Lease Trust 2025-B,2026-04-30,98,29,912677.0,1156670.99,0.0
Mercedes-Benz Auto Lease Trust 2026-A,2026-01-31,1,369,13081107.6,20965617.93,42877.0
Mercedes-Benz Auto Lease Trust 2026-A,2026-01-31,3,1,49783.0,33089.7,0.0
Mercedes-Benz Auto Lease Trust 2026-A,2026-01-31,4,2,78638.0,0.0,0.0
Mercedes-Benz Auto Lease Trust 2026-A,2026-01-31,98,40,1257587.6,2341752.3,0.0
Mercedes-Benz Auto Lease Trust 2026-A,2026-02-28,1,261,9117666.75,13103803.909999998,26802.23
Mercedes-Benz Auto Lease Trust 2026-A,2026-02-28,3,3,65390.0,73663.41,0.0
Mercedes-Benz Auto Lease Trust 2026-A,2026-02-28,98,31,1065104.0,1876546.93,0.0
Mercedes-Benz Auto Lease Trust 2026-A,2026-03-31,1,346,12127328.850000001,16266766.170000002,43242.3
Mercedes-Benz Auto Lease Trust 2026-A,2026-03-31,3,3,107863.0,83179.87,0.0
Mercedes-Benz Auto Lease Trust 2026-A,2026-03-31,98,42,1548123.3,2245169.85,0.0
Mercedes-Benz Auto Lease Trust 2026-A,2026-04-30,1,325,11049559.6,15899055.309999999,20617.62
Mercedes-Benz Auto Lease Trust 2026-A,2026-04-30,3,6,178078.0,788.86,0.0
Mercedes-Benz Auto Lease Trust 2026-A,2026-04-30,4,2,50525.0,0.0,0.0
Mercedes-Benz Auto Lease Trust 2026-A,2026-04-30,98,30,990692.8,1581915.62,0.0
