series,reporting_date,active_count,count_current,count_30_59,count_60_plus,balance_total,sec_value_total,base_residual_total,vehicle_value_total,alg_count,blackbook_count,other_source_count,vintage_month
Mercedes-Benz Auto Lease Trust 2017-A,2018-01-31,47306,47166,92,48,2173141705.124579,1753631023.7000024,1435728964.2800002,2876176361.5,45556,0,1750,10
Mercedes-Benz Auto Lease Trust 2017-A,2019-01-31,27988,27854,85,49,1121896092.4317205,930154348.2399962,843546613.629999,1702464551.0,26980,0,1008,22
Mercedes-Benz Auto Lease Trust 2017-A,2018-02-28,46176,46053,86,37,2095259638.9455695,1694872094.7899904,1399797889.4399998,2805366691.5,44496,0,1680,11
Mercedes-Benz Auto Lease Trust 2017-A,2019-02-28,26454,26353,64,37,1047485869.2311615,870249730.1899942,796593935.8300005,1609076285.0,25505,0,949,23
Mercedes-Benz Auto Lease Trust 2017-A,2017-03-31,37568,37544,24,0,1967798940.3856277,1545262704.6800003,1155862636.55,2313789656.52,36091,0,1477,0
Mercedes-Benz Auto Lease Trust 2017-A,2018-03-31,44794,44680,77,37,2009531554.8238194,1628988210.4999967,1356472082.01,2720287501.5,43211,0,1583,12
Mercedes-Benz Auto Lease Trust 2017-A,2019-03-31,23671,23581,56,34,933503450.470697,776956936.4400039,714630447.3799993,1447091309.0,22802,0,869,24
Mercedes-Benz Auto Lease Trust 2017-A,2017-04-30,55889,55848,36,5,2888509466.0224295,2276566133.4199963,1719399846.0299993,3441304719.52,53713,0,2176,1
Mercedes-Benz Auto Lease Trust 2017-A,2018-04-30,43314,43208,65,41,1920220837.8437614,1559660411.0500016,1308945952.94,2626440187.5,41808,0,1506,13
Mercedes-Benz Auto Lease Trust 2017-A,2019-04-30,20781,20700,50,31,814993156.9505247,679867477.1199975,628235679.4699996,1274995025.0,19997,0,784,25
Mercedes-Benz Auto Lease Trust 2017-A,2017-05-31,55400,55328,53,19,2821302906.1172147,2230024717.970013,1702662988.6399994,3407492069.52,53260,0,2140,2
Mercedes-Benz Auto Lease Trust 2017-A,2018-05-31,41755,41618,96,41,1830003266.0760348,1489699629.3499944,1260569888.8899999,2531247697.5,40321,0,1434,14
Mercedes-Benz Auto Lease Trust 2017-A,2019-05-31,18605,18512,63,30,722143327.1810423,603801753.6400042,562190976.87,1143361304.0,17903,0,702,26
Mercedes-Benz Auto Lease Trust 2017-A,2017-06-30,54800,54747,39,14,2751069793.3734617,2180656492.739998,1682169292.2900004,3366560895.52,52691,0,2109,3
Mercedes-Benz Auto Lease Trust 2017-A,2018-06-30,40278,40168,79,31,1745192208.2656462,1423804705.679997,1215305608.97,2441970968.5,38910,0,1368,15
Mercedes-Benz Auto Lease Trust 2017-A,2019-06-30,17090,17000,62,28,654138033.858939,548559824.5200007,515855938.06999964,1050370730.0,16439,0,651,27
Mercedes-Benz Auto Lease Trust 2017-A,2017-07-31,54073,53977,76,20,2678800401.0932536,2129256613.8599942,1658344347.3199997,3318571956.52,51996,0,2077,4
Mercedes-Benz Auto Lease Trust 2017-A,2018-07-31,38920,38788,97,35,1665845931.2914362,1362319587.8400023,1174005042.6200006,2359885828.5,37598,0,1322,16
Mercedes-Benz Auto Lease Trust 2017-A,2019-07-31,15168,15079,52,37,573116601.5806177,481893507.3800004,457432606.86999965,933328145.0,14595,0,573,28
Mercedes-Benz Auto Lease Trust 2017-A,2017-08-31,53128,53024,78,26,2599450399.4381304,2071788317.0100026,1627717641.4400003,3257338991.52,51100,0,2028,5
Mercedes-Benz Auto Lease Trust 2017-A,2018-08-31,37279,37145,100,34,1578248085.2596521,1293713868.7699952,1125126216.3899996,2262955983.5,36007,0,1272,17
Mercedes-Benz Auto Lease Trust 2017-A,2017-09-30,52127,52021,78,28,2520601273.861695,2014355839.3800108,1596087918.5000012,3194614316.52,50152,0,1975,6
Mercedes-Benz Auto Lease Trust 2017-A,2018-09-30,35785,35661,94,30,1499604806.3538933,1232523388.8999922,1081815326.6599994,2177049773.5,34549,0,1236,18
Mercedes-Benz Auto Lease Trust 2017-A,2017-10-31,50904,50804,70,30,2431151046.058205,1947635943.199996,1555568093.25,3114110841.51,48978,0,1926,7
Mercedes-Benz Auto Lease Trust 2017-A,2018-10-31,33921,33803,87,31,1405264923.4905844,1157858710.7199976,1025451380.4099991,2064789813.5,32729,0,1192,19
Mercedes-Benz Auto Lease Trust 2017-A,2017-11-30,49780,49686,68,26,2347243143.0811777,1885005511.3099966,1517749054.260001,3038913859.51,47904,0,1876,8
Mercedes-Benz Auto Lease Trust 2017-A,2018-11-30,31870,31757,83,30,1306543093.612978,1079120972.950008,963363403.0299984,1940849042.0,30742,0,1128,20
Mercedes-Benz Auto Lease Trust 2017-A,2017-12-31,48687,48565,86,36,2265934201.6241083,1824070808.7500155,1481351706.480001,2966932095.51,46867,0,1820,9
Mercedes-Benz Auto Lease Trust 2017-A,2018-12-31,29809,29669,97,43,1208166383.9593277,999802055.8299992,899507127.5299999,1813586190.0,28737,0,1072,21
Mercedes-Benz Auto Lease Trust 2018-A,2018-01-31,35318,35272,43,3,1877759930.8999784,1451288774.6899974,1040828684.8200005,2214972946.3,34496,0,822,1
Mercedes-Benz Auto Lease Trust 2018-A,2019-01-31,28618,28519,74,25,1304624560.3825738,1035668321.5700048,839723292.0800008,1799734646.0,28006,0,612,13
Mercedes-Benz Auto Lease Trust 2018-A,2020-01-31,13920,13824,63,33,552965995.3389773,446308857.81999755,401677834.99999994,883827313.0,13604,0,316,25
Mercedes-Benz Auto Lease Trust 2018-A,2018-02-28,35061,35022,33,6,1838162713.7930982,1424239561.3100016,1032721667.2200005,2198084076.3,34251,0,810,2
Mercedes-Benz Auto Lease Trust 2018-A,2019-02-28,28003,27931,51,21,1257324647.812658,1000094987.4199982,820168426.0300006,1759593482.0,27412,0,591,14
Mercedes-Benz Auto Lease Trust 2018-A,2020-02-29,12458,12373,53,32,490031046.69732034,396154560.10999984,358529198.0500001,791655688.0,12160,0,298,26
Mercedes-Benz Auto Lease Trust 2018-A,2018-03-31,34693,34644,42,7,1794865213.6884325,1394099205.3199997,1021697313.2100003,2175193301.3,33894,0,799,3
Mercedes-Benz Auto Lease Trust 2018-A,2019-03-31,26957,26873,63,21,1197791486.5733943,954285859.9299979,789320313.9800005,1696242558.0,26392,0,565,15
Mercedes-Benz Auto Lease Trust 2018-A,2020-03-31,11298,11214,57,27,438691179.2650578,355628510.5299993,324581312.9,718764938.0,11022,0,276,27
Mercedes-Benz Auto Lease Trust 2018-A,2018-04-30,34215,34161,39,15,1749388423.8540847,1361916904.2999983,1007743615.8600005,2146414886.3,33436,0,779,4
Mercedes-Benz Auto Lease Trust 2018-A,2019-04-30,25767,25699,46,22,1132391754.4076707,903252669.5000018,753607369.35,1622728746.0,25244,0,523,16
Mercedes-Benz Auto Lease Trust 2018-A,2020-04-30,10710,10634,43,33,409114985.26459605,332642657.13999933,307240870.95,681620733.0,10444,0,266,28
Mercedes-Benz Auto Lease Trust 2018-A,2018-05-31,33636,33565,57,14,1699276767.5906177,1325938110.7399976,990208196.6499997,2110316741.3,32876,0,760,5
Mercedes-Benz Auto Lease Trust 2018-A,2019-05-31,24675,24587,60,28,1071500004.7874287,855897546.8900001,720635158.6500003,1554712368.0,24185,0,490,17
Mercedes-Benz Auto Lease Trust 2018-A,2020-05-31,9452,9394,39,19,359252159.0231808,293161095.8300003,272392780.79999995,606530773.0,9204,0,248,29
Mercedes-Benz Auto Lease Trust 2018-A,2018-06-30,33097,33041,42,14,1651677307.265981,1291783069.1199977,974152360.2200005,2077169971.3,32358,0,739,6
Mercedes-Benz Auto Lease Trust 2018-A,2019-06-30,23915,23823,74,18,1023909394.4815214,819352884.4300052,697523530.5000008,1506612244.0,23456,0,459,18
Mercedes-Benz Auto Lease Trust 2018-A,2020-06-30,7704,7660,28,16,292263813.84021634,239165111.04999974,222166626.8,498910655.0,7478,0,226,30
Mercedes-Benz Auto Lease Trust 2018-A,2018-07-31,32614,32535,57,22,1606309279.221921,1259492805.3599937,959969122.7200009,2047897717.0,31886,0,728,7
Mercedes-Benz Auto Lease Trust 2018-A,2019-07-31,22867,22758,90,19,964814463.8278911,773081326.2200031,664830959.8499999,1438463449.0,22439,0,428,19
Mercedes-Benz Auto Lease Trust 2018-A,2018-08-31,31987,31905,55,27,1540755756.1025887,1222897772.569996,941574542.4800006,2009596933.0,31271,0,716,8
Mercedes-Benz Auto Lease Trust 2018-A,2019-08-31,21536,21455,59,22,900054624.9525144,721882770.4700015,626289124.8,1358453289.0,21135,0,401,20
Mercedes-Benz Auto Lease Trust 2018-A,2018-09-30,31475,31403,54,18,1511956292.8594313,1190928097.890003,926742290.23,1978938593.0,30772,0,703,9
Mercedes-Benz Auto Lease Trust 2018-A,2019-09-30,20349,20274,45,30,840200288.4272727,674515807.7200029,590820104.0999999,1284253469.0,19966,0,383,21
Mercedes-Benz Auto Lease Trust 2018-A,2018-10-31,30779,30691,70,18,1459788801.3667836,1152532239.5800056,906331265.0300006,1936807733.0,30097,0,682,10
Mercedes-Benz Auto Lease Trust 2018-A,2019-10-31,19025,18921,73,31,775712629.3894796,623356952.390002,551126452.35,1200723769.0,18658,0,367,22
Mercedes-Benz Auto Lease Trust 2018-A,2018-11-30,30068,29990,54,24,1407888370.908425,1113558727.96,884530502.0800009,1891932363.0,29408,0,660,11
Mercedes-Benz Auto Lease Trust 2018-A,2019-11-30,17665,17575,55,35,711955760.2874494,573020510.3600004,510714623.75000006,1115080040.0,17315,0,350,23
Mercedes-Benz Auto Lease Trust 2018-A,2017-12-31,55653,55622,31,0,3005497696.7212152,2315047254.4800014,1640609310.320001,3492299493.3,54356,0,1297,0
Mercedes-Benz Auto Lease Trust 2018-A,2018-12-31,29360,29261,71,28,1356316207.7117777,1074741690.6900036,862354995.0800002,1846394584.0,28719,0,641,12
Mercedes-Benz Auto Lease Trust 2018-A,2019-12-31,15915,15805,70,40,635438747.2040935,512295012.00999874,459558260.50000006,1006613783.0,15579,0,336,24
Mercedes-Benz Auto Lease Trust 2018-B,2019-01-31,28445,28385,40,20,1439780447.1808589,1106061684.309996,829788398.4200001,1794099191.0,27957,0,488,3
Mercedes-Benz Auto Lease Trust 2018-B,2020-01-31,19918,19832,71,15,875413531.3046715,690685874.0499992,574576553.5999999,1259357850.0,19639,0,279,15
Mercedes-Benz Auto Lease Trust 2018-B,2021-01-31,8652,8585,39,28,328019322.02491087,269464690.63999975,247646067.10000005,552510042.0,8475,0,177,27
Mercedes-Benz Auto Lease Trust 2018-B,2019-02-28,28053,27997,44,12,1400611022.9253185,1078915623.6500058,817608510.3400002,1768486714.0,27578,0,475,4
Mercedes-Benz Auto Lease Trust 2018-B,2021-02-28,7566,7503,40,23,284913132.2063267,235031138.1600005,217164931.95000005,486223037.0,7391,0,175,28
Mercedes-Benz Auto Lease Trust 2018-B,2020-02-29,19028,18943,60,25,826966249.5632955,653983507.9299984,548350893.8,1203547420.0,18763,0,265,16
Mercedes-Benz Auto Lease Trust 2018-B,2019-03-31,27457,27411,31,15,1356102236.0858133,1047087284.8099991,800112317.4900001,1732317821.0,26999,0,458,5
Mercedes-Benz Auto Lease Trust 2018-B,2020-03-31,18267,18168,74,25,782308364.0062722,621264816.4699996,525714993.45,1155200600.0,18008,0,259,17
Mercedes-Benz Auto Lease Trust 2018-B,2019-04-30,26690,26642,29,19,1304575124.2007122,1009127810.1899998,777055165.6899997,1684491118.0,26249,0,441,6
Mercedes-Benz Auto Lease Trust 2018-B,2020-04-30,17867,17782,51,34,752118648.1851202,599808773.0800004,513473180.7000001,1128964815.0,17617,0,250,18
Mercedes-Benz Auto Lease Trust 2018-B,2019-05-31,26072,26018,42,12,1257979735.1837845,975299829.9099945,757718808.7900003,1644142043.0,25667,0,405,7
Mercedes-Benz Auto Lease Trust 2018-B,2020-05-31,17054,16991,42,21,709630114.5039479,567792825.8600017,490466585.45000017,1079335035.0,16816,0,238,19
Mercedes-Benz Auto Lease Trust 2018-B,2019-06-30,25574,25531,27,16,1217028872.4292297,945793534.5099982,741882253.2399998,1610937743.0,25192,0,382,8
Mercedes-Benz Auto Lease Trust 2018-B,2020-06-30,15829,15779,33,17,652794750.202542,524190800.8000016,455462365.85,1003703075.0,15601,0,228,20
Mercedes-Benz Auto Lease Trust 2018-B,2019-07-31,24991,24919,58,14,1173815640.8765898,914448321.860003,724330098.1999999,1573922188.0,24637,0,354,9
Mercedes-Benz Auto Lease Trust 2018-B,2020-07-31,14620,14552,48,20,597135611.8337343,481364479.69999635,420555702.45,928188085.0,14402,0,218,21
Mercedes-Benz Auto Lease Trust 2018-B,2019-08-31,24314,24252,48,14,1128822890.6770935,881289985.1200033,704447029.95,1532358983.0,23975,0,339,10
Mercedes-Benz Auto Lease Trust 2018-B,2020-08-31,13660,13588,53,19,551083148.0262094,445544959.63999885,392588094.2000001,867788860.0,13448,0,212,22
Mercedes-Benz Auto Lease Trust 2018-B,2019-09-30,23630,23570,42,18,1083468713.9141226,847685832.6500044,684090733.9499999,1489617358.0,23301,0,329,11
Mercedes-Benz Auto Lease Trust 2018-B,2020-09-30,12736,12678,42,16,507427815.82624215,411310466.9700009,365815963.3499997,810022037.0,12536,0,200,23
Mercedes-Benz Auto Lease Trust 2018-B,2018-10-31,29405,29373,31,1,1552174897.6611822,1182419876.1299973,860219635.0700002,1857689649.0,28887,0,518,0
Mercedes-Benz Auto Lease Trust 2018-B,2019-10-31,22872,22800,49,23,1035602436.9271787,811810793.2400085,660989738.5499996,1441259618.0,22560,0,312,12
Mercedes-Benz Auto Lease Trust 2018-B,2020-10-31,11766,11695,51,20,462386808.1914113,375884709.03999776,337333954.8499998,748308107.0,11575,0,191,24
Mercedes-Benz Auto Lease Trust 2018-B,2018-11-30,29164,29139,17,8,1516528466.6028748,1159102794.1200085,852236975.9200002,1841020649.0,28655,0,509,1
Mercedes-Benz Auto Lease Trust 2018-B,2019-11-30,22117,22062,39,16,989669627.910199,777497507.3499973,638354740.6999999,1393807548.0,21809,0,308,13
Mercedes-Benz Auto Lease Trust 2018-B,2020-11-30,10831,10758,44,29,419773296.4267641,342270759.84999853,309923281.95,688441562.0,10643,0,188,25
Mercedes-Benz Auto Lease Trust 2018-B,2018-12-31,28834,28773,49,12,1478759352.9760988,1133039489.7099981,841857180.82,1819260860.0,28337,0,497,2
Mercedes-Benz Auto Lease Trust 2018-B,2019-12-31,21167,21097,60,10,936851171.6304494,737712001.2399946,610602422.6000001,1335285245.0,20872,0,295,14
Mercedes-Benz Auto Lease Trust 2018-B,2020-12-31,9751,9671,54,26,373428441.23943126,305530200.7700001,278998373.4499999,620871417.0,9568,0,183,26
Mercedes-Benz Auto Lease Trust 2019-A,2019-01-31,37805,37752,42,11,1956251681.25199,1492090228.6499982,1087968010.6699994,2370939967.0,37206,0,599,1
Mercedes-Benz Auto Lease Trust 2019-A,2020-01-31,28503,28388,95,20,1269628965.6691263,994950817.1799991,809444634.05,1787201074.0,28109,0,394,13
Mercedes-Benz Auto Lease Trust 2019-A,2021-01-31,14554,14478,51,25,557310795.5756441,453283209.7999989,408077840.55000013,917386324.0,14289,0,265,25
Mercedes-Benz Auto Lease Trust 2019-A,2019-02-28,37498,37460,24,14,1911544178.1619549,1461892701.2900016,1077827937.2699993,2349750393.0,36912,0,586,2
Mercedes-Benz Auto Lease Trust 2019-A,2021-02-28,13182,13101,55,26,500504727.8114105,408729993.20999783,369988658.3000001,834239249.0,12926,0,256,26
Mercedes-Benz Auto Lease Trust 2019-A,2020-02-29,27409,27328,65,16,1208007676.0279212,948845323.389997,777564590.3000002,1718991404.0,27026,0,383,14
Mercedes-Benz Auto Lease Trust 2019-A,2019-03-31,36980,36932,35,13,1861116742.6126037,1426813563.770001,1062029415.0699991,2316667974.0,36409,0,571,3
Mercedes-Benz Auto Lease Trust 2019-A,2020-03-31,26583,26479,77,27,1153248387.6248593,909611660.4200021,753305590.3499993,1666819345.0,26215,0,368,15
Mercedes-Benz Auto Lease Trust 2019-A,2021-03-31,11052,10994,46,12,416351250.205052,341288525.4199997,310368696.85,704389339.0,10807,0,245,27
Mercedes-Benz Auto Lease Trust 2019-A,2019-04-30,36233,36182,38,13,1801695350.1208944,1384631155.8900023,1039924927.6699984,2270478276.0,35689,0,544,4
Mercedes-Benz Auto Lease Trust 2019-A,2020-04-30,26122,26015,63,44,1114722687.6129081,882695445.8199983,739866695.3500001,1637906517.0,25758,0,364,16
Mercedes-Benz Auto Lease Trust 2019-A,2021-04-30,9356,9318,24,14,349500382.5157891,287296490.43,262345580.85000005,599524041.0,9131,0,225,28
Mercedes-Benz Auto Lease Trust 2019-A,2019-05-31,35552,35484,50,18,1745627993.8126853,1344260268.249989,1018755864.2199985,2226756218.0,35034,0,518,5
Mercedes-Benz Auto Lease Trust 2019-A,2020-05-31,25118,25040,49,29,1059366405.0769001,841709862.2400019,711555282.5499998,1576413357.0,24772,0,346,17
Mercedes-Benz Auto Lease Trust 2019-A,2019-06-30,35027,34959,52,16,1697507866.7645006,1310258658.2000012,1002724890.6699995,2193390523.0,34523,0,504,6
Mercedes-Benz Auto Lease Trust 2019-A,2020-06-30,23613,23541,44,28,985210679.2819971,784979347.2400017,667688765.7000003,1482168847.0,23289,0,324,18
Mercedes-Benz Auto Lease Trust 2019-A,2019-07-31,34338,34250,69,19,1641227918.589448,1270003152.1399982,982002296.27,2149800828.0,33852,0,486,7
Mercedes-Benz Auto Lease Trust 2019-A,2020-07-31,22072,21985,69,18,911432679.4987783,728549719.1699992,623135246.3500001,1385751953.0,21765,0,307,19
Mercedes-Benz Auto Lease Trust 2019-A,2019-08-31,33551,33481,52,18,1584343454.14974,1228838418.0300033,958950340.4699987,2101744838.0,33083,0,468,8
Mercedes-Benz Auto Lease Trust 2019-A,2020-08-31,20825,20714,87,24,849850470.1608605,681417445.8100015,587550726.7500002,1308788568.0,20524,0,301,20
Mercedes-Benz Auto Lease Trust 2019-A,2019-09-30,32804,32728,57,19,1529760497.689633,1189079480.9299958,936914313.5199987,2055953788.0,32352,0,452,9
Mercedes-Benz Auto Lease Trust 2019-A,2020-09-30,19685,19600,53,32,792157775.5135677,636655357.1700003,554175267.2500005,1237052399.0,19396,0,289,21
Mercedes-Benz Auto Lease Trust 2019-A,2019-10-31,31906,31816,77,13,1469477648.0557854,1144677878.639999,909975269.349999,1999225478.0,31465,0,441,10
Mercedes-Benz Auto Lease Trust 2019-A,2020-10-31,18413,18331,59,23,731206208.2564127,589223046.5999986,517330681.50000024,1156492929.0,18131,0,282,22
Mercedes-Benz Auto Lease Trust 2019-A,2019-11-30,31035,30949,65,21,1411527152.6104198,1101726327.449997,883636214.8499999,1943802360.0,30605,0,430,11
Mercedes-Benz Auto Lease Trust 2019-A,2020-11-30,17247,17170,55,22,676413225.7336392,547022336.6900011,484953805.6999999,1085266989.0,16966,0,281,23
Mercedes-Benz Auto Lease Trust 2019-A,2018-12-31,38086,38036,47,3,1999807786.9806857,1520274394.9700027,1096613644.17,2389446027.0,37480,0,606,0
Mercedes-Benz Auto Lease Trust 2019-A,2019-12-31,29893,29765,95,33,1343981857.1806247,1051217502.9400021,850039686.5999997,1873037819.0,29478,0,415,12
Mercedes-Benz Auto Lease Trust 2019-A,2020-12-31,15909,15811,70,28,616001675.8108437,499515638.0999977,446551518.84999985,1001211584.0,15637,0,272,24
Mercedes-Benz Auto Lease Trust 2019-B,2020-01-31,33216,33125,70,21,1729944804.436061,1370383430.489996,984665497.3600001,2141542224.0,32258,0,958,3
Mercedes-Benz Auto Lease Trust 2019-B,2021-01-31,23421,23320,69,32,1053626277.0084945,866609450.459999,688237455.4600002,1501180937.0,22674,0,747,15
Mercedes-Benz Auto Lease Trust 2019-B,2022-01-31,11114,11067,31,16,423168487.9012682,359964120.6900012,322732580.7099998,709208755.0,10713,0,401,27
Mercedes-Benz Auto Lease Trust 2019-B,2021-02-28,22503,22406,66,31,1001641723.5774354,826304264.5200027,660744521.4600003,1442079849.0,21770,0,733,16
Mercedes-Benz Auto Lease Trust 2019-B,2022-02-28,9726,9686,27,13,366548809.9178816,312182832.1399997,281858340.56000006,621832450.0,9389,0,337,28
Mercedes-Benz Auto Lease Trust 2019-B,2020-02-29,32545,32472,54,19,1676260701.2217107,1330939547.490002,964279673.0100005,2097935694.0,31603,0,942,4
Mercedes-Benz Auto Lease Trust 2019-B,2020-03-31,31953,31850,81,22,1619715220.2275202,1291683193.299998,945475572.9100003,2057475205.0,31028,0,925,5
Mercedes-Benz Auto Lease Trust 2019-B,2021-03-31,21225,21152,47,26,933056247.6687914,772193479.0500033,622624714.71,1360270284.0,20514,0,711,17
Mercedes-Benz Auto Lease Trust 2019-B,2022-03-31,8105,8055,35,15,304069153.5368363,259273797.29999924,234912385.60000005,522439005.0,7811,0,294,29
Mercedes-Benz Auto Lease Trust 2019-B,2020-04-30,31631,31515,83,33,1578203575.1498344,1264152423.0699925,935682120.5600003,2036247675.0,30714,0,917,6
Mercedes-Benz Auto Lease Trust 2019-B,2021-04-30,20198,20126,45,27,877792168.2250412,728567398.079998,592586425.5100001,1295638965.0,19504,0,694,18
Mercedes-Benz Auto Lease Trust 2019-B,2020-05-31,30914,30824,56,34,1525647492.9680521,1225935127.110001,914496995.1600001,1990275565.0,30010,0,904,7
Mercedes-Benz Auto Lease Trust 2019-B,2021-05-31,19348,19291,36,21,830464965.4636508,690888397.8299973,567288364.71,1241498205.0,18685,0,663,19
Mercedes-Benz Auto Lease Trust 2019-B,2020-06-30,29886,29811,51,24,1459525956.4330764,1176550872.4600027,883247100.4100003,1923092855.0,29009,0,877,8
Mercedes-Benz Auto Lease Trust 2019-B,2021-06-30,18416,18355,42,19,777965202.0147446,649234415.4200021,539520642.1600001,1181222755.0,17772,0,644,20
Mercedes-Benz Auto Lease Trust 2019-B,2020-07-31,28806,28718,71,17,1392546925.2014549,1126002534.3599966,850749645.9100001,1853104950.0,27948,0,858,9
Mercedes-Benz Auto Lease Trust 2019-B,2021-07-31,17608,17553,35,20,732549483.1064743,612989710.8999987,515635884.3599997,1129186925.0,16988,0,620,21
Mercedes-Benz Auto Lease Trust 2019-B,2020-08-31,27868,27748,88,32,1332454946.9996157,1080657411.4600008,822726449.3600001,1792494230.0,27032,0,836,10
Mercedes-Benz Auto Lease Trust 2019-B,2021-08-31,16630,16579,33,18,680269810.7333568,570816573.89,485598346.6100003,1062967760.0,16049,0,581,22
Mercedes-Benz Auto Lease Trust 2019-B,2020-09-30,26962,26861,60,41,1274612247.2971542,1036440527.4100003,795692999.8100005,1734336815.0,26145,0,817,11
Mercedes-Benz Auto Lease Trust 2019-B,2021-09-30,15667,15622,32,13,630851535.9394238,530789962.68000066,456587310.86000043,999543610.0,15122,0,545,23
Mercedes-Benz Auto Lease Trust 2019-B,2019-10-31,34216,34176,39,1,1862958058.6016483,1463003929.3099997,1015016224.76,2206855704.0,33220,0,996,0
Mercedes-Benz Auto Lease Trust 2019-B,2020-10-31,26026,25922,73,31,1215440139.157544,990957847.1599934,767059150.9100004,1672591300.0,25227,0,799,12
Mercedes-Benz Auto Lease Trust 2019-B,2021-10-31,14666,14611,39,16,582268350.907166,491383459.9199992,427183824.9100001,935291535.0,14157,0,509,24
Mercedes-Benz Auto Lease Trust 2019-B,2019-11-30,34025,33984,34,7,1824041901.5879056,1437241422.5499983,1009037480.4100007,2193684874.0,33032,0,993,1
Mercedes-Benz Auto Lease Trust 2019-B,2020-11-30,25176,25065,74,37,1161277203.7491572,949747313.4099965,741550697.2600005,1616974901.0,24392,0,784,13
Mercedes-Benz Auto Lease Trust 2019-B,2021-11-30,13415,13367,33,15,525754894.8074359,445004265.0699985,390680505.95999986,856376165.0,12929,0,486,25
Mercedes-Benz Auto Lease Trust 2019-B,2019-12-31,33736,33668,52,16,1780070397.500538,1406171096.5800045,1000076973.5600007,2174540159.0,32759,0,977,2
Mercedes-Benz Auto Lease Trust 2019-B,2020-12-31,24266,24154,77,35,1104304654.2392163,905556385.6399952,713450275.8600004,1555898477.0,23503,0,763,14
Mercedes-Benz Auto Lease Trust 2019-B,2021-12-31,12257,12207,36,14,473399613.5582508,401581455.24999946,356155380.5099999,781838225.0,11818,0,439,26
Mercedes-Benz Auto Lease Trust 2020-A,2020-01-31,41070,41001,60,9,2180631867.284876,1698792614.2600098,1179457552.3500013,2609726485.0,40502,0,568,1
Mercedes-Benz Auto Lease Trust 2020-A,2021-01-31,31572,31465,76,31,1437112257.1504729,1159675964.09,899202601.5000007,1997821411.0,31141,0,431,13
Mercedes-Benz Auto Lease Trust 2020-A,2022-01-31,16982,16908,48,26,650190841.6183988,539383655.8499976,477904280.80000013,1072344456.0,16775,0,207,25
Mercedes-Benz Auto Lease Trust 2020-A,2021-02-28,30646,30525,88,33,1378189903.761246,1115269634.8000007,872234006.7999998,1939172446.0,30231,0,415,14
Mercedes-Benz Auto Lease Trust 2020-A,2022-02-28,15197,15140,41,16,574736910.1110429,477567317.72000134,427038182.00000024,960507336.0,15009,0,188,26
Mercedes-Benz Auto Lease Trust 2020-A,2020-02-29,40504,40439,55,10,2124612203.9739492,1658786864.9800107,1162681770.25,2573143115.0,39945,0,559,2
Mercedes-Benz Auto Lease Trust 2020-A,2020-03-31,39976,39872,89,15,2063226093.0662417,1617658213.9000015,1146435626.2499995,2537763835.0,39427,0,549,3
Mercedes-Benz Auto Lease Trust 2020-A,2021-03-31,29200,29109,79,12,1296472030.1294243,1052102411.2600006,831247139.2000002,1849839966.0,28796,0,404,15
Mercedes-Benz Auto Lease Trust 2020-A,2022-03-31,13179,13109,55,15,493369984.38859737,410600050.95000124,369622459.75,835253306.0,13009,0,170,27
Mercedes-Benz Auto Lease Trust 2020-A,2020-04-30,39660,39544,78,38,2015749988.1190553,1587123520.4600015,1137215853.8500001,2517191460.0,39118,0,542,4
Mercedes-Benz Auto Lease Trust 2020-A,2021-04-30,28000,27926,56,18,1227462152.9259171,998378206.1399976,796653352.8000002,1774170136.0,27615,0,385,16
Mercedes-Benz Auto Lease Trust 2020-A,2022-04-30,11525,11467,36,22,427888971.4850536,356600701.6599987,323403490.4499999,734322316.0,11374,0,151,28
Mercedes-Benz Auto Lease Trust 2020-A,2020-05-31,38955,38871,57,27,1958681321.2170105,1546737786.2699988,1117353923.3000002,2473368464.0,38417,0,538,5
Mercedes-Benz Auto Lease Trust 2020-A,2021-05-31,27031,26961,52,18,1169361207.0271723,953218179.5199975,768268432.0999999,1711789676.0,26665,0,366,17
Mercedes-Benz Auto Lease Trust 2020-A,2022-05-31,9719,9666,33,20,357881048.5835445,298682314.16999876,272745588.25,623890481.0,9589,0,130,29
Mercedes-Benz Auto Lease Trust 2020-A,2020-06-30,37929,37848,55,26,1885918161.8245687,1493964809.8999991,1086858388.4499993,2407068505.0,37401,0,528,6
Mercedes-Benz Auto Lease Trust 2020-A,2021-06-30,25887,25809,55,23,1102309119.341003,900920721.9099977,735313986.0499998,1639809326.0,25541,0,346,18
Mercedes-Benz Auto Lease Trust 2020-A,2020-07-31,36837,36738,71,28,1812447457.7000227,1440062052.5300012,1055032614.8499999,2337651045.0,36323,0,514,7
Mercedes-Benz Auto Lease Trust 2020-A,2021-07-31,24831,24764,42,25,1042334643.8852187,853711028.9799974,705295308.6499999,1573875711.0,24503,0,328,19
Mercedes-Benz Auto Lease Trust 2020-A,2020-08-31,35914,35784,101,29,1746072655.5544062,1391297078.5600042,1027894093.45,2278386715.0,35416,0,498,8
Mercedes-Benz Auto Lease Trust 2020-A,2021-08-31,23711,23637,54,20,978441795.9531355,803148199.5399976,671728927.1500002,1499858426.0,23409,0,302,20
Mercedes-Benz Auto Lease Trust 2020-A,2020-09-30,35099,34995,69,35,1684013802.85998,1345420841.2000055,1004003542.7999995,2226560806.0,34615,0,484,9
Mercedes-Benz Auto Lease Trust 2020-A,2021-09-30,22516,22459,39,18,915624784.3729275,753224814.1200016,637521781.85,1424362571.0,22230,0,286,21
Mercedes-Benz Auto Lease Trust 2020-A,2020-10-31,34186,34093,71,22,1619381923.5040536,1296838071.1999927,976872770.4500003,2167559201.0,33717,0,469,10
Mercedes-Benz Auto Lease Trust 2020-A,2021-10-31,21264,21205,43,16,852628084.5995595,703052164.189995,601604636.0000005,1345077716.0,20993,0,271,22
Mercedes-Benz Auto Lease Trust 2020-A,2020-11-30,33349,33247,72,30,1558223264.2587228,1251129368.3000045,951994806.1500003,2112977776.0,32897,0,452,11
Mercedes-Benz Auto Lease Trust 2020-A,2021-11-30,19774,19710,49,15,781590399.4495466,645953545.3100052,559385455.0000002,1252191246.0,19524,0,250,23
Mercedes-Benz Auto Lease Trust 2020-A,2019-12-31,41515,41459,52,4,2236446216.107643,1737037935.5199988,1193154566.7500005,2639808920.0,40937,0,578,0
Mercedes-Benz Auto Lease Trust 2020-A,2020-12-31,32474,32352,99,23,1496864404.3437207,1205052000.2999978,926241532.15,2056581346.0,32032,0,442,12
Mercedes-Benz Auto Lease Trust 2020-A,2021-12-31,18355,18258,73,24,713516686.5745325,590620995.6199983,517175546.7,1159323286.0,18127,0,228,24
Mercedes-Benz Auto Lease Trust 2020-B,2021-01-31,27630,27573,42,15,1338445230.7127438,1052546873.0799991,741962807.1299998,1674936736.0,27411,0,219,5
Mercedes-Benz Auto Lease Trust 2020-B,2022-01-31,18816,18762,33,21,809932563.9438002,652693732.3699985,515753611.5300001,1154619036.0,18632,0,184,17
Mercedes-Benz Auto Lease Trust 2020-B,2023-01-31,7959,7911,31,17,298040522.8097823,245860021.49999973,221813840.63,501629945.0,7846,0,113,29
Mercedes-Benz Auto Lease Trust 2020-B,2021-02-28,27277,27216,42,19,1305415302.8550055,1029106907.9800041,732810729.1299999,1653351016.0,27058,0,219,6
Mercedes-Benz Auto Lease Trust 2020-B,2022-02-28,18284,18245,31,8,774418503.5100279,625407802.6700016,500994415.63000023,1121065677.0,18105,0,179,18
Mercedes-Benz Auto Lease Trust 2020-B,2023-02-28,6698,6661,19,18,249617003.44774008,206816126.63999996,187140125.33000004,425325385.0,6600,0,98,30
Mercedes-Benz Auto Lease Trust 2020-B,2021-03-31,26540,26488,42,10,1254765539.7751987,991364587.1400032,713494153.5799998,1608897956.0,26323,0,217,7
Mercedes-Benz Auto Lease Trust 2020-B,2022-03-31,17720,17683,30,7,739700628.9429648,598582003.0399996,486197803.33,1087465682.0,17544,0,176,19
Mercedes-Benz Auto Lease Trust 2020-B,2021-04-30,25760,25717,31,12,1208177985.6430407,956265033.5499954,693617158.6800001,1563342316.0,25544,0,216,8
Mercedes-Benz Auto Lease Trust 2020-B,2022-04-30,17177,17142,22,13,706801430.4518024,573146412.399998,471823917.92999995,1054859157.0,17004,0,173,20
Mercedes-Benz Auto Lease Trust 2020-B,2021-05-31,24786,24743,33,10,1157367101.8219116,917784779.7299949,669492291.0799999,1508211236.0,24575,0,211,9
Mercedes-Benz Auto Lease Trust 2020-B,2022-05-31,16606,16558,32,16,672817316.867342,546735695.8500019,456648045.2299999,1020531262.0,16437,0,169,21
Mercedes-Benz Auto Lease Trust 2020-B,2021-06-30,23774,23731,29,14,1103139096.025931,876533415.7999977,644425473.88,1450879146.0,23569,0,205,10
Mercedes-Benz Auto Lease Trust 2020-B,2022-06-30,15812,15778,20,14,631572367.826417,514243209.5200008,435397862.97999996,972988690.0,15647,0,165,22
Mercedes-Benz Auto Lease Trust 2020-B,2021-07-31,22820,22766,42,12,1053663577.2539779,838841935.2100097,621089114.3800001,1397288871.0,22618,0,202,11
Mercedes-Benz Auto Lease Trust 2020-B,2022-07-31,15035,15008,15,12,593048479.1468397,483746784.6299979,414593673.0300001,926496225.0,14876,0,159,23
Mercedes-Benz Auto Lease Trust 2020-B,2020-08-31,28805,28763,40,2,1496564535.4626868,1162605290.0099933,773018746.78,1749236036.0,28572,0,233,0
Mercedes-Benz Auto Lease Trust 2020-B,2021-08-31,22004,21952,34,18,1007598555.4536821,803890279.0300025,600652894.1799998,1349725061.0,21804,0,200,12
Mercedes-Benz Auto Lease Trust 2020-B,2022-08-31,14086,14041,37,8,549519465.7746316,448780240.3700002,389353657.9300001,870502045.0,13935,0,151,24
Mercedes-Benz Auto Lease Trust 2020-B,2020-09-30,28662,28630,24,8,1467623131.6785812,1143095172.8299947,769187228.7299997,1740237341.0,28430,0,232,1
Mercedes-Benz Auto Lease Trust 2020-B,2021-09-30,21210,21161,39,10,962605091.4688156,769598513.4599991,580121138.1300001,1302304786.0,21014,0,196,13
Mercedes-Benz Auto Lease Trust 2020-B,2022-09-30,13062,13024,29,9,504776858.5155009,412828142.3700012,362072130.83000016,810341895.0,12917,0,145,25
Mercedes-Benz Auto Lease Trust 2020-B,2020-10-31,28439,28395,35,9,1435650866.9230394,1120714780.8799949,763133381.5300004,1725655086.0,28211,0,228,2
Mercedes-Benz Auto Lease Trust 2020-B,2021-10-31,20492,20440,41,11,920880456.5103066,737525124.5800034,561113910.5299997,1258479171.0,20299,0,193,14
Mercedes-Benz Auto Lease Trust 2020-B,2022-10-31,12005,11954,39,12,459645248.87681675,376353225.6099997,333370631.73,747288865.0,11864,0,141,26
Mercedes-Benz Auto Lease Trust 2020-B,2020-11-30,28233,28188,34,11,1404979341.410923,1099522711.979998,757699295.8799995,1712662186.0,28007,0,226,3
Mercedes-Benz Auto Lease Trust 2020-B,2021-11-30,19814,19765,37,12,878989342.8208454,705479489.2699987,542933748.7800001,1216837811.0,19625,0,189,15
Mercedes-Benz Auto Lease Trust 2020-B,2022-11-30,10789,10741,34,14,409648064.7155371,336072117.70999837,300183908.08000016,674317355.0,10652,0,137,27
Mercedes-Benz Auto Lease Trust 2020-B,2020-12-31,27947,27889,44,14,1370954552.112817,1075616018.659999,750247193.6799996,1694697531.0,27725,0,222,4
Mercedes-Benz Auto Lease Trust 2020-B,2021-12-31,19260,19195,48,17,842286677.553761,677275950.2599965,527910346.62999994,1182709501.0,19075,0,185,16
Mercedes-Benz Auto Lease Trust 2020-B,2022-12-31,9373,9326,27,20,353493702.33611447,290746253.28000116,261248280.13000008,588523490.0,9249,0,124,28
Mercedes-Benz Auto Lease Trust 2021-A,2021-01-31,35163,35111,43,9,1804361401.54094,1435251665.2900097,989173909.5499996,2181517382.0,34610,0,553,1
Mercedes-Benz Auto Lease Trust 2021-A,2022-01-31,23735,23647,60,28,1085833511.6580374,881557833.1199988,669391996.8500003,1474630612.0,23332,0,403,13
Mercedes-Benz Auto Lease Trust 2021-A,2023-01-31,14202,14116,57,29,556144925.4054475,459060691.53999823,397704879.00000006,882327335.0,13979,0,223,25
Mercedes-Benz Auto Lease Trust 2021-A,2021-02-28,34626,34567,43,16,1756860154.808627,1399978196.0299947,974050221.5500007,2148305142.0,34079,0,547,2
Mercedes-Benz Auto Lease Trust 2021-A,2022-02-28,22946,22882,43,21,1036840357.6630325,843249833.1600006,646652982.65,1424467982.0,22557,0,389,14
Mercedes-Benz Auto Lease Trust 2021-A,2023-02-28,13350,13287,40,23,515636011.37913764,426506041.5899978,373877709.25000006,830194700.0,13142,0,208,26
Mercedes-Benz Auto Lease Trust 2021-A,2021-03-31,33690,33639,37,14,1690472837.6984165,1349591962.2500002,947768011.2499994,2090967532.0,33150,0,540,3
Mercedes-Benz Auto Lease Trust 2021-A,2022-03-31,22130,22049,68,13,988009671.3710198,804805834.8200027,623790293.4000002,1374225352.0,21759,0,371,15
Mercedes-Benz Auto Lease Trust 2021-A,2023-03-31,12246,12171,55,20,467024538.5540778,386822042.25999975,342937469.79999995,762810160.0,12058,0,188,27
Mercedes-Benz Auto Lease Trust 2021-A,2021-04-30,32712,32660,41,11,1627667754.9195924,1301797545.94,920735417.7500002,2031641457.0,32185,0,527,4
Mercedes-Benz Auto Lease Trust 2021-A,2022-04-30,21390,21314,52,24,943068210.4704722,769120059.8200017,601885324.4500002,1326612010.0,21038,0,352,16
Mercedes-Benz Auto Lease Trust 2021-A,2023-04-30,11266,11199,46,21,424837403.4812308,352425425.47999895,315586770.3000001,703534255.0,11092,0,174,28
Mercedes-Benz Auto Lease Trust 2021-A,2021-05-31,31788,31733,42,13,1569347802.8398018,1257058550.7899933,894973323.9999993,1975407042.0,31268,0,520,5
Mercedes-Benz Auto Lease Trust 2021-A,2022-05-31,20623,20527,64,32,897633895.7446247,733226132.5200022,580311239.1,1279683920.0,20291,0,332,17
Mercedes-Benz Auto Lease Trust 2021-A,2023-05-31,9633,9564,48,21,361067183.0859352,300033619.3099993,270175289.8,605782720.0,9481,0,152,29
Mercedes-Benz Auto Lease Trust 2021-A,2021-06-30,30766,30717,35,14,1504671871.8150196,1207513591.1500084,867102271.8499993,1913853882.0,30261,0,505,6
Mercedes-Benz Auto Lease Trust 2021-A,2022-06-30,19863,19781,52,30,853858965.1933638,698560535.2000012,559076578.1500001,1233331820.0,19550,0,313,18
Mercedes-Benz Auto Lease Trust 2021-A,2023-06-30,7901,7839,38,24,294670240.70669097,245117800.81999996,220761810.35000014,499043325.0,7778,0,123,30
Mercedes-Benz Auto Lease Trust 2021-A,2021-07-31,29868,29811,41,16,1447614039.7787457,1163437779.0000045,842601487.95,1859423502.0,29372,0,496,7
Mercedes-Benz Auto Lease Trust 2021-A,2022-07-31,19201,19137,42,22,814746360.0236565,667448586.7899989,540413088.2500001,1192441690.0,18901,0,300,19
Mercedes-Benz Auto Lease Trust 2021-A,2021-08-31,28918,28852,42,24,1387509952.9651563,1116927245.2300048,815572151.3499995,1799602292.0,28437,0,481,8
Mercedes-Benz Auto Lease Trust 2021-A,2022-08-31,18525,18440,65,20,774345466.3478394,635130878.5199999,521111165.45,1150497775.0,18242,0,283,20
Mercedes-Benz Auto Lease Trust 2021-A,2021-09-30,27874,27807,47,20,1324963843.4085803,1068453273.2900009,786303823.4499993,1734458602.0,27401,0,473,9
Mercedes-Benz Auto Lease Trust 2021-A,2022-09-30,17839,17762,51,26,735691773.1695826,604098969.9100004,501733555.65000015,1108721390.0,17563,0,276,21
Mercedes-Benz Auto Lease Trust 2021-A,2021-10-31,26820,26758,45,17,1264881978.454161,1021549303.4699966,756919523.8499994,1669258112.0,26363,0,457,10
Mercedes-Benz Auto Lease Trust 2021-A,2022-10-31,17000,16913,56,31,691641226.2398387,568369467.5500021,476958751.35,1055342045.0,16733,0,267,22
Mercedes-Benz Auto Lease Trust 2021-A,2021-11-30,25660,25591,48,21,1199190552.3229127,970312271.8800025,724612814.7999996,1597433012.0,25216,0,444,11
Mercedes-Benz Auto Lease Trust 2021-A,2022-11-30,15989,15904,58,27,642942074.790866,528958439.10999984,448116127.45,992344045.0,15735,0,254,23
Mercedes-Benz Auto Lease Trust 2021-A,2020-12-31,35470,35418,50,2,1843829676.4855769,1462585935.6499958,998023215.45,2201081482.0,34911,0,559,0
Mercedes-Benz Auto Lease Trust 2021-A,2021-12-31,24643,24538,87,18,1140198514.4003518,924064183.1799983,695514928.7500002,1532972972.0,24223,0,420,12
Mercedes-Benz Auto Lease Trust 2021-A,2022-12-31,15073,14990,52,31,598218089.2969522,492977132.26999766,422057511.05000013,935381345.0,14835,0,238,24
Mercedes-Benz Auto Lease Trust 2021-B,2022-01-31,27900,27795,70,35,1418040262.6436043,1140171663.5200021,775278239.2499998,1733654030.0,27087,0,813,8
Mercedes-Benz Auto Lease Trust 2021-B,2023-01-31,21094,20989,81,24,904389629.0568261,743163653.3100028,583512297.3499999,1304147863.0,20492,0,602,20
Mercedes-Benz Auto Lease Trust 2021-B,2024-01-31,8233,8099,78,56,300168079.5666916,250176532.14000082,218327055.8500001,513122945.0,8041,0,192,32
Mercedes-Benz Auto Lease Trust 2021-B,2022-02-28,27294,27211,57,26,1368773344.8943865,1102613010.8400004,757804138.450001,1694203995.0,26512,0,782,9
Mercedes-Benz Auto Lease Trust 2021-B,2023-02-28,20528,20427,74,27,866210622.7013155,713239521.3399993,567475503.6499997,1268268103.0,19939,0,589,21
Mercedes-Benz Auto Lease Trust 2021-B,2024-02-29,7156,7046,64,46,258183643.73829693,215273759.59000045,188349597.0000001,446973710.0,6989,0,167,33
Mercedes-Benz Auto Lease Trust 2021-B,2022-03-31,26604,26511,70,23,1317382715.1295352,1062952751.4599943,738337645.7000002,1650333975.0,25844,0,760,10
Mercedes-Benz Auto Lease Trust 2021-B,2023-03-31,19826,19724,71,31,823040053.4064226,679091666.7500023,547656557.95,1224169893.0,19251,0,575,22
Mercedes-Benz Auto Lease Trust 2021-B,2022-04-30,26032,25941,66,25,1273006458.910974,1029046522.5300025,722238901.0000005,1614165525.0,25288,0,744,11
Mercedes-Benz Auto Lease Trust 2021-B,2023-04-30,19094,18996,66,32,781300522.6825371,645690422.9999983,526983738.75,1178948178.0,18534,0,560,23
Mercedes-Benz Auto Lease Trust 2021-B,2021-05-31,32760,32729,31,0,1822768610.0793755,1444031807.079999,910246452.8400016,2038415285.0,31811,0,949,0
Mercedes-Benz Auto Lease Trust 2021-B,2022-05-31,25465,25356,79,30,1229014839.622839,995363708.0300013,706625940.9000006,1579419115.0,24740,0,725,12
Mercedes-Benz Auto Lease Trust 2021-B,2023-05-31,18120,17990,92,38,729617453.8462052,604367527.0299983,499407699.74999964,1118567448.0,17584,0,536,24
Mercedes-Benz Auto Lease Trust 2021-B,2021-06-30,32364,32332,27,5,1776893870.1959405,1411101357.2000008,899465577.7400019,2013902865.0,31424,0,940,1
Mercedes-Benz Auto Lease Trust 2021-B,2022-06-30,24917,24810,73,34,1185801241.8370476,962080764.8500009,691245452.5000005,1544811715.0,24212,0,705,13
Mercedes-Benz Auto Lease Trust 2021-B,2023-06-30,16952,16842,69,41,673936190.0913326,559177172.9999994,466684553.1499996,1047715418.0,16443,0,509,25
Mercedes-Benz Auto Lease Trust 2021-B,2021-07-31,31775,31724,45,6,1728003821.6217527,1374364479.2400088,883632622.0400013,1978429615.0,30850,0,925,2
Mercedes-Benz Auto Lease Trust 2021-B,2022-07-31,24427,24330,65,32,1147352828.2337005,932490287.8900073,677872602.3000004,1514912740.0,23732,0,695,14
Mercedes-Benz Auto Lease Trust 2021-B,2023-07-31,15995,15875,80,40,626847564.7095308,520978418.3600022,439573931.74999964,989132990.0,15507,0,488,26
Mercedes-Benz Auto Lease Trust 2021-B,2021-08-31,31164,31102,49,13,1676277352.6103768,1335509137.5399902,866230204.3400011,1939674730.0,30267,0,897,3
Mercedes-Benz Auto Lease Trust 2021-B,2022-08-31,23906,23800,75,31,1104452173.2181365,899209814.8299973,662423398.1000003,1480445973.0,23228,0,678,15
Mercedes-Benz Auto Lease Trust 2021-B,2023-08-31,14824,14686,99,39,573623031.9091618,477523887.45999926,406637795.0000001,917736845.0,14361,0,463,27
Mercedes-Benz Auto Lease Trust 2021-B,2021-09-30,30498,30422,66,10,1623324841.6970346,1295550183.949998,847510644.49,1896916280.0,29621,0,877,4
Mercedes-Benz Auto Lease Trust 2021-B,2022-09-30,23429,23332,72,25,1065831536.473886,869277756.8800042,649030677.4000002,1449974198.0,22768,0,661,16
Mercedes-Benz Auto Lease Trust 2021-B,2023-09-30,13682,13551,84,47,523297210.4253978,436208277.339998,374589199.74999976,848634960.0,13262,0,420,28
Mercedes-Benz Auto Lease Trust 2021-B,2021-10-31,29849,29777,53,19,1572189693.5886502,1256994193.349987,829543831.6000018,1856190300.0,28987,0,862,5
Mercedes-Benz Auto Lease Trust 2021-B,2022-10-31,22921,22797,91,33,1027501296.460468,839470002.1399966,634743955.5000002,1418131358.0,22276,0,645,17
Mercedes-Benz Auto Lease Trust 2021-B,2023-10-31,12361,12239,76,46,465633395.9527294,388546582.1400011,336262199.39999986,766034865.0,12005,0,356,29
Mercedes-Benz Auto Lease Trust 2021-B,2021-11-30,29101,29027,52,22,1515165211.5319197,1213612883.3699987,808622982.3500005,1808880795.0,28259,0,842,6
Mercedes-Benz Auto Lease Trust 2021-B,2022-11-30,22284,22183,62,39,984760912.2307276,805976033.5699939,616861682.5000002,1378572203.0,21655,0,629,18
Mercedes-Benz Auto Lease Trust 2021-B,2023-11-30,10951,10842,73,36,408412478.91552293,340994460.1999999,296459131.79999995,680473890.0,10658,0,293,30
Mercedes-Benz Auto Lease Trust 2021-B,2021-12-31,28467,28360,82,25,1465712373.2383592,1176129968.7899935,791184627.5000011,1769757770.0,27640,0,827,7
Mercedes-Benz Auto Lease Trust 2021-B,2022-12-31,21665,21546,94,25,944100955.00492,774310651.5900016,599807739.4499997,1340481428.0,21051,0,614,19
Mercedes-Benz Auto Lease Trust 2021-B,2023-12-31,9590,9468,88,34,353531154.37245166,295060895.12000155,257112043.30000007,596345885.0,9360,0,230,31
Mercedes-Benz Auto Lease Trust 2023-A,2024-01-31,26698,26496,126,76,1492094351.327741,1132043812.1099958,766814461.9999998,1780688419.0,26211,0,487,9
Mercedes-Benz Auto Lease Trust 2023-A,2025-01-31,16453,16251,128,74,800082677.1711526,626094715.7100022,470397741.45,1113427480.0,16279,0,174,21
Mercedes-Benz Auto Lease Trust 2023-A,2025-02-28,15596,15402,142,52,749702934.2815092,588112221.2099993,445919759.8000001,1057322731.0,15435,0,161,22
Mercedes-Benz Auto Lease Trust 2023-A,2024-02-29,25801,25603,149,49,1427422899.0597262,1086103302.319995,740935704.5999999,1722152400.0,25349,0,452,10
Mercedes-Benz Auto Lease Trust 2023-A,2024-03-31,24963,24785,118,60,1368088356.756187,1043738972.4999952,716991978.0999999,1668928025.0,24555,0,408,11
Mercedes-Benz Auto Lease Trust 2023-A,2025-03-31,14651,14470,118,63,696284747.1470232,547765382.1300006,419343614.3500001,996136831.0,14501,0,150,23
Mercedes-Benz Auto Lease Trust 2023-A,2023-04-30,34546,34500,46,0,2098497541.5621142,1548338258.2899947,986261534.9099996,2280903214.0,33860,0,686,0
Mercedes-Benz Auto Lease Trust 2023-A,2024-04-30,23977,23776,136,65,1302264447.675514,996039546.6199996,688835498.1500001,1606983205.0,23600,0,377,12
Mercedes-Benz Auto Lease Trust 2023-A,2025-04-30,13490,13318,109,63,636373950.8365952,501425609.8599994,386740286.55000013,921223713.0,13351,0,139,24
Mercedes-Benz Auto Lease Trust 2023-A,2023-05-31,33912,33830,67,15,2034209637.6524088,1507580105.129994,968647569.9000006,2240877269.0,33242,0,670,1
Mercedes-Benz Auto Lease Trust 2023-A,2024-05-31,23019,22839,119,61,1239915590.4539027,950271881.2800032,661543262.1,1546781185.0,22676,0,343,13
Mercedes-Benz Auto Lease Trust 2023-A,2025-05-31,12462,12304,101,57,581914255.3816106,459346272.0800006,357130297.5500002,853779923.0,12336,0,126,25
Mercedes-Benz Auto Lease Trust 2023-A,2023-06-30,32903,32802,74,27,1959195102.2731428,1455641496.599993,940954389.6499994,2177693789.0,32256,0,647,2
Mercedes-Benz Auto Lease Trust 2023-A,2024-06-30,22335,22151,130,54,1188327100.5608685,913356283.6200005,641459254.8500001,1501542455.0,22011,0,324,14
Mercedes-Benz Auto Lease Trust 2023-A,2025-06-30,11438,11289,101,48,529054129.99562085,418305009.18000084,327664643.20000017,785920198.0,11320,0,118,26
Mercedes-Benz Auto Lease Trust 2023-A,2023-07-31,32069,31950,89,30,1891188267.6154737,1409618543.360002,917922390.2,2124862654.0,31442,0,627,3
Mercedes-Benz Auto Lease Trust 2023-A,2024-07-31,21556,21357,133,66,1132308112.4383848,872972042.9399985,619515562.6000003,1452182140.0,21257,0,299,15
Mercedes-Benz Auto Lease Trust 2023-A,2025-07-31,10357,10212,95,50,475869042.84197724,376816597.7500009,297502516.5500001,717686065.0,10252,0,105,27
Mercedes-Benz Auto Lease Trust 2023-A,2023-08-31,31191,31035,123,33,1823558196.5751398,1363212293.5199897,893936634.0999998,2069835974.0,30585,0,606,4
Mercedes-Benz Auto Lease Trust 2023-A,2024-08-31,20763,20565,129,69,1077581325.9921935,833004164.8800031,597063681.55,1401297015.0,20487,0,276,16
Mercedes-Benz Auto Lease Trust 2023-A,2025-08-31,9446,9299,104,43,430031142.62267715,340919976.8499992,271005880.8,657349722.0,9351,0,95,28
Mercedes-Benz Auto Lease Trust 2023-A,2023-09-30,30366,30194,117,55,1761462228.0215278,1320631119.5200026,871163206.3499999,2017928839.0,29772,0,594,5
Mercedes-Benz Auto Lease Trust 2023-A,2024-09-30,19939,19738,127,74,1021888657.8480074,791940793.7899995,573269334.15,1346837250.0,19681,0,258,17
Mercedes-Benz Auto Lease Trust 2023-A,2025-09-30,8553,8409,102,42,384540975.51485425,305220519.1500003,244476105.59999996,597226897.0,8468,0,85,29
Mercedes-Benz Auto Lease Trust 2023-A,2023-10-31,29359,29178,126,55,1687142729.7710505,1268893008.6299963,842861747.4499997,1953031384.0,28789,0,570,6
Mercedes-Benz Auto Lease Trust 2023-A,2024-10-31,19053,18845,132,76,963976559.6564922,748941314.069996,547252583.5,1288187345.0,18817,0,236,18
Mercedes-Benz Auto Lease Trust 2023-A,2025-10-31,7596,7468,95,33,337574507.7704624,267957784.92999977,215417747.60000002,531354262.0,7527,0,69,30
Mercedes-Benz Auto Lease Trust 2023-A,2023-11-30,28400,28223,117,60,1618302274.0951977,1220355663.7899964,815153206.5,1889959214.0,27863,0,537,7
Mercedes-Benz Auto Lease Trust 2023-A,2024-11-30,18250,18078,111,61,911819828.5247263,710073191.7999997,523177213.8,1234068380.0,18040,0,210,19
Mercedes-Benz Auto Lease Trust 2023-A,2025-11-30,6813,6684,92,37,300270286.94483376,238442126.4599999,192128866.69999993,478601792.0,6753,0,60,31
Mercedes-Benz Auto Lease Trust 2023-A,2023-12-31,27563,27367,120,76,1557916199.5243974,1178110453.8400013,791687679.8,1836962299.0,27051,0,512,8
Mercedes-Benz Auto Lease Trust 2023-A,2024-12-31,17323,17124,129,70,853388197.4090537,665897937.4600013,495275796.40000004,1170816935.0,17136,0,187,20
Mercedes-Benz Auto Lease Trust 2024-A,2025-01-31,22454,22320,92,42,1482427552.0480068,1124635658.3500035,751449853.0499994,1685142563.0,20438,0,2016,9
Mercedes-Benz Auto Lease Trust 2024-A,2026-01-31,17018,16873,98,47,919761945.9228642,732032840.6000001,561442348.4499993,1271419891.0,15491,0,1527,21
Mercedes-Benz Auto Lease Trust 2024-A,2025-02-28,22046,21892,108,46,1435609894.4532793,1093168263.3899987,737011441.3999996,1654380098.0,20074,0,1972,10
Mercedes-Benz Auto Lease Trust 2024-A,2026-02-28,16461,16311,112,38,874131645.7161647,698631806.0100011,542315089.8499993,1229289063.0,14985,0,1476,22
Mercedes-Benz Auto Lease Trust 2024-A,2025-03-31,21523,21379,103,41,1381911000.363519,1055966064.1199979,718173341.7499992,1614290553.0,19600,0,1923,11
Mercedes-Benz Auto Lease Trust 2024-A,2026-03-31,15724,15586,103,35,817722208.6911905,656313050.2800022,516494334.3499993,1172765038.0,14315,0,1409,23
Mercedes-Benz Auto Lease Trust 2024-A,2024-04-30,26091,26044,45,2,1943658032.4344752,1424252325.310004,881692575.9700007,1959439172.0,23799,0,2292,0
Mercedes-Benz Auto Lease Trust 2024-A,2025-04-30,20918,20781,91,46,1326120696.0821214,1016287846.8000011,696729369.3499999,1568905509.0,19066,0,1852,12
Mercedes-Benz Auto Lease Trust 2024-A,2026-04-30,14856,14736,77,43,760539019.7010193,612604401.1399996,487364329.3499992,1109899418.0,13528,0,1328,24
Mercedes-Benz Auto Lease Trust 2024-A,2024-05-31,25789,25717,59,13,1894439899.6847563,1394770069.140006,871484925.9200002,1936991894.0,23517,0,2272,1
Mercedes-Benz Auto Lease Trust 2024-A,2025-05-31,20405,20274,94,37,1274428985.6787245,980252482.419999,678706910.9999996,1529961089.0,18589,0,1816,13
Mercedes-Benz Auto Lease Trust 2024-A,2026-05-31,14023,13898,90,35,706576780.5737044,571139110.1100006,458948951.4499993,1048909198.0,12754,0,1269,25
Mercedes-Benz Auto Lease Trust 2024-A,2024-06-30,25502,25422,61,19,1850300661.8018901,1367345413.4900002,861533895.4200008,1915545889.0,23248,0,2254,2
Mercedes-Benz Auto Lease Trust 2024-A,2025-06-30,19968,19827,98,43,1226908748.5343208,947068818.9900002,662636280.8999993,1495535959.0,18202,0,1766,14
Mercedes-Benz Auto Lease Trust 2024-A,2026-06-30,13083,12957,84,42,650120855.466659,527343120.5500027,427525929.6999994,981486008.0,11880,0,1203,26
Mercedes-Benz Auto Lease Trust 2024-A,2024-07-31,25068,24953,92,23,1797173146.9683979,1333428603.2100048,846986936.3200005,1884865666.0,22843,0,2225,3
Mercedes-Benz Auto Lease Trust 2024-A,2025-07-31,19504,19371,86,47,1179567645.262558,914254703.1999998,647121876.9499998,1461527679.0,17780,0,1724,15
Mercedes-Benz Auto Lease Trust 2024-A,2026-07-31,12171,12034,98,39,595707433.9424149,484914744.5000005,397161034.6499996,915359680.0,11030,0,1141,27
Mercedes-Benz Auto Lease Trust 2024-A,2024-08-31,24627,24511,80,36,1744463596.3900182,1298825826.1099987,831392738.5200001,1852632763.0,22442,0,2185,4
Mercedes-Benz Auto Lease Trust 2024-A,2025-08-31,19150,19009,98,43,1139261645.66929,886616382.5000049,635275379.1999992,1435307284.0,17447,0,1703,16
Mercedes-Benz Auto Lease Trust 2024-A,2024-09-30,24198,24076,77,45,1692055302.4419217,1264421050.390002,816235116.3699996,1820513918.0,22038,0,2160,5
Mercedes-Benz Auto Lease Trust 2024-A,2025-09-30,18744,18606,98,40,1094591026.0737474,855792325.2499974,621323775.249999,1404220404.0,17075,0,1669,17
Mercedes-Benz Auto Lease Trust 2024-A,2024-10-31,23742,23609,91,42,1637729355.355727,1228269048.28,799042592.97,1785734928.0,21620,0,2122,6
Mercedes-Benz Auto Lease Trust 2024-A,2025-10-31,18287,18134,110,43,1048011379.4147165,822872841.4499979,605492116.5499991,1368976399.0,16669,0,1618,18
Mercedes-Benz Auto Lease Trust 2024-A,2024-11-30,23358,23235,81,42,1587734576.3215659,1195014862.3900027,783882844.9699994,1754696933.0,21274,0,2084,7
Mercedes-Benz Auto Lease Trust 2024-A,2025-11-30,17945,17798,109,38,1009672157.1959159,796213715.73,593429093.3499994,1342231764.0,16354,0,1591,19
Mercedes-Benz Auto Lease Trust 2024-A,2024-12-31,22931,22797,92,42,1535861349.8879797,1160778289.6900074,768435556.6999995,1721938423.0,20879,0,2052,8
Mercedes-Benz Auto Lease Trust 2024-A,2025-12-31,17502,17347,118,37,964296248.3472942,764177793.3000013,578035688.5499995,1308289359.0,15944,0,1558,20
Mercedes-Benz Auto Lease Trust 2024-B,2025-01-31,24649,24517,92,40,1548474412.7659984,1178470341.800002,807353774.8799996,1821894214.0,23492,0,1157,5
Mercedes-Benz Auto Lease Trust 2024-B,2026-01-31,15755,15618,102,35,893045581.689421,706044983.7599989,532794948.88000035,1198670860.0,14862,0,893,17
Mercedes-Benz Auto Lease Trust 2024-B,2025-02-28,23758,23631,91,36,1484367837.9385169,1132769141.4600048,780174756.6299994,1760927051.0,22625,0,1133,6
Mercedes-Benz Auto Lease Trust 2024-B,2026-02-28,15130,15006,87,37,847978274.6548457,673103168.3000014,512251887.4300004,1151699325.0,14254,0,876,18
Mercedes-Benz Auto Lease Trust 2024-B,2025-03-31,22765,22611,117,37,1416956330.69818,1084001067.4100008,750270227.6299995,1693878031.0,21668,0,1097,7
Mercedes-Benz Auto Lease Trust 2024-B,2026-03-31,14365,14227,99,39,794530240.1886209,633081353.4100043,486568137.5300004,1093762135.0,13517,0,848,19
Mercedes-Benz Auto Lease Trust 2024-B,2025-04-30,21699,21566,90,43,1346156665.4547012,1031964603.6299994,717272761.2299997,1620090121.0,20638,0,1061,8
Mercedes-Benz Auto Lease Trust 2024-B,2026-04-30,13662,13541,82,39,745193297.704595,596071980.8299983,462496635.3800002,1039306922.0,12857,0,805,20
Mercedes-Benz Auto Lease Trust 2024-B,2025-05-31,20900,20770,90,40,1289226395.3776681,990877478.3600042,692969977.4299997,1565764326.0,19857,0,1043,9
Mercedes-Benz Auto Lease Trust 2024-B,2026-05-31,13074,12964,74,36,703778105.9391437,565165224.970001,442614427.68000025,995296617.0,12288,0,786,21
Mercedes-Benz Auto Lease Trust 2024-B,2025-06-30,20146,20014,91,41,1233973107.8878634,951223639.5899986,669886160.9299995,1514134086.0,19122,0,1024,10
Mercedes-Benz Auto Lease Trust 2024-B,2026-06-30,12483,12378,82,23,660934908.0303923,533258172.9300017,422748611.0800004,950229092.0,11724,0,759,22
Mercedes-Benz Auto Lease Trust 2024-B,2025-07-31,19382,19228,123,31,1177232417.5872538,910386668.2099984,646292030.2799999,1460052016.0,18388,0,994,11
Mercedes-Benz Auto Lease Trust 2024-B,2026-07-31,11893,11788,80,25,620879513.9560122,502998064.6300004,402941080.38000005,906024957.0,11161,0,732,23
Mercedes-Benz Auto Lease Trust 2024-B,2024-08-31,29040,28990,50,0,1885204541.500278,1413951687.870007,936961680.7800001,2114160282.0,27750,0,1290,0
Mercedes-Benz Auto Lease Trust 2024-B,2025-08-31,18775,18631,106,38,1129686980.0480628,876293571.68,627776821.2799995,1417697593.0,17800,0,975,12
Mercedes-Benz Auto Lease Trust 2024-B,2024-09-30,28396,28319,63,14,1824070957.0191975,1373688489.5400023,918046812.8300012,2071095427.0,27121,0,1275,1
Mercedes-Benz Auto Lease Trust 2024-B,2025-09-30,18184,18044,96,44,1080755676.1725504,841239277.8400006,609209778.3299994,1375085318.0,17230,0,954,13
Mercedes-Benz Auto Lease Trust 2024-B,2024-10-31,27501,27378,95,28,1755633287.926577,1325567774.9199996,891923188.53,2012629577.0,26252,0,1249,2
Mercedes-Benz Auto Lease Trust 2024-B,2025-10-31,17519,17389,94,36,1029969119.6459686,804732290.850002,588586897.8299999,1327237433.0,16580,0,939,14
Mercedes-Benz Auto Lease Trust 2024-B,2024-11-30,26644,26525,84,35,1691519562.821251,1280370636.2599978,866753148.73,1956150607.0,25422,0,1222,3
Mercedes-Benz Auto Lease Trust 2024-B,2025-11-30,16992,16865,97,30,988389569.239326,775041436.9200009,572056376.9300001,1289194313.0,16066,0,926,15
Mercedes-Benz Auto Lease Trust 2024-B,2024-12-31,25689,25542,101,46,1621215980.3089395,1230716051.8500004,838656807.4299995,1893030912.0,24505,0,1184,4
Mercedes-Benz Auto Lease Trust 2024-B,2025-12-31,16353,16237,73,43,938589688.7213651,738962060.7099979,551910369.1300001,1242653300.0,15445,0,908,16
Mercedes-Benz Auto Lease Trust 2025-A,2026-01-31,25178,25057,95,26,1613233993.3765996,1219519787.2800026,850626431.4999995,1922143278.0,24042,0,1136,9
Mercedes-Benz Auto Lease Trust 2025-A,2026-02-28,24952,24848,72,32,1574729595.653576,1195372119.5600052,841944488.5999995,1902602958.0,23832,0,1120,10
Mercedes-Benz Auto Lease Trust 2025-A,2026-03-31,24674,24567,89,18,1529128409.0476859,1166256787.3700058,831533880.4500012,1878930683.0,23570,0,1104,11
Mercedes-Benz Auto Lease Trust 2025-A,2025-04-30,26956,26914,42,0,1979440125.829962,1438603243.8200114,915339901.5999993,2067872593.0,25720,0,1236,0
Mercedes-Benz Auto Lease Trust 2025-A,2026-04-30,24365,24257,82,26,1485260280.1648345,1137685482.639997,819744265.1499999,1852470118.0,23273,0,1092,12
Mercedes-Benz Auto Lease Trust 2025-A,2025-05-31,26827,26764,53,10,1940417164.8060062,1417115885.709997,910326595.9499991,2056322958.0,25601,0,1226,1
Mercedes-Benz Auto Lease Trust 2025-A,2026-05-31,24117,24002,86,29,1446521133.929815,1112658371.150003,810123346.7999997,1831174288.0,23046,0,1071,13
Mercedes-Benz Auto Lease Trust 2025-A,2025-06-30,26650,26584,50,16,1899598282.722767,1392753847.4299855,903789538.2999992,2041486213.0,25433,0,1217,2
Mercedes-Benz Auto Lease Trust 2025-A,2026-06-30,23824,23701,81,42,1404829912.565974,1085879573.4200065,799972217.1499996,1808590683.0,22769,0,1055,14
Mercedes-Benz Auto Lease Trust 2025-A,2025-07-31,26425,26327,77,21,1856554032.0994709,1366891859.570005,895872585.2499993,2023821538.0,25219,0,1206,3
Mercedes-Benz Auto Lease Trust 2025-A,2026-07-31,23475,23333,104,38,1360586777.6133373,1056512165.8999984,787440467.2499998,1780206323.0,22431,0,1044,15
Mercedes-Benz Auto Lease Trust 2025-A,2025-08-31,26222,26134,72,16,1815996942.791491,1342685850.9599993,888313596.2499999,2006674813.0,25027,0,1195,4
Mercedes-Benz Auto Lease Trust 2025-A,2025-09-30,26006,25911,70,25,1772920512.108675,1316725659.099999,880374509.2999997,1988896363.0,24825,0,1181,5
Mercedes-Benz Auto Lease Trust 2025-A,2025-10-31,25785,25685,71,29,1731351182.143544,1291580301.0000072,872607825.2499992,1971404498.0,24616,0,1169,6
Mercedes-Benz Auto Lease Trust 2025-A,2025-11-30,25621,25526,64,31,1695762874.841562,1270246635.9799967,866521927.1999993,1957628313.0,24464,0,1157,7
Mercedes-Benz Auto Lease Trust 2025-A,2025-12-31,25402,25273,100,29,1652445544.5965285,1243913105.1699939,858340691.4499995,1939672173.0,24257,0,1145,8
Mercedes-Benz Auto Lease Trust 2025-B,2026-01-31,27791,27680,76,35,1787823904.070774,1340531880.8999975,931255704.4999996,2140438565.0,27003,0,788,4
Mercedes-Benz Auto Lease Trust 2025-B,2026-02-28,27298,27191,84,23,1734778575.1737213,1305540802.4999998,914286712.7499998,2101315980.0,26527,0,771,5
Mercedes-Benz Auto Lease Trust 2025-B,2026-03-31,26707,26587,89,31,1673102248.7936864,1264521331.850004,894567501.2999997,2055153227.0,25956,0,751,6
Mercedes-Benz Auto Lease Trust 2025-B,2026-04-30,26171,26053,83,35,1617212610.410174,1227187345.3899941,875848002.4999999,2012313142.0,25439,0,732,7
Mercedes-Benz Auto Lease Trust 2025-B,2026-05-31,25681,25555,86,40,1565822634.6502643,1192660953.0499995,858684225.8,1973157292.0,24967,0,714,8
Mercedes-Benz Auto Lease Trust 2025-B,2026-06-30,25162,25040,82,40,1511956642.1113927,1156429627.5000017,840921396.1499999,1932985599.0,24471,0,691,9
Mercedes-Benz Auto Lease Trust 2025-B,2026-07-31,24701,24537,115,49,1460949396.247896,1122106573.4999995,824554797.1499999,1896035059.0,24024,0,677,10
Mercedes-Benz Auto Lease Trust 2025-B,2025-09-30,29351,29299,52,0,1992620053.61087,1470632773.3399978,983483280.8999999,2260394760.0,28505,0,846,0
Mercedes-Benz Auto Lease Trust 2025-B,2025-10-31,28986,28922,57,7,1940574165.7113843,1438222122.8199952,970896297.5999999,2231302965.0,28151,0,835,1
Mercedes-Benz Auto Lease Trust 2025-B,2025-11-30,28636,28549,75,12,1894245772.182807,1408706552.509987,959474935.3499998,2204989985.0,27815,0,821,2
Mercedes-Benz Auto Lease Trust 2025-B,2025-12-31,28231,28122,87,22,1840851163.7940154,1374852613.9200032,946272438.6999998,2174893785.0,27429,0,802,3
Mercedes-Benz Auto Lease Trust 2026-A,2026-01-31,28087,28013,59,15,1944851490.1950195,1446693543.379999,961838005.4499998,2188573503.0,27218,0,869,1
Mercedes-Benz Auto Lease Trust 2026-A,2026-02-28,27792,27726,44,22,1900822080.4784026,1419077551.390002,951589844.6999993,2164806748.0,26929,0,863,2
Mercedes-Benz Auto Lease Trust 2026-A,2026-03-31,27401,27314,69,18,1846849669.1434755,1384777400.5000029,937806529.5499995,2133342773.0,26555,0,846,3
Mercedes-Benz Auto Lease Trust 2026-A,2026-04-30,27038,26955,65,18,1797984933.6207414,1353692193.7399976,925537674.1500001,2104262048.0,26202,0,836,4
Mercedes-Benz Auto Lease Trust 2026-A,2026-05-31,26704,26594,76,34,1752151041.4936619,1324552189.6399934,913687299.7499994,2077543543.0,25877,0,827,5
Mercedes-Benz Auto Lease Trust 2026-A,2026-06-30,26324,26222,66,36,1701210563.195263,1291581378.6500077,900257681.7999994,2046742998.0,25511,0,813,6
Mercedes-Benz Auto Lease Trust 2026-A,2026-07-31,25922,25811,81,30,1651807909.4236414,1259139960.5599945,885696842.1499994,2014599658.0,25125,0,797,7
Mercedes-Benz Auto Lease Trust 2026-A,2025-12-31,28313,28253,57,3,1988813794.4320214,1472367227.5900013,969568226.399999,2207121643.0,27435,0,878,0
