issuer_code,series_label,entity_name,loan_age_months,period_co_amt,orig_pool_amt,cumulative_co_amt,cumulative_loss_rate
VALET,VALET 2018-1,Volkswagen Auto Loan Enhanced Trust 2018-1,2,780522.34000000,1848822522.43008924,780522.34000000,0.00042217
VALET,VALET 2018-1,Volkswagen Auto Loan Enhanced Trust 2018-1,3,1569276.43000000,1848822522.43008924,2349798.77000000,0.00127097
VALET,VALET 2018-1,Volkswagen Auto Loan Enhanced Trust 2018-1,4,1383015.01000000,1848822522.43008924,3732813.78000000,0.00201902
VALET,VALET 2018-1,Volkswagen Auto Loan Enhanced Trust 2018-1,5,1212962.53000000,1848822522.43008924,4945776.31000000,0.00267510
VALET,VALET 2018-1,Volkswagen Auto Loan Enhanced Trust 2018-1,6,1611253.85000000,1848822522.43008924,6557030.16000000,0.00354660
VALET,VALET 2018-1,Volkswagen Auto Loan Enhanced Trust 2018-1,7,1417263.60000000,1848822522.43008924,7974293.76000000,0.00431317
VALET,VALET 2018-1,Volkswagen Auto Loan Enhanced Trust 2018-1,8,1982729.86000000,1848822522.43008924,9957023.62000000,0.00538560
VALET,VALET 2018-1,Volkswagen Auto Loan Enhanced Trust 2018-1,9,1344575.79000000,1848822522.43008924,11301599.41000000,0.00611286
VALET,VALET 2018-1,Volkswagen Auto Loan Enhanced Trust 2018-1,10,1502750.55000000,1848822522.43008924,12804349.96000000,0.00692568
VALET,VALET 2018-1,Volkswagen Auto Loan Enhanced Trust 2018-1,11,1125928.89000000,1848822522.43008924,13930278.85000000,0.00753468
VALET,VALET 2018-1,Volkswagen Auto Loan Enhanced Trust 2018-1,12,862353.82000000,1848822522.43008924,14792632.67000000,0.00800111
VALET,VALET 2018-1,Volkswagen Auto Loan Enhanced Trust 2018-1,13,856061.82000000,1848822522.43008924,15648694.49000000,0.00846414
VALET,VALET 2018-1,Volkswagen Auto Loan Enhanced Trust 2018-1,14,1391891.63000000,1848822522.43008924,17040586.12000000,0.00921699
VALET,VALET 2018-1,Volkswagen Auto Loan Enhanced Trust 2018-1,15,1108440.82000000,1848822522.43008924,18149026.94000000,0.00981653
VALET,VALET 2018-1,Volkswagen Auto Loan Enhanced Trust 2018-1,16,1224891.51000000,1848822522.43008924,19373918.45000000,0.01047906
VALET,VALET 2018-1,Volkswagen Auto Loan Enhanced Trust 2018-1,17,1076604.37000000,1848822522.43008924,20450522.82000000,0.01106138
VALET,VALET 2018-1,Volkswagen Auto Loan Enhanced Trust 2018-1,18,1039008.02000000,1848822522.43008924,21489530.84000000,0.01162336
VALET,VALET 2018-1,Volkswagen Auto Loan Enhanced Trust 2018-1,19,869703.85000000,1848822522.43008924,22359234.69000000,0.01209377
VALET,VALET 2018-1,Volkswagen Auto Loan Enhanced Trust 2018-1,20,981864.33000000,1848822522.43008924,23341099.02000000,0.01262485
VALET,VALET 2018-1,Volkswagen Auto Loan Enhanced Trust 2018-1,21,826479.76000000,1848822522.43008924,24167578.78000000,0.01307188
VALET,VALET 2018-1,Volkswagen Auto Loan Enhanced Trust 2018-1,22,743791.39000000,1848822522.43008924,24911370.17000000,0.01347418
VALET,VALET 2018-1,Volkswagen Auto Loan Enhanced Trust 2018-1,23,766269.87000000,1848822522.43008924,25677640.04000000,0.01388865
VALET,VALET 2018-1,Volkswagen Auto Loan Enhanced Trust 2018-1,24,342629.17000000,1848822522.43008924,26020269.21000000,0.01407397
VALET,VALET 2018-1,Volkswagen Auto Loan Enhanced Trust 2018-1,25,522861.41000000,1848822522.43008924,26543130.62000000,0.01435678
VALET,VALET 2018-1,Volkswagen Auto Loan Enhanced Trust 2018-1,26,633265.00000000,1848822522.43008924,27176395.62000000,0.01469930
VALET,VALET 2018-1,Volkswagen Auto Loan Enhanced Trust 2018-1,27,361006.54000000,1848822522.43008924,27537402.16000000,0.01489456
VALET,VALET 2018-1,Volkswagen Auto Loan Enhanced Trust 2018-1,28,394503.86000000,1848822522.43008924,27931906.02000000,0.01510794
VALET,VALET 2018-1,Volkswagen Auto Loan Enhanced Trust 2018-1,29,538175.39000000,1848822522.43008924,28470081.41000000,0.01539903
VALET,VALET 2018-1,Volkswagen Auto Loan Enhanced Trust 2018-1,30,489750.09000000,1848822522.43008924,28959831.50000000,0.01566393
VALET,VALET 2018-1,Volkswagen Auto Loan Enhanced Trust 2018-1,31,472170.65000000,1848822522.43008924,29432002.15000000,0.01591932
VALET,VALET 2018-1,Volkswagen Auto Loan Enhanced Trust 2018-1,32,416198.46000000,1848822522.43008924,29848200.61000000,0.01614444
VALET,VALET 2018-1,Volkswagen Auto Loan Enhanced Trust 2018-1,33,399190.89000000,1848822522.43008924,30247391.50000000,0.01636035
VALET,VALET 2018-1,Volkswagen Auto Loan Enhanced Trust 2018-1,34,281223.49000000,1848822522.43008924,30528614.99000000,0.01651246
VALET,VALET 2018-1,Volkswagen Auto Loan Enhanced Trust 2018-1,35,212685.22000000,1848822522.43008924,30741300.21000000,0.01662750
VALET,VALET 2018-1,Volkswagen Auto Loan Enhanced Trust 2018-1,36,147864.07000000,1848822522.43008924,30889164.28000000,0.01670748
VALET,VALET 2018-1,Volkswagen Auto Loan Enhanced Trust 2018-1,37,159588.69000000,1848822522.43008924,31048752.97000000,0.01679380
VALET,VALET 2018-1,Volkswagen Auto Loan Enhanced Trust 2018-1,38,129746.12000000,1848822522.43008924,31178499.09000000,0.01686398
VALET,VALET 2018-1,Volkswagen Auto Loan Enhanced Trust 2018-1,39,169107.00000000,1848822522.43008924,31347606.09000000,0.01695544
VALET,VALET 2018-1,Volkswagen Auto Loan Enhanced Trust 2018-1,40,88212.01000000,1848822522.43008924,31435818.10000000,0.01700316
VALET,VALET 2018-1,Volkswagen Auto Loan Enhanced Trust 2018-1,41,50975.80000000,1848822522.43008924,31486793.90000000,0.01703073
VALET,VALET 2018-1,Volkswagen Auto Loan Enhanced Trust 2018-1,42,169433.25000000,1848822522.43008924,31656227.15000000,0.01712237
VALET,VALET 2018-2,Volkswagen Auto Loan Enhanced Trust 2018-2,2,609661.82000000,1378319331.05001354,609661.82000000,0.00044232
VALET,VALET 2018-2,Volkswagen Auto Loan Enhanced Trust 2018-2,3,1167384.51000000,1378319331.05001354,1777046.33000000,0.00128928
VALET,VALET 2018-2,Volkswagen Auto Loan Enhanced Trust 2018-2,4,982473.03000000,1378319331.05001354,2759519.36000000,0.00200209
VALET,VALET 2018-2,Volkswagen Auto Loan Enhanced Trust 2018-2,5,889616.90000000,1378319331.05001354,3649136.26000000,0.00264753
VALET,VALET 2018-2,Volkswagen Auto Loan Enhanced Trust 2018-2,6,1031051.07000000,1378319331.05001354,4680187.33000000,0.00339558
VALET,VALET 2018-2,Volkswagen Auto Loan Enhanced Trust 2018-2,7,964846.84000000,1378319331.05001354,5645034.17000000,0.00409559
VALET,VALET 2018-2,Volkswagen Auto Loan Enhanced Trust 2018-2,8,1013257.15000000,1378319331.05001354,6658291.32000000,0.00483073
VALET,VALET 2018-2,Volkswagen Auto Loan Enhanced Trust 2018-2,9,926032.11000000,1378319331.05001354,7584323.43000000,0.00550259
VALET,VALET 2018-2,Volkswagen Auto Loan Enhanced Trust 2018-2,10,985768.19000000,1378319331.05001354,8570091.62000000,0.00621778
VALET,VALET 2018-2,Volkswagen Auto Loan Enhanced Trust 2018-2,11,863532.51000000,1378319331.05001354,9433624.13000000,0.00684430
VALET,VALET 2018-2,Volkswagen Auto Loan Enhanced Trust 2018-2,12,841836.17000000,1378319331.05001354,10275460.30000000,0.00745507
VALET,VALET 2018-2,Volkswagen Auto Loan Enhanced Trust 2018-2,13,685333.55000000,1378319331.05001354,10960793.85000000,0.00795229
VALET,VALET 2018-2,Volkswagen Auto Loan Enhanced Trust 2018-2,14,778338.64000000,1378319331.05001354,11739132.49000000,0.00851699
VALET,VALET 2018-2,Volkswagen Auto Loan Enhanced Trust 2018-2,15,1119470.68000000,1378319331.05001354,12858603.17000000,0.00932919
VALET,VALET 2018-2,Volkswagen Auto Loan Enhanced Trust 2018-2,16,886445.10000000,1378319331.05001354,13745048.27000000,0.00997232
VALET,VALET 2018-2,Volkswagen Auto Loan Enhanced Trust 2018-2,17,804217.63000000,1378319331.05001354,14549265.90000000,0.01055580
VALET,VALET 2018-2,Volkswagen Auto Loan Enhanced Trust 2018-2,18,714893.60000000,1378319331.05001354,15264159.50000000,0.01107447
VALET,VALET 2018-2,Volkswagen Auto Loan Enhanced Trust 2018-2,19,623807.93000000,1378319331.05001354,15887967.43000000,0.01152706
VALET,VALET 2018-2,Volkswagen Auto Loan Enhanced Trust 2018-2,20,458039.89000000,1378319331.05001354,16346007.32000000,0.01185938
VALET,VALET 2018-2,Volkswagen Auto Loan Enhanced Trust 2018-2,21,430013.84000000,1378319331.05001354,16776021.16000000,0.01217136
VALET,VALET 2018-2,Volkswagen Auto Loan Enhanced Trust 2018-2,22,370204.42000000,1378319331.05001354,17146225.58000000,0.01243995
VALET,VALET 2018-2,Volkswagen Auto Loan Enhanced Trust 2018-2,23,297612.57000000,1378319331.05001354,17443838.15000000,0.01265588
VALET,VALET 2018-2,Volkswagen Auto Loan Enhanced Trust 2018-2,24,436878.41000000,1378319331.05001354,17880716.56000000,0.01297284
VALET,VALET 2018-2,Volkswagen Auto Loan Enhanced Trust 2018-2,25,519567.44000000,1378319331.05001354,18400284.00000000,0.01334980
VALET,VALET 2018-2,Volkswagen Auto Loan Enhanced Trust 2018-2,26,480534.84000000,1378319331.05001354,18880818.84000000,0.01369844
VALET,VALET 2018-2,Volkswagen Auto Loan Enhanced Trust 2018-2,27,437200.77000000,1378319331.05001354,19318019.61000000,0.01401563
VALET,VALET 2018-2,Volkswagen Auto Loan Enhanced Trust 2018-2,28,402202.94000000,1378319331.05001354,19720222.55000000,0.01430744
VALET,VALET 2018-2,Volkswagen Auto Loan Enhanced Trust 2018-2,29,321565.58000000,1378319331.05001354,20041788.13000000,0.01454074
VALET,VALET 2018-2,Volkswagen Auto Loan Enhanced Trust 2018-2,30,355703.83000000,1378319331.05001354,20397491.96000000,0.01479881
VALET,VALET 2018-2,Volkswagen Auto Loan Enhanced Trust 2018-2,31,207041.67000000,1378319331.05001354,20604533.63000000,0.01494903
VALET,VALET 2018-2,Volkswagen Auto Loan Enhanced Trust 2018-2,32,126099.54000000,1378319331.05001354,20730633.17000000,0.01504052
VALET,VALET 2018-2,Volkswagen Auto Loan Enhanced Trust 2018-2,33,204636.08000000,1378319331.05001354,20935269.25000000,0.01518898
VALET,VALET 2018-2,Volkswagen Auto Loan Enhanced Trust 2018-2,34,109513.92000000,1378319331.05001354,21044783.17000000,0.01526844
VALET,VALET 2018-2,Volkswagen Auto Loan Enhanced Trust 2018-2,35,164244.71000000,1378319331.05001354,21209027.88000000,0.01538760
VALET,VALET 2018-2,Volkswagen Auto Loan Enhanced Trust 2018-2,36,146780.46000000,1378319331.05001354,21355808.34000000,0.01549409
VALET,VALET 2018-2,Volkswagen Auto Loan Enhanced Trust 2018-2,37,186255.97000000,1378319331.05001354,21542064.31000000,0.01562923
VALET,VALET 2018-2,Volkswagen Auto Loan Enhanced Trust 2018-2,38,143124.56000000,1378319331.05001354,21685188.87000000,0.01573307
VALET,VALET 2018-2,Volkswagen Auto Loan Enhanced Trust 2018-2,39,157857.09000000,1378319331.05001354,21843045.96000000,0.01584759
VALET,VALET 2018-2,Volkswagen Auto Loan Enhanced Trust 2018-2,40,101519.58000000,1378319331.05001354,21944565.54000000,0.01592125
VALET,VALET 2018-2,Volkswagen Auto Loan Enhanced Trust 2018-2,41,53000.80000000,1378319331.05001354,21997566.34000000,0.01595970
VALET,VALET 2018-2,Volkswagen Auto Loan Enhanced Trust 2018-2,42,95489.03000000,1378319331.05001354,22093055.37000000,0.01602898
VALET,VALET 2018-2,Volkswagen Auto Loan Enhanced Trust 2018-2,43,64327.80000000,1378319331.05001354,22157383.17000000,0.01607565
VALET,VALET 2020-1,Volkswagen Auto Loan Enhanced Trust 2020-1,2,623799.33000000,1575734576.09002185,623799.33000000,0.00039588
VALET,VALET 2020-1,Volkswagen Auto Loan Enhanced Trust 2020-1,3,1542437.89000000,1575734576.09002185,2166237.22000000,0.00137475
VALET,VALET 2020-1,Volkswagen Auto Loan Enhanced Trust 2020-1,4,1094193.87000000,1575734576.09002185,3260431.09000000,0.00206915
VALET,VALET 2020-1,Volkswagen Auto Loan Enhanced Trust 2020-1,5,1312962.58000000,1575734576.09002185,4573393.67000000,0.00290239
VALET,VALET 2020-1,Volkswagen Auto Loan Enhanced Trust 2020-1,6,1302049.98000000,1575734576.09002185,5875443.65000000,0.00372870
VALET,VALET 2020-1,Volkswagen Auto Loan Enhanced Trust 2020-1,7,834626.57000000,1575734576.09002185,6710070.22000000,0.00425838
VALET,VALET 2020-1,Volkswagen Auto Loan Enhanced Trust 2020-1,8,1268066.57000000,1575734576.09002185,7978136.79000000,0.00506312
VALET,VALET 2020-1,Volkswagen Auto Loan Enhanced Trust 2020-1,9,1093390.35000000,1575734576.09002185,9071527.14000000,0.00575701
VALET,VALET 2020-1,Volkswagen Auto Loan Enhanced Trust 2020-1,10,1019372.87000000,1575734576.09002185,10090900.01000000,0.00640393
VALET,VALET 2020-1,Volkswagen Auto Loan Enhanced Trust 2020-1,11,1167674.81000000,1575734576.09002185,11258574.82000000,0.00714497
VALET,VALET 2020-1,Volkswagen Auto Loan Enhanced Trust 2020-1,12,971136.22000000,1575734576.09002185,12229711.04000000,0.00776128
VALET,VALET 2020-1,Volkswagen Auto Loan Enhanced Trust 2020-1,13,610382.26000000,1575734576.09002185,12840093.30000000,0.00814864
VALET,VALET 2020-1,Volkswagen Auto Loan Enhanced Trust 2020-1,14,718211.41000000,1575734576.09002185,13558304.71000000,0.00860443
VALET,VALET 2020-1,Volkswagen Auto Loan Enhanced Trust 2020-1,15,641014.67000000,1575734576.09002185,14199319.38000000,0.00901124
VALET,VALET 2020-1,Volkswagen Auto Loan Enhanced Trust 2020-1,16,364401.95000000,1575734576.09002185,14563721.33000000,0.00924250
VALET,VALET 2020-1,Volkswagen Auto Loan Enhanced Trust 2020-1,17,540842.75000000,1575734576.09002185,15104564.08000000,0.00958573
VALET,VALET 2020-1,Volkswagen Auto Loan Enhanced Trust 2020-1,18,746515.77000000,1575734576.09002185,15851079.85000000,0.01005949
VALET,VALET 2020-1,Volkswagen Auto Loan Enhanced Trust 2020-1,19,429865.08000000,1575734576.09002185,16280944.93000000,0.01033229
VALET,VALET 2020-1,Volkswagen Auto Loan Enhanced Trust 2020-1,20,451171.01000000,1575734576.09002185,16732115.94000000,0.01061861
VALET,VALET 2020-1,Volkswagen Auto Loan Enhanced Trust 2020-1,21,361592.25000000,1575734576.09002185,17093708.19000000,0.01084809
VALET,VALET 2020-1,Volkswagen Auto Loan Enhanced Trust 2020-1,22,416227.90000000,1575734576.09002185,17509936.09000000,0.01111224
VALET,VALET 2020-1,Volkswagen Auto Loan Enhanced Trust 2020-1,23,414600.81000000,1575734576.09002185,17924536.90000000,0.01137535
VALET,VALET 2020-1,Volkswagen Auto Loan Enhanced Trust 2020-1,24,289929.48000000,1575734576.09002185,18214466.38000000,0.01155935
VALET,VALET 2020-1,Volkswagen Auto Loan Enhanced Trust 2020-1,25,348428.27000000,1575734576.09002185,18562894.65000000,0.01178047
VALET,VALET 2020-1,Volkswagen Auto Loan Enhanced Trust 2020-1,26,235565.95000000,1575734576.09002185,18798460.60000000,0.01192997
VALET,VALET 2020-1,Volkswagen Auto Loan Enhanced Trust 2020-1,27,253893.12000000,1575734576.09002185,19052353.72000000,0.01209109
VALET,VALET 2020-1,Volkswagen Auto Loan Enhanced Trust 2020-1,28,347582.64000000,1575734576.09002185,19399936.36000000,0.01231168
VALET,VALET 2020-1,Volkswagen Auto Loan Enhanced Trust 2020-1,29,240840.70000000,1575734576.09002185,19640777.06000000,0.01246452
VALET,VALET 2020-1,Volkswagen Auto Loan Enhanced Trust 2020-1,30,220235.61000000,1575734576.09002185,19861012.67000000,0.01260429
VALET,VALET 2020-1,Volkswagen Auto Loan Enhanced Trust 2020-1,31,319555.15000000,1575734576.09002185,20180567.82000000,0.01280709
VALET,VALET 2020-1,Volkswagen Auto Loan Enhanced Trust 2020-1,32,354119.45000000,1575734576.09002185,20534687.27000000,0.01303182
VALET,VALET 2020-1,Volkswagen Auto Loan Enhanced Trust 2020-1,33,303606.95000000,1575734576.09002185,20838294.22000000,0.01322450
VALET,VALET 2020-1,Volkswagen Auto Loan Enhanced Trust 2020-1,34,263438.29000000,1575734576.09002185,21101732.51000000,0.01339168
VALET,VALET 2020-1,Volkswagen Auto Loan Enhanced Trust 2020-1,35,158812.79000000,1575734576.09002185,21260545.30000000,0.01349247
VALET,VALET 2020-1,Volkswagen Auto Loan Enhanced Trust 2020-1,36,304554.12000000,1575734576.09002185,21565099.42000000,0.01368574
VALET,VALET 2020-1,Volkswagen Auto Loan Enhanced Trust 2020-1,37,82551.35000000,1575734576.09002185,21647650.77000000,0.01373813
VALET,VALET 2020-1,Volkswagen Auto Loan Enhanced Trust 2020-1,38,251242.38000000,1575734576.09002185,21898893.15000000,0.01389758
VALET,VALET 2020-1,Volkswagen Auto Loan Enhanced Trust 2020-1,39,246574.78000000,1575734576.09002185,22145467.93000000,0.01405406
VALET,VALET 2020-1,Volkswagen Auto Loan Enhanced Trust 2020-1,40,123995.92000000,1575734576.09002185,22269463.85000000,0.01413275
VALET,VALET 2020-1,Volkswagen Auto Loan Enhanced Trust 2020-1,41,113719.61000000,1575734576.09002185,22383183.46000000,0.01420492
VALET,VALET 2020-1,Volkswagen Auto Loan Enhanced Trust 2020-1,42,204607.66000000,1575734576.09002185,22587791.12000000,0.01433477
VALET,VALET 2020-1,Volkswagen Auto Loan Enhanced Trust 2020-1,43,298640.03000000,1575734576.09002185,22886431.15000000,0.01452429
VALET,VALET 2020-1,Volkswagen Auto Loan Enhanced Trust 2020-1,44,147978.23000000,1575734576.09002185,23034409.38000000,0.01461820
VALET,VALET 2021-1,Volkswagen Auto Loan Enhanced Trust 2021-1,2,446457.50000000,2279414134.47003651,446457.50000000,0.00019587
VALET,VALET 2021-1,Volkswagen Auto Loan Enhanced Trust 2021-1,3,790297.03000000,2279414134.47003651,1236754.53000000,0.00054258
VALET,VALET 2021-1,Volkswagen Auto Loan Enhanced Trust 2021-1,4,647659.18000000,2279414134.47003651,1884413.71000000,0.00082671
VALET,VALET 2021-1,Volkswagen Auto Loan Enhanced Trust 2021-1,5,722619.91000000,2279414134.47003651,2607033.62000000,0.00114373
VALET,VALET 2021-1,Volkswagen Auto Loan Enhanced Trust 2021-1,6,597387.78000000,2279414134.47003651,3204421.40000000,0.00140581
VALET,VALET 2021-1,Volkswagen Auto Loan Enhanced Trust 2021-1,7,447657.36000000,2279414134.47003651,3652078.76000000,0.00160220
VALET,VALET 2021-1,Volkswagen Auto Loan Enhanced Trust 2021-1,8,699999.71000000,2279414134.47003651,4352078.47000000,0.00190930
VALET,VALET 2021-1,Volkswagen Auto Loan Enhanced Trust 2021-1,9,563099.38000000,2279414134.47003651,4915177.85000000,0.00215633
VALET,VALET 2021-1,Volkswagen Auto Loan Enhanced Trust 2021-1,10,695053.43000000,2279414134.47003651,5610231.28000000,0.00246126
VALET,VALET 2021-1,Volkswagen Auto Loan Enhanced Trust 2021-1,11,794782.71000000,2279414134.47003651,6405013.99000000,0.00280994
VALET,VALET 2021-1,Volkswagen Auto Loan Enhanced Trust 2021-1,12,812565.40000000,2279414134.47003651,7217579.39000000,0.00316642
VALET,VALET 2021-1,Volkswagen Auto Loan Enhanced Trust 2021-1,13,691151.83000000,2279414134.47003651,7908731.22000000,0.00346963
VALET,VALET 2021-1,Volkswagen Auto Loan Enhanced Trust 2021-1,14,566860.99000000,2279414134.47003651,8475592.21000000,0.00371832
VALET,VALET 2021-1,Volkswagen Auto Loan Enhanced Trust 2021-1,15,841901.65000000,2279414134.47003651,9317493.86000000,0.00408767
VALET,VALET 2021-1,Volkswagen Auto Loan Enhanced Trust 2021-1,16,624057.90000000,2279414134.47003651,9941551.76000000,0.00436145
VALET,VALET 2021-1,Volkswagen Auto Loan Enhanced Trust 2021-1,17,813647.33000000,2279414134.47003651,10755199.09000000,0.00471841
VALET,VALET 2021-1,Volkswagen Auto Loan Enhanced Trust 2021-1,18,721460.24000000,2279414134.47003651,11476659.33000000,0.00503492
VALET,VALET 2021-1,Volkswagen Auto Loan Enhanced Trust 2021-1,19,743760.68000000,2279414134.47003651,12220420.01000000,0.00536121
VALET,VALET 2021-1,Volkswagen Auto Loan Enhanced Trust 2021-1,20,804973.15000000,2279414134.47003651,13025393.16000000,0.00571436
VALET,VALET 2021-1,Volkswagen Auto Loan Enhanced Trust 2021-1,21,901823.66000000,2279414134.47003651,13927216.82000000,0.00611000
VALET,VALET 2021-1,Volkswagen Auto Loan Enhanced Trust 2021-1,22,638356.24000000,2279414134.47003651,14565573.06000000,0.00639005
VALET,VALET 2021-1,Volkswagen Auto Loan Enhanced Trust 2021-1,23,714275.08000000,2279414134.47003651,15279848.14000000,0.00670341
VALET,VALET 2021-1,Volkswagen Auto Loan Enhanced Trust 2021-1,24,609468.72000000,2279414134.47003651,15889316.86000000,0.00697079
VALET,VALET 2021-1,Volkswagen Auto Loan Enhanced Trust 2021-1,25,942351.44000000,2279414134.47003651,16831668.30000000,0.00738421
VALET,VALET 2021-1,Volkswagen Auto Loan Enhanced Trust 2021-1,26,803878.79000000,2279414134.47003651,17635547.09000000,0.00773688
VALET,VALET 2021-1,Volkswagen Auto Loan Enhanced Trust 2021-1,27,368292.80000000,2279414134.47003651,18003839.89000000,0.00789845
VALET,VALET 2021-1,Volkswagen Auto Loan Enhanced Trust 2021-1,28,702122.31000000,2279414134.47003651,18705962.20000000,0.00820648
VALET,VALET 2021-1,Volkswagen Auto Loan Enhanced Trust 2021-1,29,482614.51000000,2279414134.47003651,19188576.71000000,0.00841821
VALET,VALET 2021-1,Volkswagen Auto Loan Enhanced Trust 2021-1,30,445919.18000000,2279414134.47003651,19634495.89000000,0.00861383
VALET,VALET 2021-1,Volkswagen Auto Loan Enhanced Trust 2021-1,31,457164.73000000,2279414134.47003651,20091660.62000000,0.00881440
VALET,VALET 2021-1,Volkswagen Auto Loan Enhanced Trust 2021-1,32,523406.00000000,2279414134.47003651,20615066.62000000,0.00904402
VALET,VALET 2021-1,Volkswagen Auto Loan Enhanced Trust 2021-1,33,367236.14000000,2279414134.47003651,20982302.76000000,0.00920513
VALET,VALET 2021-1,Volkswagen Auto Loan Enhanced Trust 2021-1,34,282452.25000000,2279414134.47003651,21264755.01000000,0.00932904
VALET,VALET 2021-1,Volkswagen Auto Loan Enhanced Trust 2021-1,35,314942.57000000,2279414134.47003651,21579697.58000000,0.00946721
VALET,VALET 2021-1,Volkswagen Auto Loan Enhanced Trust 2021-1,36,427871.91000000,2279414134.47003651,22007569.49000000,0.00965492
VALET,VALET 2021-1,Volkswagen Auto Loan Enhanced Trust 2021-1,37,371534.37000000,2279414134.47003651,22379103.86000000,0.00981792
VALET,VALET 2021-1,Volkswagen Auto Loan Enhanced Trust 2021-1,38,429522.27000000,2279414134.47003651,22808626.13000000,0.01000635
VALET,VALET 2021-1,Volkswagen Auto Loan Enhanced Trust 2021-1,39,426055.06000000,2279414134.47003651,23234681.19000000,0.01019327
VALET,VALET 2021-1,Volkswagen Auto Loan Enhanced Trust 2021-1,40,205229.30000000,2279414134.47003651,23439910.49000000,0.01028330
VALET,VALET 2021-1,Volkswagen Auto Loan Enhanced Trust 2021-1,41,164640.09000000,2279414134.47003651,23604550.58000000,0.01035553
VALET,VALET 2021-1,Volkswagen Auto Loan Enhanced Trust 2021-1,42,190432.80000000,2279414134.47003651,23794983.38000000,0.01043908
VALET,VALET 2021-1,Volkswagen Auto Loan Enhanced Trust 2021-1,43,104105.84000000,2279414134.47003651,23899089.22000000,0.01048475
VALET,VALET 2021-1,Volkswagen Auto Loan Enhanced Trust 2021-1,44,198386.69000000,2279414134.47003651,24097475.91000000,0.01057178
VALET,VALET 2021-1,Volkswagen Auto Loan Enhanced Trust 2021-1,45,174564.26000000,2279414134.47003651,24272040.17000000,0.01064837
VALET,VALET 2023-1,Volkswagen Auto Loan Enhanced Trust 2023-1,1,1514711.57000000,1982528583.81002164,1514711.57000000,0.00076403
VALET,VALET 2023-1,Volkswagen Auto Loan Enhanced Trust 2023-1,2,1054161.51000000,1982528583.81002164,2568873.08000000,0.00129576
VALET,VALET 2023-1,Volkswagen Auto Loan Enhanced Trust 2023-1,3,2102056.26000000,1982528583.81002164,4670929.34000000,0.00235605
VALET,VALET 2023-1,Volkswagen Auto Loan Enhanced Trust 2023-1,4,1664647.48000000,1982528583.81002164,6335576.82000000,0.00319571
VALET,VALET 2023-1,Volkswagen Auto Loan Enhanced Trust 2023-1,5,2086865.15000000,1982528583.81002164,8422441.97000000,0.00424833
VALET,VALET 2023-1,Volkswagen Auto Loan Enhanced Trust 2023-1,6,2890550.36000000,1982528583.81002164,11312992.33000000,0.00570635
VALET,VALET 2023-1,Volkswagen Auto Loan Enhanced Trust 2023-1,7,2345204.12000000,1982528583.81002164,13658196.45000000,0.00688928
VALET,VALET 2023-1,Volkswagen Auto Loan Enhanced Trust 2023-1,8,3092469.44000000,1982528583.81002164,16750665.89000000,0.00844914
VALET,VALET 2023-1,Volkswagen Auto Loan Enhanced Trust 2023-1,9,2986412.69000000,1982528583.81002164,19737078.58000000,0.00995551
VALET,VALET 2023-1,Volkswagen Auto Loan Enhanced Trust 2023-1,10,3165734.78000000,1982528583.81002164,22902813.36000000,0.01155232
VALET,VALET 2023-1,Volkswagen Auto Loan Enhanced Trust 2023-1,11,2477805.87000000,1982528583.81002164,25380619.23000000,0.01280215
VALET,VALET 2023-1,Volkswagen Auto Loan Enhanced Trust 2023-1,12,1964573.69000000,1982528583.81002164,27345192.92000000,0.01379309
VALET,VALET 2023-1,Volkswagen Auto Loan Enhanced Trust 2023-1,13,2815259.50000000,1982528583.81002164,30160452.42000000,0.01521312
VALET,VALET 2023-1,Volkswagen Auto Loan Enhanced Trust 2023-1,14,2097257.70000000,1982528583.81002164,32257710.12000000,0.01627099
VALET,VALET 2023-1,Volkswagen Auto Loan Enhanced Trust 2023-1,15,2166367.31000000,1982528583.81002164,34424077.43000000,0.01736372
VALET,VALET 2023-1,Volkswagen Auto Loan Enhanced Trust 2023-1,16,2520631.82000000,1982528583.81002164,36944709.25000000,0.01863515
VALET,VALET 2023-1,Volkswagen Auto Loan Enhanced Trust 2023-1,17,2400605.13000000,1982528583.81002164,39345314.38000000,0.01984603
VALET,VALET 2023-1,Volkswagen Auto Loan Enhanced Trust 2023-1,18,2528805.44000000,1982528583.81002164,41874119.82000000,0.02112157
VALET,VALET 2023-1,Volkswagen Auto Loan Enhanced Trust 2023-1,19,2602166.17000000,1982528583.81002164,44476285.98999999,0.02243412
VALET,VALET 2023-1,Volkswagen Auto Loan Enhanced Trust 2023-1,20,1879247.51000000,1982528583.81002164,46355533.50000000,0.02338203
VALET,VALET 2023-1,Volkswagen Auto Loan Enhanced Trust 2023-1,21,2174268.59000000,1982528583.81002164,48529802.09000000,0.02447874
VALET,VALET 2023-1,Volkswagen Auto Loan Enhanced Trust 2023-1,22,1693785.14000000,1982528583.81002164,50223587.23000000,0.02533310
VALET,VALET 2023-1,Volkswagen Auto Loan Enhanced Trust 2023-1,23,1821497.89000000,1982528583.81002164,52045085.12000000,0.02625187
VALET,VALET 2023-1,Volkswagen Auto Loan Enhanced Trust 2023-1,24,1305945.77000000,1982528583.81002164,53351030.89000000,0.02691060
VALET,VALET 2023-1,Volkswagen Auto Loan Enhanced Trust 2023-1,25,1072477.70000000,1982528583.81002164,54423508.59000000,0.02745156
VALET,VALET 2023-1,Volkswagen Auto Loan Enhanced Trust 2023-1,26,1495991.24000000,1982528583.81002164,55919499.83000000,0.02820615
VALET,VALET 2023-1,Volkswagen Auto Loan Enhanced Trust 2023-1,27,1262693.98000000,1982528583.81002164,57182193.80999999,0.02884306
VALET,VALET 2023-1,Volkswagen Auto Loan Enhanced Trust 2023-1,28,1174881.15000000,1982528583.81002164,58357074.96000000,0.02943568
VALET,VALET 2023-1,Volkswagen Auto Loan Enhanced Trust 2023-1,29,1263455.08000000,1982528583.81002164,59620530.04000000,0.03007297
VALET,VALET 2023-1,Volkswagen Auto Loan Enhanced Trust 2023-1,30,1152344.81000000,1982528583.81002164,60772874.85000000,0.03065422
VALET,VALET 2023-1,Volkswagen Auto Loan Enhanced Trust 2023-1,31,1009988.51000000,1982528583.81002164,61782863.36000000,0.03116367
VALET,VALET 2023-1,Volkswagen Auto Loan Enhanced Trust 2023-1,32,866995.96000000,1982528583.81002164,62649859.32000000,0.03160099
VALET,VALET 2023-1,Volkswagen Auto Loan Enhanced Trust 2023-1,33,1084650.05000000,1982528583.81002164,63734509.37000000,0.03214809
VALET,VALET 2023-1,Volkswagen Auto Loan Enhanced Trust 2023-1,34,1065815.69000000,1982528583.81002164,64800325.06000000,0.03268570
VALET,VALET 2023-1,Volkswagen Auto Loan Enhanced Trust 2023-1,35,831263.71000000,1982528583.81002164,65631588.77000000,0.03310499
VALET,VALET 2023-1,Volkswagen Auto Loan Enhanced Trust 2023-1,36,832112.55000000,1982528583.81002164,66463701.32000000,0.03352471
VALET,VALET 2023-1,Volkswagen Auto Loan Enhanced Trust 2023-1,37,721110.26000000,1982528583.81002164,67184811.58000000,0.03388845
VALET,VALET 2023-1,Volkswagen Auto Loan Enhanced Trust 2023-1,38,728018.75000000,1982528583.81002164,67912830.33000000,0.03425566
VALET,VALET 2023-2,Volkswagen Auto Loan Enhanced Trust 2023-2,2,830667.75000000,2007162110.62003899,830667.75000000,0.00041385
VALET,VALET 2023-2,Volkswagen Auto Loan Enhanced Trust 2023-2,3,1965805.18000000,2007162110.62003899,2796472.93000000,0.00139325
VALET,VALET 2023-2,Volkswagen Auto Loan Enhanced Trust 2023-2,4,2361267.82000000,2007162110.62003899,5157740.75000000,0.00256967
VALET,VALET 2023-2,Volkswagen Auto Loan Enhanced Trust 2023-2,5,2107186.92000000,2007162110.62003899,7264927.67000000,0.00361950
VALET,VALET 2023-2,Volkswagen Auto Loan Enhanced Trust 2023-2,6,1876178.98000000,2007162110.62003899,9141106.65000000,0.00455424
VALET,VALET 2023-2,Volkswagen Auto Loan Enhanced Trust 2023-2,7,1887948.65000000,2007162110.62003899,11029055.30000000,0.00549485
VALET,VALET 2023-2,Volkswagen Auto Loan Enhanced Trust 2023-2,8,2596717.21000000,2007162110.62003899,13625772.51000000,0.00678858
VALET,VALET 2023-2,Volkswagen Auto Loan Enhanced Trust 2023-2,9,2059766.16000000,2007162110.62003899,15685538.67000000,0.00781478
VALET,VALET 2023-2,Volkswagen Auto Loan Enhanced Trust 2023-2,10,2844553.07000000,2007162110.62003899,18530091.74000000,0.00923199
VALET,VALET 2023-2,Volkswagen Auto Loan Enhanced Trust 2023-2,11,2174244.63000000,2007162110.62003899,20704336.37000000,0.01031523
VALET,VALET 2023-2,Volkswagen Auto Loan Enhanced Trust 2023-2,12,2317476.95000000,2007162110.62003899,23021813.32000000,0.01146983
VALET,VALET 2023-2,Volkswagen Auto Loan Enhanced Trust 2023-2,13,2240698.14000000,2007162110.62003899,25262511.46000000,0.01258618
VALET,VALET 2023-2,Volkswagen Auto Loan Enhanced Trust 2023-2,14,1595552.31000000,2007162110.62003899,26858063.77000000,0.01338111
VALET,VALET 2023-2,Volkswagen Auto Loan Enhanced Trust 2023-2,15,2110151.99000000,2007162110.62003899,28968215.76000000,0.01443242
VALET,VALET 2023-2,Volkswagen Auto Loan Enhanced Trust 2023-2,16,2357251.16000000,2007162110.62003899,31325466.92000000,0.01560684
VALET,VALET 2023-2,Volkswagen Auto Loan Enhanced Trust 2023-2,17,1724826.01000000,2007162110.62003899,33050292.93000000,0.01646618
VALET,VALET 2023-2,Volkswagen Auto Loan Enhanced Trust 2023-2,18,1784033.49000000,2007162110.62003899,34834326.42000000,0.01735501
VALET,VALET 2023-2,Volkswagen Auto Loan Enhanced Trust 2023-2,19,1374192.82000000,2007162110.62003899,36208519.24000000,0.01803966
VALET,VALET 2023-2,Volkswagen Auto Loan Enhanced Trust 2023-2,20,1641063.99000000,2007162110.62003899,37849583.23000000,0.01885726
VALET,VALET 2023-2,Volkswagen Auto Loan Enhanced Trust 2023-2,21,1366926.33000000,2007162110.62003899,39216509.56000000,0.01953829
VALET,VALET 2023-2,Volkswagen Auto Loan Enhanced Trust 2023-2,22,1877666.99000000,2007162110.62003899,41094176.55000000,0.02047377
VALET,VALET 2023-2,Volkswagen Auto Loan Enhanced Trust 2023-2,23,1729113.06000000,2007162110.62003899,42823289.61000000,0.02133524
VALET,VALET 2023-2,Volkswagen Auto Loan Enhanced Trust 2023-2,24,1737748.50000000,2007162110.62003899,44561038.11000000,0.02220102
VALET,VALET 2023-2,Volkswagen Auto Loan Enhanced Trust 2023-2,25,1463997.57000000,2007162110.62003899,46025035.68000000,0.02293040
VALET,VALET 2023-2,Volkswagen Auto Loan Enhanced Trust 2023-2,26,1161473.58000000,2007162110.62003899,47186509.26000000,0.02350907
VALET,VALET 2023-2,Volkswagen Auto Loan Enhanced Trust 2023-2,27,1049757.90000000,2007162110.62003899,48236267.16000000,0.02403207
VALET,VALET 2023-2,Volkswagen Auto Loan Enhanced Trust 2023-2,28,1853489.93000000,2007162110.62003899,50089757.09000000,0.02495551
VALET,VALET 2023-2,Volkswagen Auto Loan Enhanced Trust 2023-2,29,1032130.76000000,2007162110.62003899,51121887.85000000,0.02546974
VALET,VALET 2023-2,Volkswagen Auto Loan Enhanced Trust 2023-2,30,1100747.13000000,2007162110.62003899,52222634.98000000,0.02601815
VALET,VALET 2023-2,Volkswagen Auto Loan Enhanced Trust 2023-2,31,912067.28000000,2007162110.62003899,53134702.26000000,0.02647255
VALET,VALET 2023-2,Volkswagen Auto Loan Enhanced Trust 2023-2,32,656211.99000000,2007162110.62003899,53790914.25000000,0.02679949
VALET,VALET 2023-2,Volkswagen Auto Loan Enhanced Trust 2023-2,33,885335.70000000,2007162110.62003899,54676249.95000000,0.02724057
VALET,VALET 2024-1,Volkswagen Auto Loan Enhanced Trust 2024-1,2,1714383.41000000,1971737069.40002060,1714383.41000000,0.00086948
VALET,VALET 2024-1,Volkswagen Auto Loan Enhanced Trust 2024-1,3,2529455.61000000,1971737069.40002060,4243839.02000000,0.00215234
VALET,VALET 2024-1,Volkswagen Auto Loan Enhanced Trust 2024-1,4,3565998.01000000,1971737069.40002060,7809837.03000000,0.00396089
VALET,VALET 2024-1,Volkswagen Auto Loan Enhanced Trust 2024-1,5,3061435.94000000,1971737069.40002060,10871272.97000000,0.00551355
VALET,VALET 2024-1,Volkswagen Auto Loan Enhanced Trust 2024-1,6,3245393.33000000,1971737069.40002060,14116666.30000000,0.00715951
VALET,VALET 2024-1,Volkswagen Auto Loan Enhanced Trust 2024-1,7,2701108.39000000,1971737069.40002060,16817774.69000000,0.00852942
VALET,VALET 2024-1,Volkswagen Auto Loan Enhanced Trust 2024-1,8,2879154.26000000,1971737069.40002060,19696928.95000000,0.00998963
VALET,VALET 2024-1,Volkswagen Auto Loan Enhanced Trust 2024-1,9,2006003.99000000,1971737069.40002060,21702932.94000000,0.01100701
VALET,VALET 2024-1,Volkswagen Auto Loan Enhanced Trust 2024-1,10,2524539.18000000,1971737069.40002060,24227472.12000000,0.01228737
VALET,VALET 2024-1,Volkswagen Auto Loan Enhanced Trust 2024-1,11,2153634.61000000,1971737069.40002060,26381106.73000000,0.01337963
VALET,VALET 2024-1,Volkswagen Auto Loan Enhanced Trust 2024-1,12,2196094.68000000,1971737069.40002060,28577201.41000000,0.01449341
VALET,VALET 2024-1,Volkswagen Auto Loan Enhanced Trust 2024-1,13,2176152.43000000,1971737069.40002060,30753353.84000000,0.01559709
VALET,VALET 2024-1,Volkswagen Auto Loan Enhanced Trust 2024-1,14,2344210.56000000,1971737069.40002060,33097564.40000000,0.01678599
VALET,VALET 2024-1,Volkswagen Auto Loan Enhanced Trust 2024-1,15,2365977.01000000,1971737069.40002060,35463541.41000000,0.01798594
VALET,VALET 2024-1,Volkswagen Auto Loan Enhanced Trust 2024-1,16,2549002.27000000,1971737069.40002060,38012543.68000000,0.01927871
VALET,VALET 2024-1,Volkswagen Auto Loan Enhanced Trust 2024-1,17,2426462.63000000,1971737069.40002060,40439006.31000000,0.02050933
VALET,VALET 2024-1,Volkswagen Auto Loan Enhanced Trust 2024-1,18,1926692.82000000,1971737069.40002060,42365699.13000000,0.02148649
VALET,VALET 2024-1,Volkswagen Auto Loan Enhanced Trust 2024-1,19,2216563.61000000,1971737069.40002060,44582262.74000000,0.02261065
VALET,VALET 2024-1,Volkswagen Auto Loan Enhanced Trust 2024-1,20,1654221.49000000,1971737069.40002060,46236484.23000000,0.02344962
VALET,VALET 2024-1,Volkswagen Auto Loan Enhanced Trust 2024-1,21,1756290.11000000,1971737069.40002060,47992774.34000000,0.02434035
VALET,VALET 2025-1,Volkswagen Auto Loan Enhanced Trust 2025-1,2,1686769.77000000,1754881915.20001149,1686769.77000000,0.00096119
VALET,VALET 2025-1,Volkswagen Auto Loan Enhanced Trust 2025-1,3,2263252.91000000,1754881915.20001149,3950022.68000000,0.00225088
VALET,VALET 2025-1,Volkswagen Auto Loan Enhanced Trust 2025-1,4,1952868.81000000,1754881915.20001149,5902891.49000000,0.00336370
VALET,VALET 2025-1,Volkswagen Auto Loan Enhanced Trust 2025-1,5,2490530.00000000,1754881915.20001149,8393421.49000000,0.00478290
VALET,VALET 2025-1,Volkswagen Auto Loan Enhanced Trust 2025-1,6,2080019.17000000,1754881915.20001149,10473440.66000000,0.00596817
VALET,VALET 2025-1,Volkswagen Auto Loan Enhanced Trust 2025-1,7,1994197.29000000,1754881915.20001149,12467637.95000000,0.00710455
VALET,VALET 2025-1,Volkswagen Auto Loan Enhanced Trust 2025-1,8,2436108.44000000,1754881915.20001149,14903746.39000000,0.00849273
VALET,VALET 2025-1,Volkswagen Auto Loan Enhanced Trust 2025-1,9,1970052.23000000,1754881915.20001149,16873798.62000000,0.00961535
VALET,VALET 2025-1,Volkswagen Auto Loan Enhanced Trust 2025-1,10,1725612.00000000,1754881915.20001149,18599410.62000000,0.01059867
VALET,VALET 2025-1,Volkswagen Auto Loan Enhanced Trust 2025-1,11,2080520.74000000,1754881915.20001149,20679931.36000000,0.01178423
VALET,VALET 2025-1,Volkswagen Auto Loan Enhanced Trust 2025-1,12,2354503.51000000,1754881915.20001149,23034434.87000000,0.01312592
VALET,VALET 2025-1,Volkswagen Auto Loan Enhanced Trust 2025-1,13,2832500.77000000,1754881915.20001149,25866935.64000000,0.01473999
VALET,VALET 2025-1,Volkswagen Auto Loan Enhanced Trust 2025-1,14,2071020.16000000,1754881915.20001149,27937955.80000000,0.01592013
VALET,VALET 2025-1,Volkswagen Auto Loan Enhanced Trust 2025-1,15,1708947.37000000,1754881915.20001149,29646903.17000000,0.01689396
VALET,VALET 2025-1,Volkswagen Auto Loan Enhanced Trust 2025-1,16,1789736.51000000,1754881915.20001149,31436639.68000000,0.01791382
VALET,VALET 2025-1,Volkswagen Auto Loan Enhanced Trust 2025-1,17,1853578.35000000,1754881915.20001149,33290218.03000000,0.01897006
VALET,VALET 2025-2,Volkswagen Auto Loan Enhanced Trust 2025-2,2,724105.97000000,1380790245.51000142,724105.97000000,0.00052441
VALET,VALET 2025-2,Volkswagen Auto Loan Enhanced Trust 2025-2,3,1861173.38000000,1380790245.51000142,2585279.35000000,0.00187232
VALET,VALET 2025-2,Volkswagen Auto Loan Enhanced Trust 2025-2,4,2468735.97000000,1380790245.51000142,5054015.32000000,0.00366023
VALET,VALET 2025-2,Volkswagen Auto Loan Enhanced Trust 2025-2,5,1994518.39000000,1380790245.51000142,7048533.71000000,0.00510471
VALET,VALET 2025-2,Volkswagen Auto Loan Enhanced Trust 2025-2,6,2361859.41000000,1380790245.51000142,9410393.12000000,0.00681522
VALET,VALET 2025-2,Volkswagen Auto Loan Enhanced Trust 2025-2,7,1797025.72000000,1380790245.51000142,11207418.84000000,0.00811667
VALET,VALET 2025-2,Volkswagen Auto Loan Enhanced Trust 2025-2,8,2052513.93000000,1380790245.51000142,13259932.77000000,0.00960315
VALET,VALET 2025-2,Volkswagen Auto Loan Enhanced Trust 2025-2,9,1420838.99000000,1380790245.51000142,14680771.76000000,0.01063215
